CUSTOMER_ID,CITY,PREFERRED_CUISINE,PRE_ORDER_COUNT,CRISIS_ORDER_COUNT,ORDER_FREQUENCY_DROP,PRE_RATING,CRISIS_RATING,RATING_DROP,AVG_DELIVERY_DELAY
CUST041121,Bengaluru,Healthy,6,0,6,4.000000,,,
CUST103227,Pune,Fast Food,5,0,5,4.666667,,,
CUST163628,Chennai,South Indian,5,0,5,5.000000,,,
CUST176132,Pune,Biryani,5,0,5,4.500000,,,
CUST032044,Mumbai,Chinese,5,0,5,5.000000,,,
CUST107785,Delhi,North Indian,5,0,5,4.500000,,,
CUST034992,Pune,Chinese,5,0,5,4.500000,,,
CUST125990,Chennai,Healthy,5,0,5,4.500000,,,
CUST014076,Pune,Pizza,5,0,5,5.000000,,,
CUST086938,Delhi,Chinese,5,0,5,5.000000,,,
CUST082992,Kolkata,Pizza,5,0,5,4.500000,,,
CUST078309,Kolkata,Fast Food,5,0,5,5.000000,,,
CUST036233,Pune,South Indian,5,0,5,4.500000,,,
CUST194671,Hyderabad,Pizza,5,0,5,4.000000,,,
CUST124189,Chennai,Desserts,5,0,5,4.333333,,,
CUST076253,Hyderabad,Desserts,5,0,5,4.333333,,,
CUST032334,Bengaluru,South Indian,5,0,5,5.000000,,,
CUST188511,Kolkata,Biryani,5,0,5,4.500000,,,
CUST020252,Chennai,Chinese,5,0,5,4.500000,,,
CUST144684,Pune,South Indian,5,0,5,4.666667,,,
CUST064951,Mumbai,North Indian,5,0,5,4.500000,,,
CUST011220,Kolkata,South Indian,5,0,5,4.000000,,,
CUST056893,Hyderabad,Biryani,5,0,5,,,,
CUST157798,Chennai,Biryani,5,0,5,5.000000,,,
CUST062877,Chennai,Chinese,5,0,5,4.666667,,,
CUST041953,Mumbai,Pizza,5,0,5,5.000000,,,
CUST041916,Bengaluru,North Indian,5,0,5,4.500000,,,
CUST072644,Mumbai,South Indian,5,0,5,4.666667,,,
CUST042658,Delhi,South Indian,5,0,5,5.000000,,,
CUST179266,Delhi,Healthy,5,0,5,4.333333,,,
CUST192783,Delhi,Chinese,5,0,5,4.666667,,,
CUST082306,Bengaluru,North Indian,5,0,5,4.000000,,,
CUST069956,Bengaluru,Fast Food,5,0,5,5.000000,,,
CUST076309,Mumbai,Biryani,6,1,5,4.250000,,,32.000000
CUST110300,Chennai,Pizza,5,0,5,4.500000,,,
CUST109617,Mumbai,Biryani,5,0,5,5.000000,,,
CUST133854,Delhi,Fast Food,5,0,5,4.000000,,,
CUST165515,Pune,Chinese,5,0,5,5.000000,,,
CUST083875,Pune,Chinese,5,0,5,5.000000,,,
CUST077722,Delhi,North Indian,5,0,5,4.000000,,,
CUST109591,Kolkata,Healthy,5,0,5,5.000000,,,
CUST110481,Pune,Healthy,5,0,5,4.250000,,,
CUST136890,Bengaluru,North Indian,5,0,5,4.000000,,,
CUST151152,Bengaluru,Chinese,4,0,4,4.250000,,,
CUST171292,Delhi,Pizza,4,0,4,4.666667,,,
CUST051448,Chennai,Chinese,4,0,4,,,,
CUST157777,Mumbai,Healthy,4,0,4,4.000000,,,
CUST115412,Ahmedabad,Chinese,4,0,4,4.500000,,,
CUST066997,Pune,North Indian,4,0,4,4.500000,,,
CUST025804,Hyderabad,Pizza,4,0,4,4.500000,,,
CUST004634,Mumbai,South Indian,4,0,4,5.000000,,,
CUST120460,Mumbai,North Indian,4,0,4,,,,
CUST073640,Kolkata,South Indian,4,0,4,4.666667,,,
CUST159672,Bengaluru,South Indian,4,0,4,4.666667,,,
CUST116631,Chennai,North Indian,4,0,4,4.500000,,,
CUST153308,Bengaluru,North Indian,4,0,4,4.500000,,,
CUST098668,Bengaluru,Biryani,4,0,4,5.000000,,,
CUST166126,Ahmedabad,Pizza,4,0,4,4.500000,,,
CUST002215,Bengaluru,Desserts,4,0,4,,,,
CUST153322,Bengaluru,Fast Food,4,0,4,5.000000,,,
CUST088377,Mumbai,Fast Food,4,0,4,4.000000,,,
CUST102685,Delhi,South Indian,4,0,4,4.000000,,,
CUST140048,Chennai,North Indian,4,0,4,4.666667,,,
CUST111692,Bengaluru,Fast Food,4,0,4,4.000000,,,
CUST132013,Bengaluru,Pizza,4,0,4,5.000000,,,
CUST017323,Bengaluru,Healthy,4,0,4,5.000000,,,
CUST127830,Kolkata,Pizza,4,0,4,5.000000,,,
CUST146837,Hyderabad,South Indian,4,0,4,5.000000,,,
CUST097875,Chennai,Biryani,4,0,4,4.500000,,,
CUST112653,Chennai,North Indian,4,0,4,,5.000000,,
CUST143905,Kolkata,South Indian,4,0,4,5.000000,,,
CUST087430,Delhi,Chinese,4,0,4,4.500000,,,
CUST003376,Mumbai,Healthy,4,0,4,4.333333,,,
CUST158185,Hyderabad,Chinese,4,0,4,5.000000,,,
CUST034337,Bengaluru,North Indian,4,0,4,5.000000,,,
CUST170065,Bengaluru,Desserts,4,0,4,4.500000,,,
CUST011958,Bengaluru,Biryani,4,0,4,5.000000,,,
CUST048448,Mumbai,North Indian,4,0,4,4.500000,,,
CUST193097,Bengaluru,Desserts,4,0,4,4.500000,,,
CUST166263,Mumbai,Pizza,4,0,4,4.666667,,,
CUST121779,Pune,Biryani,4,0,4,5.000000,,,
CUST046330,Bengaluru,Biryani,4,0,4,4.666667,,,
CUST074868,Hyderabad,Pizza,4,0,4,4.666667,,,
CUST086357,Bengaluru,Fast Food,4,0,4,5.000000,,,
CUST007483,Delhi,Chinese,4,0,4,4.666667,,,
CUST040630,Delhi,South Indian,4,0,4,5.000000,,,
CUST111428,Ahmedabad,Chinese,4,0,4,4.500000,,,
CUST040149,Mumbai,Chinese,4,0,4,4.500000,,,
CUST003506,Bengaluru,Chinese,4,0,4,5.000000,,,
CUST169485,Bengaluru,Chinese,4,0,4,4.500000,,,
CUST146712,Bengaluru,Pizza,4,0,4,4.500000,,,
CUST159762,Ahmedabad,Biryani,4,0,4,5.000000,,,
CUST154874,Ahmedabad,Chinese,4,0,4,4.000000,,,
CUST059230,Hyderabad,North Indian,4,0,4,,,,
CUST159150,Bengaluru,North Indian,4,0,4,5.000000,,,
CUST061515,Hyderabad,Fast Food,4,0,4,4.000000,,,
CUST034988,Delhi,Chinese,4,0,4,4.500000,,,
CUST193441,Ahmedabad,North Indian,4,0,4,4.500000,,,
CUST167490,Hyderabad,South Indian,4,0,4,4.666667,,,
CUST135800,Delhi,Chinese,4,0,4,4.333333,,,
CUST171543,Mumbai,Pizza,4,0,4,4.333333,,,
CUST138308,Mumbai,Healthy,4,0,4,5.000000,,,
CUST007904,Chennai,Chinese,4,0,4,4.500000,,,
CUST088648,Bengaluru,North Indian,4,0,4,5.000000,,,
CUST017393,Mumbai,Pizza,4,0,4,4.500000,,,
CUST126334,Hyderabad,Biryani,4,0,4,5.000000,,,
CUST148145,Pune,Desserts,4,0,4,4.500000,,,
CUST132664,Hyderabad,Pizza,4,0,4,4.666667,,,
CUST012870,Delhi,South Indian,4,0,4,4.500000,,,
CUST138465,Hyderabad,South Indian,4,0,4,,,,
CUST093331,Delhi,South Indian,4,0,4,4.000000,,,
CUST024538,Kolkata,Biryani,4,0,4,,,,
CUST031442,Mumbai,North Indian,4,0,4,4.500000,,,
CUST089521,Pune,Fast Food,4,0,4,4.000000,,,
CUST026722,Hyderabad,Desserts,4,0,4,4.333333,,,
CUST059579,Ahmedabad,Chinese,4,0,4,4.000000,,,
CUST087583,Chennai,Biryani,4,0,4,4.000000,,,
CUST157222,Ahmedabad,Desserts,4,0,4,4.666667,,,
CUST074132,Bengaluru,Pizza,4,0,4,4.500000,,,
CUST167102,Bengaluru,Biryani,4,0,4,4.000000,,,
CUST043597,Pune,Chinese,4,0,4,5.000000,,,
CUST192879,Bengaluru,Pizza,4,0,4,4.500000,,,
CUST002532,Hyderabad,Fast Food,4,0,4,4.666667,,,
CUST006247,Hyderabad,Pizza,4,0,4,4.666667,,,
CUST045773,Delhi,Pizza,4,0,4,4.250000,,,
CUST065254,Mumbai,North Indian,4,0,4,5.000000,,,
CUST060039,Ahmedabad,South Indian,4,0,4,4.500000,,,
CUST173009,Ahmedabad,Chinese,4,0,4,,,,
CUST180017,Delhi,South Indian,4,0,4,4.500000,,,
CUST014821,Hyderabad,Chinese,4,0,4,4.333333,,,
CUST133682,Bengaluru,North Indian,4,0,4,5.000000,,,
CUST065213,Bengaluru,Pizza,4,0,4,4.500000,,,
CUST026992,Delhi,Biryani,4,0,4,,,,
CUST055308,Mumbai,South Indian,4,0,4,4.666667,,,
CUST096255,Bengaluru,Chinese,4,0,4,4.333333,,,
CUST178428,Kolkata,North Indian,4,0,4,5.000000,,,
CUST117730,Mumbai,Biryani,4,0,4,4.000000,,,
CUST056174,Delhi,North Indian,4,0,4,4.250000,,,
CUST028298,Bengaluru,Healthy,4,0,4,5.000000,,,
CUST113582,Pune,North Indian,4,0,4,4.500000,,,
CUST108118,Delhi,North Indian,4,0,4,4.666667,,,
CUST146039,Delhi,Biryani,4,0,4,4.000000,,,
CUST033937,Bengaluru,Biryani,5,1,4,4.500000,,,28.000000
CUST019917,Chennai,South Indian,4,0,4,4.000000,,,
CUST096973,Mumbai,Desserts,4,0,4,4.750000,,,
CUST080630,Chennai,North Indian,4,0,4,4.000000,,,
CUST157240,Delhi,North Indian,4,0,4,5.000000,,,
CUST183882,Mumbai,Biryani,4,0,4,5.000000,,,
CUST122733,Delhi,North Indian,4,0,4,4.500000,,,
CUST014549,Hyderabad,Fast Food,4,0,4,5.000000,,,
CUST005638,Bengaluru,Pizza,4,0,4,4.500000,,,
CUST176125,Ahmedabad,South Indian,4,0,4,4.333333,,,
CUST154093,Mumbai,North Indian,4,0,4,4.500000,,,
CUST112615,Chennai,North Indian,4,0,4,4.000000,,,
CUST102760,Mumbai,Chinese,4,0,4,4.500000,,,
CUST187669,Mumbai,North Indian,4,0,4,4.500000,,,
CUST059845,Chennai,Fast Food,4,0,4,4.000000,,,
CUST157463,Delhi,Biryani,4,0,4,4.000000,,,
CUST028758,Ahmedabad,Chinese,4,0,4,4.500000,,,
CUST151037,Bengaluru,South Indian,4,0,4,4.333333,,,
CUST126933,Bengaluru,North Indian,4,0,4,5.000000,,,
CUST163281,Ahmedabad,North Indian,4,0,4,5.000000,,,
CUST103843,Delhi,North Indian,4,0,4,4.666667,,,
CUST100229,Hyderabad,Chinese,4,0,4,4.333333,,,
CUST183025,Delhi,Fast Food,4,0,4,4.000000,,,
CUST161010,Bengaluru,North Indian,4,0,4,4.000000,,,
CUST098085,Bengaluru,North Indian,4,0,4,4.000000,,,
CUST167117,Bengaluru,Pizza,4,0,4,4.500000,,,
CUST013695,Delhi,Pizza,4,0,4,4.333333,,,
CUST185870,Mumbai,North Indian,4,0,4,4.666667,,,
CUST070616,Mumbai,Biryani,4,0,4,5.000000,,,
CUST053671,Hyderabad,South Indian,4,0,4,5.000000,,,
CUST145402,Bengaluru,Chinese,4,0,4,4.500000,,,
CUST005671,Pune,Healthy,4,0,4,4.500000,,,
CUST031562,Delhi,Healthy,4,0,4,4.500000,,,
CUST096054,Bengaluru,Desserts,4,0,4,4.500000,,,
CUST052518,Mumbai,Biryani,4,0,4,4.000000,,,
CUST167009,Kolkata,Pizza,4,0,4,5.000000,,,
CUST174212,Ahmedabad,North Indian,4,0,4,4.333333,,,
CUST038259,Mumbai,Desserts,4,0,4,4.000000,,,
CUST085055,Mumbai,South Indian,4,0,4,5.000000,,,
CUST126105,Bengaluru,North Indian,4,0,4,5.000000,,,
CUST070441,Chennai,North Indian,4,0,4,5.000000,,,
CUST148027,Hyderabad,South Indian,4,0,4,5.000000,,,
CUST095307,Chennai,Fast Food,4,0,4,4.500000,,,
CUST100545,Delhi,North Indian,4,0,4,4.500000,,,
CUST181011,Ahmedabad,Healthy,4,0,4,5.000000,,,
CUST133274,Hyderabad,South Indian,4,0,4,,,,
CUST040933,Bengaluru,Pizza,4,0,4,4.333333,,,
CUST151945,Chennai,Chinese,4,0,4,5.000000,,,
CUST189881,Mumbai,Pizza,4,0,4,5.000000,,,
CUST099528,Bengaluru,South Indian,4,0,4,5.000000,,,
CUST129181,Kolkata,North Indian,4,0,4,4.333333,,,
CUST142025,Mumbai,Desserts,4,0,4,4.500000,,,
CUST174902,Chennai,Biryani,4,0,4,4.000000,,,
CUST139927,Mumbai,Biryani,4,0,4,,,,
CUST079096,Delhi,North Indian,4,0,4,4.000000,,,
CUST193530,Bengaluru,Chinese,4,0,4,4.500000,,,
CUST174477,Mumbai,Desserts,4,0,4,4.000000,,,
CUST050990,Mumbai,Biryani,4,0,4,4.500000,,,
CUST072750,Mumbai,Pizza,4,0,4,4.666667,,,
CUST113655,Mumbai,Desserts,4,0,4,5.000000,,,
CUST166540,Delhi,South Indian,4,0,4,5.000000,,,
CUST113046,Bengaluru,Healthy,4,0,4,5.000000,,,
CUST175014,Bengaluru,Chinese,4,0,4,4.500000,,,
CUST063929,Kolkata,South Indian,4,0,4,4.250000,,,
CUST029543,Bengaluru,Pizza,4,0,4,4.000000,,,
CUST144798,Delhi,North Indian,4,0,4,4.333333,,,
CUST044264,Chennai,Chinese,4,0,4,5.000000,,,
CUST105931,Kolkata,Chinese,4,0,4,5.000000,,,
CUST011018,Mumbai,Fast Food,4,0,4,4.333333,,,
CUST136916,Chennai,South Indian,4,0,4,4.666667,,,
CUST165768,Delhi,Pizza,4,0,4,4.333333,,,
CUST095845,Bengaluru,North Indian,4,0,4,5.000000,,,
CUST008309,Pune,Biryani,4,0,4,4.666667,,,
CUST080787,Bengaluru,Fast Food,4,0,4,5.000000,,,
CUST084808,Hyderabad,Pizza,4,0,4,,,,
CUST038310,Chennai,South Indian,4,0,4,4.500000,,,
CUST108395,Hyderabad,North Indian,4,0,4,4.500000,,,
CUST120911,Ahmedabad,Fast Food,4,0,4,5.000000,,,
CUST065499,Bengaluru,Biryani,4,0,4,4.333333,,,
CUST072857,Pune,Chinese,4,0,4,4.666667,,,
CUST126867,Mumbai,North Indian,4,0,4,4.500000,,,
CUST139074,Delhi,North Indian,4,0,4,4.500000,,,
CUST016613,Bengaluru,North Indian,4,0,4,5.000000,,,
CUST187661,Bengaluru,Fast Food,5,1,4,4.500000,,,7.000000
CUST043305,Pune,North Indian,4,0,4,4.333333,,,
CUST111644,Ahmedabad,Fast Food,4,0,4,5.000000,,,
CUST100936,Mumbai,Chinese,4,0,4,4.000000,,,
CUST060427,Bengaluru,Chinese,4,0,4,5.000000,,,
CUST148794,Chennai,Biryani,4,0,4,4.500000,,,
CUST137898,Bengaluru,South Indian,4,0,4,5.000000,,,
CUST178099,Bengaluru,Pizza,4,0,4,4.000000,,,
CUST138887,Hyderabad,Pizza,4,0,4,4.750000,,,
CUST190125,Mumbai,Chinese,4,0,4,4.666667,,,
CUST132683,Hyderabad,Chinese,4,0,4,4.000000,,,
CUST134968,Chennai,Chinese,4,0,4,5.000000,,,
CUST093989,Kolkata,Pizza,4,0,4,5.000000,,,
CUST198422,Chennai,Biryani,4,0,4,5.000000,,,
CUST119686,Pune,North Indian,4,0,4,4.500000,,,
CUST092097,Bengaluru,South Indian,4,0,4,5.000000,,,
CUST022188,Kolkata,Pizza,4,0,4,4.333333,,,
CUST157058,Delhi,Biryani,4,0,4,4.000000,,,
CUST110013,Bengaluru,Chinese,4,0,4,4.333333,,,
CUST047212,Ahmedabad,Pizza,4,0,4,4.666667,,,
CUST002098,Bengaluru,Fast Food,4,0,4,5.000000,,,
CUST062243,Pune,Fast Food,4,0,4,4.666667,,,
CUST189810,Delhi,South Indian,4,0,4,4.333333,,,
CUST190787,Ahmedabad,South Indian,4,0,4,4.000000,,,
CUST098099,Bengaluru,Biryani,4,0,4,5.000000,,,
CUST008282,Mumbai,Pizza,4,0,4,4.333333,,,
CUST161149,Mumbai,North Indian,4,0,4,4.500000,,,
CUST098769,Mumbai,Fast Food,4,0,4,4.000000,,,
CUST068697,Bengaluru,Pizza,4,0,4,5.000000,,,
CUST179403,Bengaluru,Pizza,4,0,4,5.000000,,,
CUST047366,Bengaluru,Chinese,4,0,4,4.000000,,,
CUST080364,Mumbai,Chinese,4,0,4,5.000000,,,
CUST010671,Hyderabad,South Indian,4,0,4,4.000000,,,
CUST124385,Mumbai,Desserts,4,0,4,5.000000,,,
CUST053644,Ahmedabad,Pizza,4,0,4,5.000000,,,
CUST128060,Mumbai,Biryani,4,0,4,4.500000,,,
CUST129399,Mumbai,Fast Food,4,0,4,,,,
CUST193776,Bengaluru,Fast Food,4,0,4,5.000000,,,
CUST153054,Pune,Biryani,4,0,4,4.500000,,,
CUST088687,Ahmedabad,Chinese,4,0,4,5.000000,,,
CUST035543,Mumbai,South Indian,4,0,4,,,,
CUST100977,Mumbai,North Indian,4,0,4,,,,
CUST118582,Bengaluru,Biryani,4,0,4,5.000000,,,
CUST162625,Bengaluru,Pizza,4,0,4,4.500000,,,
CUST101472,Kolkata,South Indian,4,0,4,4.000000,,,
CUST012402,Kolkata,Chinese,4,0,4,4.500000,,,
CUST199801,Chennai,North Indian,4,0,4,,,,
CUST153801,Mumbai,Biryani,4,0,4,4.500000,,,
CUST069972,Hyderabad,Chinese,4,0,4,4.666667,,,
CUST186419,Bengaluru,North Indian,4,0,4,4.500000,,,
CUST187405,Kolkata,Desserts,4,0,4,4.000000,,,
CUST079220,Delhi,Chinese,4,0,4,4.000000,,,
CUST125760,Mumbai,North Indian,4,0,4,4.000000,,,
CUST156702,Delhi,North Indian,4,0,4,4.000000,,,
CUST111584,Delhi,Fast Food,4,0,4,4.500000,,,
CUST116540,Pune,Biryani,4,0,4,,,,
CUST130659,Pune,Pizza,4,0,4,4.500000,,,
CUST048659,Kolkata,Pizza,4,0,4,4.333333,,,
CUST139685,Bengaluru,Healthy,4,0,4,4.000000,,,
CUST144941,Bengaluru,North Indian,4,0,4,4.000000,,,
CUST103919,Bengaluru,South Indian,4,0,4,4.000000,,,
CUST176629,Kolkata,North Indian,4,0,4,4.000000,,,
CUST062874,Pune,South Indian,4,0,4,,,,
CUST060399,Hyderabad,North Indian,4,0,4,4.000000,,,
CUST095471,Mumbai,Biryani,4,0,4,4.333333,,,
CUST090526,Ahmedabad,Chinese,4,0,4,4.666667,,,
CUST081700,Mumbai,North Indian,4,0,4,4.500000,,,
CUST021622,Chennai,Chinese,4,0,4,,,,
CUST181264,Ahmedabad,Desserts,4,0,4,4.500000,,,
CUST111499,Mumbai,Biryani,4,0,4,4.000000,,,
CUST021133,Delhi,Biryani,4,0,4,5.000000,,,
CUST110988,Ahmedabad,Healthy,4,0,4,5.000000,,,
CUST044568,Bengaluru,North Indian,4,0,4,4.500000,,,
CUST074483,Bengaluru,Biryani,4,0,4,5.000000,,,
CUST064110,Delhi,Fast Food,4,0,4,5.000000,,,
CUST054308,Bengaluru,Fast Food,4,0,4,4.000000,,,
CUST107924,Ahmedabad,Chinese,4,0,4,4.500000,,,
CUST169849,Chennai,Chinese,4,0,4,4.666667,,,
CUST030502,Hyderabad,Biryani,4,0,4,5.000000,,,
CUST012226,Delhi,Pizza,4,0,4,4.500000,,,
CUST179600,Kolkata,North Indian,4,0,4,5.000000,,,
CUST173719,Pune,North Indian,4,0,4,4.666667,,,
CUST116543,Bengaluru,South Indian,4,0,4,4.500000,,,
CUST178466,Delhi,Chinese,4,0,4,4.000000,,,
CUST016920,Bengaluru,North Indian,4,0,4,4.500000,,,
CUST076011,Bengaluru,Biryani,4,0,4,4.000000,,,
CUST046239,Bengaluru,North Indian,4,0,4,4.666667,,,
CUST083035,Pune,North Indian,4,0,4,4.000000,,,
CUST099477,Delhi,Chinese,4,0,4,4.500000,,,
CUST083439,Delhi,Pizza,4,0,4,4.500000,,,
CUST044758,Bengaluru,North Indian,4,0,4,4.666667,,,
CUST161386,Chennai,Fast Food,4,0,4,4.500000,,,
CUST125089,Bengaluru,North Indian,4,0,4,,,,
CUST041162,Bengaluru,North Indian,4,0,4,5.000000,,,
CUST041777,Bengaluru,Chinese,4,0,4,,,,
CUST111043,Ahmedabad,South Indian,4,0,4,5.000000,,,
CUST080753,Mumbai,Healthy,4,0,4,5.000000,,,
CUST101925,Hyderabad,Fast Food,4,0,4,4.500000,,,
CUST184036,Ahmedabad,North Indian,4,0,4,4.500000,,,
CUST117231,Bengaluru,Chinese,4,0,4,5.000000,,,
CUST082184,Mumbai,South Indian,4,0,4,5.000000,,,
CUST005837,Ahmedabad,Biryani,4,0,4,,,,
CUST027858,Mumbai,Chinese,4,0,4,4.333333,,,
CUST051780,Chennai,North Indian,4,0,4,5.000000,,,
CUST168160,Pune,Pizza,4,0,4,4.000000,,,
CUST079571,Mumbai,Chinese,4,0,4,5.000000,,,
CUST061759,Kolkata,South Indian,4,0,4,5.000000,,,
CUST129627,Chennai,South Indian,4,0,4,4.500000,,,
CUST191820,Bengaluru,Chinese,4,0,4,5.000000,,,
CUST148371,Pune,Desserts,4,0,4,4.000000,,,
CUST171955,Ahmedabad,Pizza,4,0,4,5.000000,,,
CUST127566,Mumbai,North Indian,4,0,4,5.000000,,,
CUST079394,Bengaluru,North Indian,4,0,4,4.500000,,,
CUST068184,Mumbai,South Indian,4,0,4,4.666667,,,
CUST028418,Delhi,North Indian,4,0,4,4.000000,,,
CUST097308,Bengaluru,Biryani,4,0,4,,,,
CUST021196,Delhi,Desserts,4,0,4,4.750000,,,
CUST031836,Bengaluru,Chinese,4,0,4,4.000000,,,
CUST162666,Bengaluru,North Indian,4,0,4,4.000000,,,
CUST196602,Hyderabad,Biryani,4,0,4,,,,
CUST149601,Mumbai,North Indian,4,0,4,4.500000,,,
CUST168519,Ahmedabad,Desserts,4,0,4,5.000000,,,
CUST121798,Bengaluru,North Indian,4,0,4,4.500000,,,
CUST063942,Bengaluru,Pizza,4,0,4,4.000000,,,
CUST184004,Bengaluru,Biryani,4,0,4,5.000000,,,
CUST080165,Kolkata,Biryani,4,0,4,4.666667,,,
CUST169437,Delhi,North Indian,4,0,4,4.000000,,,
CUST177141,Mumbai,Chinese,4,0,4,4.500000,,,
CUST161919,Mumbai,North Indian,4,0,4,5.000000,,,
CUST027345,Bengaluru,North Indian,4,0,4,,,,
CUST117833,Bengaluru,Chinese,4,0,4,4.000000,,,
CUST176899,Ahmedabad,Chinese,4,0,4,4.500000,,,
CUST146205,Ahmedabad,South Indian,4,0,4,5.000000,,,
CUST144111,Chennai,Biryani,4,0,4,4.333333,,,
CUST157304,Chennai,Pizza,4,0,4,5.000000,,,
CUST150962,Delhi,Desserts,4,0,4,4.750000,,,
CUST192705,Kolkata,Pizza,5,1,4,5.000000,3.000000,2.000000,28.000000
CUST146179,Bengaluru,North Indian,5,1,4,4.333333,3.000000,1.333333,27.000000
CUST197169,Bengaluru,North Indian,5,1,4,4.000000,3.000000,1.000000,6.000000
CUST136053,Mumbai,South Indian,5,1,4,3.000000,3.000000,0.000000,-3.000000
CUST170886,Chennai,Healthy,3,0,3,,,,
CUST162789,Ahmedabad,North Indian,3,0,3,4.500000,,,
CUST191711,Chennai,North Indian,3,0,3,5.000000,,,
CUST044186,Kolkata,Fast Food,3,0,3,4.000000,,,
CUST158219,Ahmedabad,Healthy,3,0,3,,,,
CUST011965,Pune,Desserts,3,0,3,5.000000,,,
CUST172732,Bengaluru,Biryani,3,0,3,4.500000,,,
CUST159698,Ahmedabad,Biryani,3,0,3,4.000000,,,
CUST185258,Kolkata,North Indian,3,0,3,4.500000,,,
CUST079014,Bengaluru,Pizza,3,0,3,4.000000,,,
CUST194519,Mumbai,Healthy,3,0,3,,,,
CUST140874,Bengaluru,North Indian,3,0,3,4.000000,,,
CUST008431,Chennai,Biryani,3,0,3,4.000000,,,
CUST162513,Hyderabad,Chinese,3,0,3,4.500000,,,
CUST173992,Hyderabad,Biryani,3,0,3,,,,
CUST052954,Mumbai,Biryani,3,0,3,5.000000,,,
CUST107502,Ahmedabad,North Indian,3,0,3,4.666667,,,
CUST034528,Bengaluru,Fast Food,3,0,3,4.333333,,,
CUST128380,Bengaluru,Healthy,4,1,3,4.333333,,,25.000000
CUST077054,Pune,North Indian,3,0,3,4.500000,,,
CUST124231,Bengaluru,Fast Food,3,0,3,4.000000,,,
CUST122375,Kolkata,Chinese,3,0,3,5.000000,,,
CUST025704,Ahmedabad,Biryani,3,0,3,4.666667,,,
CUST098460,Ahmedabad,Pizza,3,0,3,4.000000,,,
CUST191341,Bengaluru,Fast Food,3,0,3,4.500000,,,
CUST098402,Chennai,Biryani,3,0,3,4.000000,,,
CUST071526,Bengaluru,Pizza,3,0,3,4.000000,,,
CUST081872,Pune,Biryani,3,0,3,4.000000,,,
CUST109220,Mumbai,Biryani,3,0,3,4.000000,,,
CUST021322,Bengaluru,Chinese,3,0,3,5.000000,,,
CUST006719,Delhi,Desserts,3,0,3,5.000000,,,
CUST037841,Bengaluru,Pizza,3,0,3,5.000000,,,
CUST122866,Mumbai,Biryani,3,0,3,5.000000,,,
CUST086981,Bengaluru,South Indian,3,0,3,4.500000,,,
CUST023928,Mumbai,Healthy,3,0,3,5.000000,,,
CUST191575,Bengaluru,Biryani,3,0,3,4.000000,,,
CUST053473,Mumbai,Healthy,3,0,3,4.500000,,,
CUST155777,Ahmedabad,North Indian,3,0,3,4.000000,,,
CUST034310,Pune,North Indian,3,0,3,5.000000,,,
CUST050392,Bengaluru,Fast Food,4,1,3,5.000000,,,26.000000
CUST116887,Bengaluru,Fast Food,3,0,3,4.500000,,,
CUST087187,Bengaluru,North Indian,3,0,3,4.500000,,,
CUST117258,Delhi,Healthy,3,0,3,,,,
CUST183906,Ahmedabad,Healthy,3,0,3,5.000000,,,
CUST014672,Mumbai,Fast Food,3,0,3,5.000000,,,
CUST128644,Bengaluru,North Indian,3,0,3,5.000000,,,
CUST161886,Kolkata,South Indian,3,0,3,4.000000,,,
CUST134441,Mumbai,North Indian,3,0,3,4.666667,,,
CUST152608,Ahmedabad,Pizza,3,0,3,4.000000,,,
CUST176033,Mumbai,Chinese,3,0,3,4.500000,,,
CUST091219,Ahmedabad,Chinese,3,0,3,4.000000,,,
CUST107855,Bengaluru,Healthy,3,0,3,4.666667,,,
CUST131963,Hyderabad,Pizza,3,0,3,4.500000,,,
CUST071652,Mumbai,Biryani,3,0,3,,,,
CUST197141,Chennai,Fast Food,3,0,3,5.000000,,,
CUST106549,Delhi,Pizza,3,0,3,4.000000,,,
CUST149573,Mumbai,Biryani,3,0,3,4.000000,,,
CUST037389,Bengaluru,Biryani,3,0,3,5.000000,,,
CUST093382,Delhi,Fast Food,3,0,3,4.000000,,,
CUST182959,Bengaluru,North Indian,3,0,3,5.000000,,,
CUST120311,Hyderabad,South Indian,3,0,3,,,,
CUST045478,Bengaluru,South Indian,3,0,3,4.000000,,,
CUST003391,Bengaluru,Desserts,3,0,3,5.000000,,,
CUST048974,Mumbai,Biryani,3,0,3,,,,
CUST170450,Bengaluru,Biryani,3,0,3,5.000000,,,
CUST148768,Mumbai,Pizza,3,0,3,4.500000,,,
CUST026526,Pune,South Indian,4,1,3,,2.000000,,41.000000
CUST117414,Kolkata,Fast Food,3,0,3,,,,
CUST054404,Mumbai,South Indian,3,0,3,4.666667,,,
CUST173708,Mumbai,North Indian,3,0,3,5.000000,,,
CUST171831,Mumbai,North Indian,3,0,3,,,,
CUST031118,Mumbai,South Indian,3,0,3,4.000000,,,
CUST098161,Chennai,South Indian,3,0,3,,,,
CUST049828,Chennai,Desserts,3,0,3,5.000000,,,
CUST126604,Chennai,Pizza,3,0,3,4.500000,,,
CUST062232,Delhi,Biryani,3,0,3,4.000000,,,
CUST003071,Hyderabad,South Indian,3,0,3,4.500000,,,
CUST035707,Mumbai,Biryani,3,0,3,5.000000,,,
CUST057778,Hyderabad,Chinese,3,0,3,4.666667,,,
CUST128208,Chennai,Fast Food,3,0,3,4.500000,,,
CUST048929,Hyderabad,Chinese,3,0,3,4.000000,,,
CUST094586,Bengaluru,North Indian,3,0,3,,,,
CUST025800,Hyderabad,South Indian,3,0,3,5.000000,,,
CUST128909,Bengaluru,Chinese,3,0,3,5.000000,,,
CUST175173,Kolkata,Pizza,3,0,3,,,,
CUST128129,Delhi,South Indian,3,0,3,5.000000,,,
CUST125330,Hyderabad,Biryani,3,0,3,5.000000,,,
CUST063536,Chennai,North Indian,3,0,3,5.000000,,,
CUST158658,Delhi,South Indian,3,0,3,,,,
CUST079145,Mumbai,North Indian,3,0,3,4.000000,,,
CUST002006,Bengaluru,South Indian,3,0,3,4.666667,,,
CUST196149,Kolkata,Desserts,3,0,3,4.500000,,,
CUST132689,Bengaluru,Desserts,3,0,3,4.333333,,,
CUST196365,Bengaluru,North Indian,3,0,3,,,,
CUST123619,Mumbai,Pizza,3,0,3,5.000000,,,
CUST022613,Hyderabad,North Indian,3,0,3,4.500000,,,
CUST150246,Hyderabad,Chinese,3,0,3,5.000000,,,
CUST015580,Pune,South Indian,3,0,3,4.500000,,,
CUST146031,Bengaluru,North Indian,3,0,3,5.000000,,,
CUST075616,Bengaluru,Biryani,3,0,3,5.000000,,,
CUST121447,Kolkata,Chinese,3,0,3,,,,
CUST173956,Mumbai,Biryani,3,0,3,4.000000,,,
CUST010980,Bengaluru,Fast Food,3,0,3,4.000000,,,
CUST026281,Bengaluru,South Indian,3,0,3,5.000000,,,
CUST186633,Chennai,Biryani,3,0,3,5.000000,,,
CUST137817,Hyderabad,North Indian,3,0,3,5.000000,,,
CUST149907,Mumbai,South Indian,3,0,3,4.000000,,,
CUST150084,Bengaluru,Pizza,3,0,3,5.000000,,,
CUST003573,Kolkata,Desserts,3,0,3,5.000000,,,
CUST007708,Chennai,South Indian,3,0,3,5.000000,,,
CUST013919,Delhi,Chinese,3,0,3,5.000000,,,
CUST156586,Delhi,Pizza,3,0,3,4.333333,,,
CUST122725,Pune,North Indian,3,0,3,5.000000,,,
CUST026251,Mumbai,Chinese,3,0,3,4.000000,,,
CUST109887,Bengaluru,South Indian,3,0,3,5.000000,,,
CUST133786,Mumbai,Biryani,3,0,3,5.000000,,,
CUST082821,Bengaluru,North Indian,3,0,3,4.000000,,,
CUST087679,Bengaluru,South Indian,3,0,3,4.000000,,,
CUST140227,Delhi,Desserts,3,0,3,4.000000,,,
CUST023190,Mumbai,North Indian,3,0,3,4.666667,,,
CUST114681,Bengaluru,South Indian,3,0,3,5.000000,,,
CUST130875,Ahmedabad,Chinese,3,0,3,4.666667,,,
CUST199584,Hyderabad,Fast Food,3,0,3,4.000000,,,
CUST042594,Mumbai,Biryani,3,0,3,,,,
CUST122221,Pune,North Indian,3,0,3,4.500000,,,
CUST148764,Bengaluru,Biryani,3,0,3,4.000000,,,
CUST155610,Pune,Pizza,3,0,3,4.333333,,,
CUST057594,Bengaluru,Chinese,3,0,3,4.333333,,,
CUST088959,Mumbai,Pizza,3,0,3,4.500000,,,
CUST016635,Delhi,Chinese,3,0,3,5.000000,,,
CUST138029,Mumbai,Chinese,3,0,3,4.666667,,,
CUST085451,Bengaluru,Chinese,3,0,3,4.500000,,,
CUST004586,Mumbai,Fast Food,3,0,3,5.000000,,,
CUST021284,Pune,South Indian,3,0,3,5.000000,,,
CUST057024,Mumbai,Biryani,3,0,3,4.000000,,,
CUST151975,Hyderabad,Pizza,3,0,3,4.500000,,,
CUST030859,Chennai,Desserts,3,0,3,5.000000,,,
CUST124767,Bengaluru,Biryani,3,0,3,4.000000,,,
CUST192963,Bengaluru,Pizza,3,0,3,5.000000,,,
CUST016352,Bengaluru,Desserts,3,0,3,,,,
CUST180558,Chennai,North Indian,3,0,3,4.000000,,,
CUST058094,Bengaluru,North Indian,3,0,3,4.000000,,,
CUST026181,Bengaluru,Healthy,3,0,3,4.000000,,,
CUST193626,Bengaluru,Chinese,3,0,3,4.500000,,,
CUST146784,Pune,Fast Food,3,0,3,4.000000,,,
CUST070777,Kolkata,Fast Food,3,0,3,5.000000,,,
CUST127169,Pune,South Indian,3,0,3,4.000000,,,
CUST167950,Bengaluru,Desserts,3,0,3,4.500000,,,
CUST173140,Mumbai,South Indian,3,0,3,4.000000,,,
CUST184837,Mumbai,North Indian,3,0,3,4.000000,,,
CUST086252,Mumbai,Fast Food,4,1,3,5.000000,,,16.000000
CUST021394,Mumbai,North Indian,3,0,3,4.333333,,,
CUST105309,Delhi,Chinese,3,0,3,,,,
CUST176369,Bengaluru,Desserts,3,0,3,5.000000,,,
CUST090013,Bengaluru,Desserts,3,0,3,5.000000,,,
CUST076586,Delhi,Biryani,3,0,3,4.666667,,,
CUST043758,Hyderabad,Pizza,3,0,3,,,,
CUST011654,Pune,South Indian,3,0,3,4.000000,,,
CUST050918,Bengaluru,South Indian,3,0,3,5.000000,,,
CUST120551,Mumbai,Chinese,3,0,3,,,,
CUST156837,Mumbai,North Indian,3,0,3,5.000000,,,
CUST126727,Hyderabad,Healthy,3,0,3,5.000000,,,
CUST093638,Pune,North Indian,3,0,3,5.000000,,,
CUST100355,Bengaluru,Pizza,3,0,3,4.500000,,,
CUST075889,Bengaluru,North Indian,3,0,3,4.500000,,,
CUST082724,Bengaluru,North Indian,3,0,3,4.000000,,,
CUST063652,Hyderabad,Pizza,3,0,3,4.500000,,,
CUST101878,Mumbai,Fast Food,3,0,3,4.000000,,,
CUST110475,Mumbai,Fast Food,3,0,3,5.000000,,,
CUST179418,Delhi,Chinese,3,0,3,5.000000,,,
CUST099376,Delhi,Chinese,3,0,3,4.000000,,,
CUST027464,Ahmedabad,South Indian,3,0,3,5.000000,,,
CUST089919,Pune,Fast Food,3,0,3,5.000000,,,
CUST093798,Ahmedabad,North Indian,3,0,3,5.000000,,,
CUST144131,Bengaluru,Healthy,3,0,3,4.666667,,,
CUST001115,Ahmedabad,Chinese,3,0,3,4.500000,,,
CUST115730,Pune,Desserts,3,0,3,4.500000,,,
CUST020136,Bengaluru,South Indian,3,0,3,5.000000,,,
CUST103159,Kolkata,North Indian,3,0,3,5.000000,,,
CUST130488,Hyderabad,Biryani,3,0,3,4.000000,,,
CUST139274,Pune,Biryani,3,0,3,4.000000,,,
CUST104521,Delhi,Pizza,3,0,3,4.000000,,,
CUST019404,Kolkata,Desserts,3,0,3,5.000000,,,
CUST029991,Chennai,North Indian,3,0,3,,,,
CUST186260,Bengaluru,Desserts,3,0,3,4.500000,,,
CUST111341,Pune,Fast Food,3,0,3,5.000000,,,
CUST153342,Ahmedabad,Fast Food,3,0,3,5.000000,,,
CUST156284,Bengaluru,Fast Food,3,0,3,,,,
CUST181346,Hyderabad,Chinese,3,0,3,4.000000,,,
CUST092403,Bengaluru,North Indian,3,0,3,4.000000,,,
CUST107884,Bengaluru,North Indian,3,0,3,4.666667,,,
CUST128327,Bengaluru,Pizza,3,0,3,5.000000,,,
CUST062610,Chennai,North Indian,3,0,3,4.000000,,,
CUST035798,Bengaluru,Pizza,3,0,3,5.000000,,,
CUST042490,Bengaluru,Fast Food,3,0,3,5.000000,,,
CUST030269,Bengaluru,South Indian,3,0,3,5.000000,,,
CUST083655,Delhi,South Indian,3,0,3,5.000000,,,
CUST199228,Bengaluru,Fast Food,3,0,3,5.000000,,,
CUST065549,Bengaluru,Desserts,3,0,3,4.333333,,,
CUST131342,Hyderabad,South Indian,3,0,3,4.666667,,,
CUST013096,Bengaluru,Desserts,3,0,3,5.000000,,,
CUST015984,Bengaluru,South Indian,3,0,3,5.000000,,,
CUST045543,Bengaluru,South Indian,3,0,3,4.500000,,,
CUST195478,Mumbai,Pizza,3,0,3,4.500000,,,
CUST018318,Mumbai,Chinese,3,0,3,,,,
CUST191164,Hyderabad,Chinese,3,0,3,5.000000,,,
CUST091781,Hyderabad,North Indian,3,0,3,4.500000,,,
CUST038280,Kolkata,North Indian,3,0,3,4.000000,,,
CUST074228,Bengaluru,Pizza,3,0,3,4.500000,,,
CUST024494,Delhi,Desserts,3,0,3,4.500000,,,
CUST141961,Delhi,Desserts,3,0,3,5.000000,,,
CUST199739,Delhi,South Indian,3,0,3,4.500000,,,
CUST087820,Kolkata,South Indian,3,0,3,,,,
CUST059459,Bengaluru,Biryani,3,0,3,5.000000,,,
CUST163099,Bengaluru,South Indian,3,0,3,4.500000,,,
CUST087705,Bengaluru,North Indian,3,0,3,,,,
CUST057672,Bengaluru,North Indian,3,0,3,5.000000,,,
CUST068541,Hyderabad,Fast Food,3,0,3,5.000000,,,
CUST017630,Chennai,Biryani,3,0,3,4.000000,,,
CUST096749,Chennai,Fast Food,3,0,3,4.000000,,,
CUST178753,Pune,South Indian,3,0,3,5.000000,,,
CUST020699,Chennai,Desserts,3,0,3,4.000000,,,
CUST111252,Mumbai,South Indian,3,0,3,4.000000,,,
CUST193659,Hyderabad,Biryani,3,0,3,5.000000,,,
CUST193765,Bengaluru,Biryani,3,0,3,4.000000,,,
CUST183956,Bengaluru,North Indian,3,0,3,4.500000,,,
CUST104644,Mumbai,Pizza,3,0,3,,,,
CUST013502,Bengaluru,Biryani,3,0,3,4.000000,,,
CUST054188,Bengaluru,Chinese,3,0,3,5.000000,,,
CUST102323,Delhi,North Indian,3,0,3,5.000000,,,
CUST104778,Delhi,Chinese,3,0,3,5.000000,,,
CUST005113,Ahmedabad,Biryani,3,0,3,4.000000,,,
CUST145795,Pune,Pizza,3,0,3,4.500000,,,
CUST111632,Mumbai,Desserts,3,0,3,4.500000,,,
CUST024288,Mumbai,South Indian,3,0,3,4.500000,,,
CUST060009,Chennai,Fast Food,3,0,3,4.500000,,,
CUST000586,Delhi,Chinese,3,0,3,5.000000,,,
CUST179150,Bengaluru,Desserts,3,0,3,4.500000,,,
CUST039211,Mumbai,North Indian,3,0,3,4.000000,,,
CUST012804,Mumbai,South Indian,3,0,3,5.000000,,,
CUST028165,Bengaluru,Biryani,3,0,3,4.666667,,,
CUST195036,Bengaluru,North Indian,3,0,3,5.000000,,,
CUST153506,Bengaluru,Desserts,3,0,3,4.500000,,,
CUST152830,Pune,Chinese,3,0,3,5.000000,,,
CUST159267,Mumbai,Fast Food,3,0,3,,,,
CUST111264,Kolkata,Biryani,3,0,3,,,,
CUST086191,Bengaluru,Biryani,3,0,3,4.000000,,,
CUST086333,Delhi,North Indian,3,0,3,4.500000,,,
CUST127820,Hyderabad,South Indian,3,0,3,4.333333,,,
CUST165884,Ahmedabad,South Indian,3,0,3,5.000000,,,
CUST099639,Mumbai,North Indian,3,0,3,,,,
CUST147598,Mumbai,Biryani,3,0,3,4.500000,,,
CUST017877,Bengaluru,North Indian,3,0,3,5.000000,,,
CUST112313,Delhi,Desserts,3,0,3,5.000000,,,
CUST050803,Ahmedabad,Chinese,3,0,3,4.000000,,,
CUST146768,Hyderabad,North Indian,3,0,3,,,,
CUST189322,Pune,Healthy,3,0,3,5.000000,,,
CUST026022,Delhi,Chinese,3,0,3,5.000000,,,
CUST177873,Bengaluru,North Indian,3,0,3,4.500000,,,
CUST186740,Bengaluru,South Indian,3,0,3,4.500000,,,
CUST042673,Bengaluru,North Indian,3,0,3,5.000000,,,
CUST067152,Kolkata,North Indian,3,0,3,4.000000,,,
CUST034996,Delhi,Desserts,3,0,3,4.000000,,,
CUST058045,Ahmedabad,Biryani,3,0,3,4.000000,,,
CUST187759,Mumbai,Fast Food,3,0,3,4.000000,,,
CUST178993,Ahmedabad,South Indian,3,0,3,4.500000,,,
CUST195356,Delhi,Desserts,3,0,3,5.000000,,,
CUST109924,Mumbai,South Indian,3,0,3,4.000000,,,
CUST069149,Delhi,South Indian,3,0,3,5.000000,,,
CUST121700,Bengaluru,South Indian,3,0,3,4.333333,,,
CUST046348,Mumbai,Chinese,3,0,3,5.000000,,,
CUST199646,Mumbai,Biryani,3,0,3,4.666667,,,
CUST116531,Chennai,Chinese,3,0,3,5.000000,,,
CUST127769,Bengaluru,Biryani,3,0,3,5.000000,,,
CUST041772,Bengaluru,Chinese,3,0,3,5.000000,,,
CUST087782,Ahmedabad,North Indian,3,0,3,5.000000,,,
CUST167040,Mumbai,North Indian,3,0,3,4.000000,,,
CUST177608,Chennai,Biryani,3,0,3,5.000000,,,
CUST159917,Kolkata,North Indian,3,0,3,,,,
CUST153873,Hyderabad,South Indian,3,0,3,,,,
CUST145479,Pune,South Indian,3,0,3,,,,
CUST105356,Kolkata,North Indian,3,0,3,5.000000,,,
CUST029997,Chennai,South Indian,3,0,3,5.000000,,,
CUST017378,Bengaluru,North Indian,3,0,3,4.333333,,,
CUST072680,Bengaluru,Healthy,3,0,3,4.666667,,,
CUST194414,Mumbai,South Indian,3,0,3,4.500000,,,
CUST106281,Bengaluru,Pizza,3,0,3,4.500000,,,
CUST063350,Bengaluru,Chinese,3,0,3,5.000000,,,
CUST070855,Pune,Healthy,3,0,3,5.000000,,,
CUST019738,Chennai,North Indian,3,0,3,5.000000,,,
CUST013253,Bengaluru,Fast Food,3,0,3,5.000000,,,
CUST142232,Mumbai,Pizza,3,0,3,4.000000,,,
CUST153077,Delhi,Biryani,3,0,3,4.500000,,,
CUST171353,Mumbai,Chinese,3,0,3,,,,
CUST083152,Hyderabad,Chinese,3,0,3,5.000000,,,
CUST141722,Bengaluru,South Indian,3,0,3,4.000000,,,
CUST153068,Chennai,Pizza,3,0,3,4.500000,,,
CUST027153,Bengaluru,North Indian,3,0,3,5.000000,,,
CUST129230,Chennai,Biryani,3,0,3,5.000000,,,
CUST091778,Delhi,South Indian,3,0,3,4.500000,,,
CUST171863,Hyderabad,North Indian,3,0,3,4.666667,,,
CUST021211,Chennai,Chinese,3,0,3,4.500000,,,
CUST131276,Bengaluru,Healthy,3,0,3,,,,
CUST151609,Pune,Desserts,3,0,3,4.666667,,,
CUST065201,Bengaluru,Chinese,3,0,3,4.000000,,,
CUST139755,Delhi,North Indian,3,0,3,4.000000,,,
CUST153787,Bengaluru,Biryani,3,0,3,4.000000,,,
CUST193492,Hyderabad,South Indian,3,0,3,4.333333,,,
CUST109997,Mumbai,Biryani,3,0,3,4.500000,,,
CUST077434,Delhi,Desserts,3,0,3,5.000000,,,
CUST005173,Bengaluru,Biryani,3,0,3,4.000000,,,
CUST026851,Bengaluru,Chinese,3,0,3,4.500000,,,
CUST186125,Kolkata,Chinese,3,0,3,5.000000,,,
CUST001495,Bengaluru,South Indian,3,0,3,4.500000,,,
CUST117147,Bengaluru,Desserts,3,0,3,,,,
CUST098132,Delhi,Biryani,3,0,3,5.000000,,,
CUST081746,Mumbai,Fast Food,3,0,3,4.666667,,,
CUST062638,Delhi,Chinese,3,0,3,5.000000,,,
CUST193695,Bengaluru,North Indian,3,0,3,5.000000,,,
CUST091365,Ahmedabad,Pizza,3,0,3,4.500000,,,
CUST037209,Delhi,North Indian,3,0,3,4.500000,,,
CUST124439,Delhi,North Indian,3,0,3,5.000000,,,
CUST199846,Ahmedabad,North Indian,3,0,3,,,,
CUST163325,Bengaluru,Chinese,3,0,3,5.000000,,,
CUST094970,Bengaluru,Chinese,3,0,3,4.333333,,,
CUST154381,Bengaluru,North Indian,3,0,3,4.500000,,,
CUST141631,Delhi,Chinese,3,0,3,5.000000,,,
CUST012186,Bengaluru,Chinese,3,0,3,4.000000,,,
CUST021268,Chennai,Fast Food,3,0,3,5.000000,,,
CUST030214,Mumbai,Pizza,3,0,3,4.000000,,,
CUST047745,Bengaluru,Chinese,3,0,3,5.000000,,,
CUST081650,Mumbai,Pizza,3,0,3,4.500000,,,
CUST060101,Chennai,Desserts,3,0,3,5.000000,,,
CUST070837,Delhi,Biryani,3,0,3,5.000000,,,
CUST101873,Kolkata,North Indian,3,0,3,4.500000,,,
CUST113122,Pune,Biryani,3,0,3,5.000000,,,
CUST025314,Bengaluru,Chinese,3,0,3,4.000000,,,
CUST099522,Chennai,Pizza,3,0,3,5.000000,,,
CUST160345,Bengaluru,Biryani,3,0,3,4.666667,,,
CUST126645,Chennai,Pizza,3,0,3,4.500000,,,
CUST096915,Mumbai,Pizza,3,0,3,,,,
CUST133831,Mumbai,Desserts,3,0,3,5.000000,,,
CUST025939,Bengaluru,Pizza,3,0,3,4.000000,,,
CUST034792,Bengaluru,Healthy,3,0,3,4.000000,,,
CUST150846,Chennai,Biryani,3,0,3,4.500000,,,
CUST183982,Chennai,Healthy,3,0,3,,,,
CUST074586,Chennai,Chinese,3,0,3,4.000000,,,
CUST106425,Bengaluru,Biryani,3,0,3,4.666667,,,
CUST045058,Mumbai,Desserts,3,0,3,5.000000,,,
CUST143958,Delhi,Pizza,3,0,3,5.000000,,,
CUST144995,Mumbai,Desserts,3,0,3,5.000000,,,
CUST037344,Ahmedabad,Biryani,3,0,3,5.000000,,,
CUST096906,Mumbai,North Indian,3,0,3,4.500000,,,
CUST114857,Mumbai,Biryani,3,0,3,5.000000,,,
CUST154925,Bengaluru,Fast Food,3,0,3,4.666667,,,
CUST046670,Bengaluru,Fast Food,3,0,3,5.000000,,,
CUST156613,Hyderabad,North Indian,3,0,3,5.000000,,,
CUST171123,Kolkata,Chinese,3,0,3,,,,
CUST149314,Delhi,South Indian,3,0,3,4.500000,,,
CUST023534,Mumbai,Pizza,3,0,3,4.000000,,,
CUST005933,Kolkata,North Indian,3,0,3,4.000000,,,
CUST134815,Bengaluru,Chinese,3,0,3,5.000000,,,
CUST189921,Chennai,North Indian,3,0,3,4.333333,,,
CUST030296,Pune,Chinese,3,0,3,4.500000,,,
CUST140562,Ahmedabad,South Indian,3,0,3,5.000000,,,
CUST136940,Bengaluru,Healthy,3,0,3,5.000000,,,
CUST049420,Bengaluru,South Indian,3,0,3,,,,
CUST077127,Hyderabad,Pizza,3,0,3,4.500000,,,
CUST030963,Pune,North Indian,3,0,3,4.000000,,,
CUST054343,Pune,North Indian,3,0,3,5.000000,,,
CUST197331,Bengaluru,North Indian,3,0,3,4.333333,,,
CUST043517,Pune,North Indian,3,0,3,,,,
CUST033056,Chennai,South Indian,3,0,3,4.000000,,,
CUST089008,Bengaluru,Chinese,3,0,3,4.500000,,,
CUST081128,Chennai,Chinese,3,0,3,4.666667,,,
CUST080846,Chennai,Chinese,3,0,3,4.666667,,,
CUST035641,Bengaluru,North Indian,3,0,3,,,,
CUST134696,Kolkata,South Indian,3,0,3,5.000000,,,
CUST082871,Pune,South Indian,3,0,3,4.000000,,,
CUST121509,Delhi,Pizza,3,0,3,4.500000,,,
CUST076873,Hyderabad,North Indian,3,0,3,4.000000,,,
CUST170079,Mumbai,North Indian,3,0,3,4.000000,,,
CUST062899,Mumbai,Chinese,3,0,3,,,,
CUST167830,Bengaluru,Healthy,3,0,3,5.000000,,,
CUST141714,Delhi,South Indian,3,0,3,4.666667,,,
CUST068198,Mumbai,Chinese,3,0,3,4.500000,,,
CUST050442,Pune,South Indian,3,0,3,4.666667,,,
CUST027045,Mumbai,Healthy,3,0,3,4.500000,,,
CUST038798,Chennai,South Indian,3,0,3,5.000000,,,
CUST085206,Delhi,Chinese,3,0,3,5.000000,,,
CUST185634,Bengaluru,Biryani,3,0,3,5.000000,,,
CUST054934,Delhi,Chinese,3,0,3,5.000000,,,
CUST098169,Mumbai,North Indian,3,0,3,,,,
CUST083996,Ahmedabad,South Indian,3,0,3,5.000000,,,
CUST110513,Delhi,North Indian,3,0,3,4.666667,,,
CUST045365,Bengaluru,Chinese,3,0,3,5.000000,,,
CUST000922,Mumbai,Desserts,4,1,3,4.666667,,,-6.000000
CUST081952,Chennai,Chinese,3,0,3,4.500000,,,
CUST182753,Pune,North Indian,3,0,3,4.500000,,,
CUST056347,Bengaluru,South Indian,4,1,3,5.000000,,,37.000000
CUST031687,Hyderabad,Biryani,3,0,3,5.000000,,,
CUST001883,Mumbai,Fast Food,3,0,3,5.000000,,,
CUST175497,Pune,North Indian,3,0,3,4.000000,,,
CUST134431,Pune,Desserts,3,0,3,4.500000,,,
CUST090538,Mumbai,Fast Food,3,0,3,4.666667,,,
CUST194088,Mumbai,Fast Food,3,0,3,5.000000,,,
CUST038511,Pune,South Indian,3,0,3,5.000000,,,
CUST159166,Mumbai,South Indian,3,0,3,4.000000,,,
CUST085272,Delhi,South Indian,3,0,3,4.500000,,,
CUST093239,Delhi,Pizza,3,0,3,4.500000,,,
CUST074609,Bengaluru,Chinese,3,0,3,4.500000,,,
CUST195586,Bengaluru,Pizza,3,0,3,,,,
CUST008378,Hyderabad,South Indian,3,0,3,5.000000,,,
CUST151494,Pune,Chinese,3,0,3,4.000000,,,
CUST039163,Mumbai,Biryani,3,0,3,5.000000,,,
CUST137838,Bengaluru,North Indian,3,0,3,5.000000,,,
CUST114380,Pune,Chinese,3,0,3,4.500000,,,
CUST094738,Pune,Pizza,3,0,3,5.000000,,,
CUST146636,Delhi,Fast Food,3,0,3,4.500000,,,
CUST106642,Mumbai,Fast Food,3,0,3,4.000000,,,
CUST138026,Bengaluru,Biryani,3,0,3,5.000000,,,
CUST010413,Bengaluru,Biryani,3,0,3,3.500000,,,
CUST132856,Hyderabad,North Indian,3,0,3,5.000000,,,
CUST003509,Chennai,North Indian,3,0,3,5.000000,,,
CUST059866,Pune,Biryani,3,0,3,4.666667,,,
CUST113861,Ahmedabad,North Indian,3,0,3,,,,
CUST067417,Bengaluru,Pizza,3,0,3,4.000000,,,
CUST179089,Bengaluru,Pizza,3,0,3,4.666667,,,
CUST136277,Bengaluru,Pizza,3,0,3,5.000000,,,
CUST181931,Hyderabad,Desserts,3,0,3,,,,
CUST132378,Mumbai,Healthy,3,0,3,4.500000,,,
CUST091710,Delhi,North Indian,3,0,3,5.000000,,,
CUST024887,Kolkata,Biryani,3,0,3,4.500000,,,
CUST092269,Bengaluru,Healthy,3,0,3,5.000000,,,
CUST177856,Delhi,South Indian,3,0,3,4.000000,,,
CUST060289,Pune,Biryani,3,0,3,5.000000,,,
CUST149675,Chennai,Pizza,4,1,3,4.500000,,,-5.000000
CUST138483,Kolkata,Pizza,3,0,3,4.000000,,,
CUST033359,Mumbai,Desserts,3,0,3,4.500000,,,
CUST030193,Pune,Pizza,3,0,3,5.000000,,,
CUST168448,Chennai,South Indian,3,0,3,5.000000,,,
CUST157563,Hyderabad,North Indian,3,0,3,4.500000,,,
CUST096667,Pune,North Indian,3,0,3,5.000000,,,
CUST064119,Bengaluru,Biryani,3,0,3,5.000000,,,
CUST160816,Mumbai,North Indian,3,0,3,5.000000,,,
CUST163516,Mumbai,South Indian,3,0,3,5.000000,,,
CUST006141,Hyderabad,Fast Food,3,0,3,5.000000,,,
CUST019866,Kolkata,Pizza,3,0,3,4.000000,,,
CUST187085,Hyderabad,North Indian,3,0,3,5.000000,,,
CUST196646,Ahmedabad,North Indian,3,0,3,5.000000,,,
CUST097792,Mumbai,Fast Food,3,0,3,4.000000,,,
CUST114084,Kolkata,North Indian,3,0,3,4.500000,,,
CUST184612,Bengaluru,South Indian,3,0,3,4.000000,,,
CUST052988,Delhi,Biryani,3,0,3,4.000000,,,
CUST113935,Chennai,North Indian,3,0,3,5.000000,,,
CUST193521,Mumbai,South Indian,3,0,3,5.000000,,,
CUST007457,Bengaluru,Biryani,3,0,3,4.000000,,,
CUST116351,Delhi,North Indian,3,0,3,5.000000,,,
CUST125470,Mumbai,South Indian,3,0,3,4.333333,,,
CUST138456,Chennai,Desserts,3,0,3,5.000000,,,
CUST084049,Delhi,Biryani,3,0,3,5.000000,,,
CUST065258,Hyderabad,Pizza,3,0,3,4.333333,,,
CUST161817,Mumbai,Healthy,3,0,3,4.000000,,,
CUST199298,Chennai,Pizza,3,0,3,4.500000,,,
CUST176436,Bengaluru,Fast Food,3,0,3,4.000000,,,
CUST167826,Hyderabad,Pizza,3,0,3,4.500000,,,
CUST065479,Mumbai,Biryani,3,0,3,5.000000,,,
CUST085326,Mumbai,North Indian,3,0,3,5.000000,,,
CUST051735,Pune,Biryani,3,0,3,,,,
CUST109308,Bengaluru,South Indian,3,0,3,,,,
CUST079520,Ahmedabad,North Indian,3,0,3,4.000000,,,
CUST161428,Delhi,Biryani,3,0,3,4.500000,,,
CUST084378,Bengaluru,Pizza,3,0,3,4.000000,,,
CUST111668,Bengaluru,Fast Food,3,0,3,,,,
CUST001452,Ahmedabad,South Indian,3,0,3,4.500000,,,
CUST129055,Delhi,North Indian,3,0,3,4.666667,,,
CUST107277,Chennai,South Indian,3,0,3,,,,
CUST130338,Delhi,South Indian,3,0,3,4.500000,,,
CUST028365,Mumbai,South Indian,3,0,3,5.000000,,,
CUST016701,Bengaluru,Biryani,3,0,3,4.000000,,,
CUST046358,Chennai,Biryani,3,0,3,5.000000,,,
CUST038396,Bengaluru,Chinese,3,0,3,5.000000,,,
CUST094995,Delhi,Biryani,3,0,3,4.500000,,,
CUST106741,Hyderabad,North Indian,3,0,3,5.000000,,,
CUST011602,Chennai,North Indian,4,1,3,4.666667,,,2.000000
CUST010372,Chennai,Biryani,3,0,3,5.000000,,,
CUST129065,Kolkata,South Indian,3,0,3,5.000000,,,
CUST106507,Pune,South Indian,3,0,3,4.500000,,,
CUST029687,Mumbai,North Indian,3,0,3,,,,
CUST131370,Chennai,Chinese,3,0,3,5.000000,,,
CUST108001,Chennai,Fast Food,3,0,3,5.000000,,,
CUST008875,Bengaluru,South Indian,3,0,3,4.500000,,,
CUST087494,Delhi,North Indian,3,0,3,4.000000,,,
CUST135060,Chennai,North Indian,3,0,3,5.000000,,,
CUST105643,Chennai,Fast Food,3,0,3,,,,
CUST033950,Bengaluru,North Indian,3,0,3,4.000000,,,
CUST148891,Delhi,Pizza,3,0,3,4.000000,,,
CUST033029,Ahmedabad,Biryani,3,0,3,4.500000,,,
CUST053867,Pune,Chinese,3,0,3,5.000000,,,
CUST199216,Chennai,North Indian,3,0,3,4.500000,,,
CUST178317,Bengaluru,Chinese,3,0,3,4.666667,,,
CUST180509,Delhi,Biryani,3,0,3,4.500000,,,
CUST039487,Bengaluru,Biryani,3,0,3,4.000000,,,
CUST191788,Ahmedabad,Fast Food,3,0,3,4.666667,,,
CUST111710,Chennai,North Indian,3,0,3,5.000000,,,
CUST047969,Hyderabad,Pizza,3,0,3,,,,
CUST151498,Mumbai,Fast Food,3,0,3,5.000000,,,
CUST131245,Bengaluru,North Indian,3,0,3,5.000000,,,
CUST105041,Bengaluru,Desserts,3,0,3,5.000000,,,
CUST000795,Mumbai,Desserts,3,0,3,5.000000,,,
CUST037289,Bengaluru,Desserts,3,0,3,,,,
CUST070769,Mumbai,North Indian,3,0,3,4.000000,,,
CUST012370,Ahmedabad,Desserts,3,0,3,4.500000,,,
CUST017360,Delhi,Desserts,3,0,3,5.000000,,,
CUST016695,Ahmedabad,Chinese,3,0,3,4.000000,,,
CUST098999,Ahmedabad,North Indian,3,0,3,,,,
CUST080371,Ahmedabad,Healthy,3,0,3,5.000000,,,
CUST191924,Bengaluru,Fast Food,4,1,3,4.500000,,,17.000000
CUST042502,Pune,Desserts,3,0,3,4.500000,,,
CUST163390,Delhi,North Indian,3,0,3,4.000000,,,
CUST030197,Delhi,Biryani,3,0,3,5.000000,,,
CUST038690,Chennai,Biryani,3,0,3,4.000000,,,
CUST094632,Bengaluru,Biryani,3,0,3,4.000000,,,
CUST138155,Delhi,Biryani,3,0,3,5.000000,,,
CUST043175,Bengaluru,Healthy,3,0,3,5.000000,,,
CUST103500,Mumbai,North Indian,3,0,3,4.000000,,,
CUST093935,Chennai,North Indian,3,0,3,4.500000,,,
CUST102673,Pune,Chinese,3,0,3,5.000000,,,
CUST036227,Pune,North Indian,3,0,3,4.000000,,,
CUST118305,Mumbai,North Indian,3,0,3,4.000000,,,
CUST069393,Chennai,Pizza,3,0,3,5.000000,,,
CUST192925,Mumbai,North Indian,3,0,3,5.000000,,,
CUST064771,Delhi,Chinese,3,0,3,4.000000,,,
CUST022785,Chennai,Chinese,3,0,3,5.000000,,,
CUST030993,Delhi,Pizza,3,0,3,4.000000,,,
CUST058914,Mumbai,South Indian,3,0,3,4.000000,,,
CUST070869,Bengaluru,Desserts,3,0,3,4.000000,,,
CUST136932,Bengaluru,Chinese,3,0,3,5.000000,,,
CUST078282,Pune,Biryani,3,0,3,5.000000,,,
CUST160494,Pune,North Indian,3,0,3,4.500000,,,
CUST095268,Bengaluru,Pizza,3,0,3,4.500000,,,
CUST001842,Pune,Fast Food,3,0,3,5.000000,,,
CUST196016,Chennai,Biryani,3,0,3,5.000000,,,
CUST097288,Kolkata,Fast Food,3,0,3,4.000000,,,
CUST108166,Pune,South Indian,3,0,3,,,,
CUST131228,Bengaluru,Pizza,3,0,3,5.000000,,,
CUST032359,Delhi,North Indian,3,0,3,4.500000,,,
CUST053064,Chennai,North Indian,3,0,3,4.000000,,,
CUST136157,Bengaluru,Pizza,3,0,3,4.500000,,,
CUST028669,Bengaluru,Chinese,3,0,3,5.000000,,,
CUST118509,Bengaluru,Chinese,3,0,3,5.000000,,,
CUST156740,Delhi,Chinese,3,0,3,4.000000,,,
CUST095821,Bengaluru,Pizza,3,0,3,4.333333,,,
CUST174582,Chennai,North Indian,3,0,3,4.000000,,,
CUST113538,Kolkata,North Indian,3,0,3,5.000000,,,
CUST197678,Mumbai,South Indian,3,0,3,,,,
CUST107642,Bengaluru,South Indian,3,0,3,4.500000,,,
CUST004706,Hyderabad,North Indian,3,0,3,4.333333,,,
CUST142799,Hyderabad,Pizza,3,0,3,5.000000,,,
CUST060245,Hyderabad,Pizza,3,0,3,4.500000,,,
CUST132490,Mumbai,Desserts,3,0,3,5.000000,,,
CUST165467,Chennai,Chinese,3,0,3,4.000000,,,
CUST007931,Kolkata,South Indian,3,0,3,4.000000,,,
CUST182046,Mumbai,Chinese,3,0,3,5.000000,,,
CUST056492,Bengaluru,North Indian,3,0,3,5.000000,,,
CUST028522,Bengaluru,Healthy,3,0,3,5.000000,,,
CUST125900,Delhi,North Indian,3,0,3,4.000000,,,
CUST115109,Hyderabad,Biryani,3,0,3,5.000000,,,
CUST106651,Hyderabad,North Indian,3,0,3,5.000000,,,
CUST088953,Bengaluru,South Indian,3,0,3,,,,
CUST005393,Ahmedabad,Fast Food,3,0,3,4.500000,,,
CUST123769,Bengaluru,Healthy,3,0,3,5.000000,,,
CUST154440,Delhi,Pizza,3,0,3,5.000000,,,
CUST140295,Bengaluru,Chinese,3,0,3,4.000000,,,
CUST057039,Bengaluru,Pizza,3,0,3,4.333333,,,
CUST037363,Pune,Pizza,3,0,3,5.000000,,,
CUST057320,Mumbai,Pizza,3,0,3,4.000000,,,
CUST022472,Bengaluru,South Indian,3,0,3,4.000000,,,
CUST104599,Pune,Biryani,3,0,3,,,,
CUST076431,Bengaluru,Biryani,3,0,3,4.500000,,,
CUST006656,Mumbai,North Indian,3,0,3,4.000000,,,
CUST165255,Kolkata,South Indian,3,0,3,,,,
CUST178540,Ahmedabad,Healthy,3,0,3,4.500000,,,
CUST130645,Bengaluru,Chinese,3,0,3,4.000000,,,
CUST091898,Hyderabad,Chinese,3,0,3,5.000000,,,
CUST036029,Pune,South Indian,3,0,3,4.666667,,,
CUST057016,Bengaluru,South Indian,3,0,3,4.500000,,,
CUST092767,Delhi,Chinese,3,0,3,4.500000,,,
CUST175683,Bengaluru,South Indian,3,0,3,4.333333,,,
CUST005449,Pune,Chinese,3,0,3,4.500000,,,
CUST041217,Bengaluru,Biryani,3,0,3,5.000000,,,
CUST186822,Bengaluru,Chinese,3,0,3,4.500000,,,
CUST118370,Chennai,South Indian,3,0,3,,,,
CUST062034,Delhi,Fast Food,3,0,3,5.000000,,,
CUST082087,Bengaluru,North Indian,3,0,3,,,,
CUST174483,Bengaluru,Fast Food,3,0,3,4.333333,,,
CUST038965,Mumbai,South Indian,3,0,3,4.000000,,,
CUST194078,Chennai,Biryani,3,0,3,4.000000,,,
CUST090606,Mumbai,Desserts,3,0,3,5.000000,,,
CUST123316,Hyderabad,Desserts,3,0,3,4.500000,,,
CUST184240,Delhi,Chinese,3,0,3,4.000000,,,
CUST136095,Kolkata,Chinese,3,0,3,5.000000,,,
CUST092317,Mumbai,North Indian,3,0,3,4.500000,,,
CUST189609,Kolkata,Pizza,3,0,3,,,,
CUST164024,Mumbai,Fast Food,3,0,3,4.000000,,,
CUST174127,Mumbai,Healthy,3,0,3,4.000000,,,
CUST074322,Kolkata,Chinese,3,0,3,5.000000,,,
CUST123814,Mumbai,Biryani,3,0,3,5.000000,,,
CUST065153,Mumbai,Fast Food,3,0,3,4.000000,,,
CUST067378,Bengaluru,South Indian,3,0,3,5.000000,,,
CUST127080,Pune,Pizza,3,0,3,4.500000,,,
CUST080584,Hyderabad,Healthy,3,0,3,4.000000,,,
CUST088568,Chennai,South Indian,3,0,3,4.500000,,,
CUST179031,Bengaluru,North Indian,3,0,3,4.000000,,,
CUST039858,Bengaluru,Pizza,3,0,3,4.000000,,,
CUST165370,Delhi,South Indian,3,0,3,5.000000,,,
CUST134061,Delhi,Pizza,3,0,3,4.000000,,,
CUST034215,Delhi,South Indian,3,0,3,5.000000,,,
CUST193000,Bengaluru,North Indian,3,0,3,4.500000,,,
CUST160335,Mumbai,Biryani,3,0,3,5.000000,,,
CUST136591,Mumbai,Chinese,3,0,3,4.000000,,,
CUST025321,Pune,South Indian,3,0,3,4.666667,,,
CUST077462,Chennai,Biryani,3,0,3,,,,
CUST126087,Chennai,North Indian,3,0,3,,,,
CUST157047,Ahmedabad,Desserts,3,0,3,4.000000,,,
CUST153746,Hyderabad,Biryani,3,0,3,,,,
CUST061065,Mumbai,Desserts,3,0,3,5.000000,,,
CUST018700,Delhi,South Indian,3,0,3,,,,
CUST175313,Kolkata,Pizza,3,0,3,4.500000,,,
CUST005709,Ahmedabad,South Indian,3,0,3,4.000000,,,
CUST021232,Pune,North Indian,3,0,3,4.000000,,,
CUST098637,Mumbai,North Indian,3,0,3,4.000000,,,
CUST088939,Bengaluru,Biryani,3,0,3,4.500000,,,
CUST185156,Pune,North Indian,3,0,3,4.666667,,,
CUST068418,Hyderabad,North Indian,3,0,3,4.500000,,,
CUST123901,Kolkata,South Indian,3,0,3,5.000000,,,
CUST048264,Delhi,Biryani,3,0,3,4.500000,,,
CUST192786,Chennai,South Indian,3,0,3,,,,
CUST012046,Hyderabad,Chinese,3,0,3,5.000000,,,
CUST118856,Chennai,South Indian,3,0,3,5.000000,,,
CUST120028,Hyderabad,North Indian,3,0,3,,,,
CUST044349,Delhi,North Indian,3,0,3,4.500000,,,
CUST077267,Hyderabad,Fast Food,3,0,3,4.000000,,,
CUST017559,Bengaluru,Desserts,3,0,3,,,,
CUST138335,Bengaluru,Chinese,3,0,3,4.500000,,,
CUST037014,Bengaluru,Biryani,3,0,3,4.500000,,,
CUST173904,Mumbai,Pizza,3,0,3,,,,
CUST148604,Mumbai,South Indian,3,0,3,4.500000,,,
CUST028430,Delhi,Chinese,3,0,3,4.500000,,,
CUST006990,Hyderabad,South Indian,3,0,3,5.000000,,,
CUST149635,Mumbai,Chinese,3,0,3,5.000000,,,
CUST164491,Hyderabad,North Indian,3,0,3,5.000000,,,
CUST101889,Chennai,Fast Food,3,0,3,4.000000,,,
CUST091203,Hyderabad,North Indian,3,0,3,5.000000,,,
CUST036910,Ahmedabad,Biryani,3,0,3,4.000000,,,
CUST093181,Kolkata,Pizza,3,0,3,,,,
CUST161026,Bengaluru,Pizza,3,0,3,4.000000,,,
CUST100242,Chennai,South Indian,3,0,3,4.000000,,,
CUST047299,Pune,Fast Food,3,0,3,4.000000,,,
CUST004807,Ahmedabad,South Indian,3,0,3,4.333333,,,
CUST160887,Kolkata,Chinese,3,0,3,4.000000,,,
CUST013044,Hyderabad,Healthy,3,0,3,5.000000,,,
CUST095765,Mumbai,North Indian,3,0,3,4.000000,,,
CUST045816,Bengaluru,Chinese,3,0,3,5.000000,,,
CUST002789,Bengaluru,Pizza,3,0,3,5.000000,,,
CUST070218,Bengaluru,South Indian,3,0,3,5.000000,,,
CUST073054,Delhi,Chinese,3,0,3,5.000000,,,
CUST085662,Bengaluru,North Indian,3,0,3,4.000000,,,
CUST068815,Bengaluru,Chinese,3,0,3,5.000000,,,
CUST142129,Delhi,Biryani,3,0,3,5.000000,,,
CUST051442,Bengaluru,North Indian,3,0,3,4.000000,,,
CUST165132,Bengaluru,Fast Food,3,0,3,,,,
CUST007981,Bengaluru,Desserts,3,0,3,4.333333,,,
CUST161606,Ahmedabad,Pizza,3,0,3,4.000000,,,
CUST067644,Delhi,Biryani,4,1,3,5.000000,,,9.000000
CUST064536,Mumbai,Biryani,3,0,3,4.500000,,,
CUST065092,Pune,Fast Food,3,0,3,5.000000,,,
CUST161867,Bengaluru,Biryani,3,0,3,4.500000,,,
CUST075679,Kolkata,Fast Food,3,0,3,4.000000,,,
CUST005437,Chennai,Pizza,3,0,3,5.000000,,,
CUST074901,Hyderabad,Healthy,3,0,3,5.000000,,,
CUST131064,Hyderabad,Biryani,3,0,3,,,,
CUST141855,Kolkata,Pizza,3,0,3,4.000000,,,
CUST067085,Delhi,North Indian,3,0,3,4.333333,,,
CUST055809,Delhi,Chinese,3,0,3,5.000000,,,
CUST193468,Bengaluru,Biryani,3,0,3,4.500000,,,
CUST175481,Chennai,Chinese,3,0,3,4.500000,,,
CUST012341,Chennai,South Indian,3,0,3,4.000000,,,
CUST069924,Chennai,Desserts,3,0,3,4.000000,,,
CUST065956,Hyderabad,South Indian,3,0,3,4.500000,,,
CUST147614,Ahmedabad,Chinese,3,0,3,5.000000,,,
CUST042752,Mumbai,South Indian,3,0,3,5.000000,,,
CUST106858,Chennai,North Indian,3,0,3,4.000000,,,
CUST032977,Bengaluru,Pizza,3,0,3,5.000000,,,
CUST024100,Mumbai,Biryani,3,0,3,4.000000,,,
CUST016686,Chennai,Desserts,3,0,3,4.500000,,,
CUST124685,Kolkata,Desserts,3,0,3,4.000000,,,
CUST127223,Bengaluru,Chinese,3,0,3,4.000000,,,
CUST080229,Bengaluru,Pizza,3,0,3,4.500000,,,
CUST160790,Ahmedabad,Healthy,3,0,3,4.000000,,,
CUST125432,Hyderabad,Chinese,3,0,3,,,,
CUST139992,Bengaluru,North Indian,3,0,3,4.666667,,,
CUST194392,Delhi,Pizza,3,0,3,4.333333,,,
CUST090645,Chennai,Biryani,3,0,3,4.000000,,,
CUST102116,Mumbai,Desserts,3,0,3,5.000000,,,
CUST131465,Kolkata,Pizza,3,0,3,4.500000,,,
CUST107142,Bengaluru,Chinese,3,0,3,5.000000,,,
CUST015778,Kolkata,North Indian,3,0,3,5.000000,,,
CUST186031,Bengaluru,Pizza,3,0,3,,,,
CUST139848,Delhi,North Indian,3,0,3,4.000000,,,
CUST178238,Bengaluru,Chinese,3,0,3,4.500000,,,
CUST056598,Bengaluru,South Indian,3,0,3,,,,
CUST099880,Hyderabad,North Indian,3,0,3,5.000000,,,
CUST185550,Bengaluru,North Indian,3,0,3,4.500000,,,
CUST052192,Hyderabad,Biryani,3,0,3,5.000000,,,
CUST183785,Pune,Desserts,3,0,3,5.000000,,,
CUST010487,Pune,Desserts,3,0,3,4.500000,,,
CUST037936,Bengaluru,Biryani,3,0,3,,,,
CUST149767,Bengaluru,Fast Food,3,0,3,5.000000,,,
CUST012529,Chennai,Biryani,3,0,3,5.000000,,,
CUST126260,Mumbai,Biryani,3,0,3,5.000000,,,
CUST135272,Bengaluru,Chinese,3,0,3,5.000000,,,
CUST016791,Delhi,North Indian,3,0,3,4.000000,,,
CUST015096,Hyderabad,Pizza,3,0,3,4.000000,,,
CUST080476,Bengaluru,North Indian,3,0,3,,,,
CUST137751,Bengaluru,Biryani,3,0,3,5.000000,,,
CUST026242,Delhi,North Indian,3,0,3,4.500000,,,
CUST100261,Mumbai,Biryani,3,0,3,4.500000,,,
CUST138230,Bengaluru,Desserts,3,0,3,4.666667,,,
CUST068813,Ahmedabad,Pizza,3,0,3,,,,
CUST043030,Ahmedabad,South Indian,3,0,3,,,,
CUST074466,Bengaluru,Biryani,3,0,3,5.000000,,,
CUST175366,Hyderabad,Desserts,3,0,3,5.000000,,,
CUST026958,Bengaluru,Healthy,3,0,3,4.500000,,,
CUST031291,Delhi,North Indian,3,0,3,,,,
CUST037966,Mumbai,Biryani,3,0,3,4.500000,,,
CUST016611,Pune,Biryani,3,0,3,5.000000,,,
CUST049333,Hyderabad,North Indian,3,0,3,4.666667,,,
CUST034480,Bengaluru,North Indian,3,0,3,4.000000,,,
CUST061612,Bengaluru,Biryani,3,0,3,5.000000,,,
CUST152692,Kolkata,South Indian,3,0,3,4.000000,,,
CUST115763,Mumbai,Desserts,3,0,3,,,,
CUST096495,Mumbai,Biryani,3,0,3,4.000000,,,
CUST044645,Bengaluru,North Indian,3,0,3,,,,
CUST154747,Bengaluru,Biryani,3,0,3,,,,
CUST188583,Bengaluru,Chinese,3,0,3,,,,
CUST065490,Mumbai,North Indian,3,0,3,4.000000,,,
CUST073855,Pune,North Indian,3,0,3,4.000000,,,
CUST043242,Mumbai,North Indian,3,0,3,5.000000,,,
CUST037003,Mumbai,Chinese,3,0,3,4.500000,,,
CUST139156,Bengaluru,Biryani,3,0,3,4.000000,,,
CUST002301,Kolkata,Biryani,3,0,3,,,,
CUST129889,Delhi,Healthy,3,0,3,4.500000,,,
CUST148618,Kolkata,Chinese,3,0,3,4.500000,,,
CUST199806,Bengaluru,North Indian,3,0,3,4.000000,,,
CUST113934,Bengaluru,North Indian,3,0,3,5.000000,,,
CUST074427,Delhi,Biryani,3,0,3,4.333333,,,
CUST022535,Mumbai,Healthy,3,0,3,5.000000,,,
CUST169601,Bengaluru,Fast Food,3,0,3,4.500000,,,
CUST043919,Chennai,North Indian,3,0,3,5.000000,,,
CUST027586,Bengaluru,Pizza,3,0,3,4.500000,,,
CUST182725,Bengaluru,Fast Food,3,0,3,5.000000,,,
CUST103116,Kolkata,Biryani,3,0,3,4.500000,,,
CUST035691,Bengaluru,Biryani,3,0,3,4.000000,,,
CUST063342,Bengaluru,North Indian,3,0,3,,,,
CUST073051,Bengaluru,Desserts,3,0,3,4.500000,,,
CUST007929,Bengaluru,North Indian,3,0,3,4.666667,,,
CUST182930,Chennai,Biryani,3,0,3,5.000000,,,
CUST095693,Delhi,Pizza,3,0,3,5.000000,,,
CUST082729,Kolkata,Pizza,3,0,3,5.000000,,,
CUST188556,Hyderabad,South Indian,3,0,3,5.000000,,,
CUST064371,Bengaluru,South Indian,3,0,3,5.000000,,,
CUST056148,Bengaluru,Chinese,3,0,3,5.000000,,,
CUST143169,Mumbai,North Indian,3,0,3,5.000000,,,
CUST146003,Hyderabad,Biryani,3,0,3,4.000000,,,
CUST080571,Mumbai,Fast Food,3,0,3,4.500000,,,
CUST054303,Mumbai,Biryani,3,0,3,4.500000,,,
CUST060757,Bengaluru,Pizza,3,0,3,5.000000,,,
CUST116546,Hyderabad,North Indian,3,0,3,4.000000,,,
CUST027231,Pune,South Indian,3,0,3,4.500000,,,
CUST153878,Mumbai,Pizza,3,0,3,,,,
CUST179868,Kolkata,Healthy,3,0,3,4.333333,,,
CUST117793,Pune,Biryani,3,0,3,4.666667,,,
CUST167876,Chennai,North Indian,3,0,3,4.000000,,,
CUST007434,Bengaluru,Fast Food,3,0,3,4.000000,,,
CUST107301,Bengaluru,Chinese,3,0,3,5.000000,,,
CUST127239,Pune,North Indian,3,0,3,4.500000,,,
CUST043832,Bengaluru,Chinese,3,0,3,,,,
CUST195479,Bengaluru,Desserts,3,0,3,4.000000,,,
CUST150045,Mumbai,South Indian,3,0,3,5.000000,,,
CUST034443,Hyderabad,Biryani,3,0,3,5.000000,,,
CUST190328,Delhi,Fast Food,3,0,3,4.000000,,,
CUST152144,Delhi,North Indian,3,0,3,,,,
CUST051906,Delhi,Pizza,3,0,3,4.000000,,,
CUST159136,Pune,Fast Food,3,0,3,5.000000,,,
CUST003940,Delhi,North Indian,3,0,3,5.000000,,,
CUST166318,Delhi,North Indian,3,0,3,5.000000,,,
CUST151448,Hyderabad,Biryani,3,0,3,4.500000,,,
CUST077385,Chennai,South Indian,3,0,3,4.000000,,,
CUST014711,Mumbai,Pizza,3,0,3,4.666667,,,
CUST125830,Bengaluru,Chinese,3,0,3,5.000000,,,
CUST144130,Chennai,South Indian,3,0,3,5.000000,,,
CUST080153,Mumbai,Desserts,3,0,3,5.000000,,,
CUST139641,Kolkata,Pizza,3,0,3,4.500000,,,
CUST021181,Bengaluru,South Indian,3,0,3,5.000000,,,
CUST049889,Bengaluru,Desserts,3,0,3,4.500000,,,
CUST058872,Ahmedabad,South Indian,3,0,3,4.500000,,,
CUST181535,Delhi,North Indian,3,0,3,5.000000,,,
CUST130144,Bengaluru,North Indian,3,0,3,5.000000,,,
CUST127454,Bengaluru,North Indian,3,0,3,5.000000,,,
CUST023596,Mumbai,Chinese,3,0,3,4.333333,,,
CUST093692,Ahmedabad,Fast Food,3,0,3,,,,
CUST174480,Delhi,North Indian,3,0,3,4.000000,,,
CUST157687,Delhi,Biryani,3,0,3,4.500000,,,
CUST150966,Delhi,Pizza,3,0,3,5.000000,,,
CUST135569,Kolkata,North Indian,3,0,3,4.500000,,,
CUST158140,Mumbai,North Indian,3,0,3,5.000000,,,
CUST078454,Delhi,Desserts,3,0,3,4.333333,,,
CUST018394,Bengaluru,South Indian,3,0,3,4.000000,,,
CUST012677,Bengaluru,Fast Food,3,0,3,5.000000,,,
CUST065301,Bengaluru,Chinese,3,0,3,,,,
CUST106873,Delhi,North Indian,3,0,3,4.333333,,,
CUST114292,Mumbai,Biryani,3,0,3,4.000000,,,
CUST006066,Pune,South Indian,3,0,3,4.500000,,,
CUST041332,Hyderabad,Pizza,3,0,3,5.000000,,,
CUST013027,Bengaluru,South Indian,3,0,3,4.500000,,,
CUST034394,Mumbai,Chinese,3,0,3,4.000000,,,
CUST023919,Chennai,Pizza,3,0,3,4.500000,,,
CUST002037,Bengaluru,Healthy,3,0,3,5.000000,,,
CUST177906,Pune,South Indian,3,0,3,5.000000,,,
CUST065047,Ahmedabad,Biryani,3,0,3,5.000000,,,
CUST097836,Mumbai,Healthy,3,0,3,5.000000,,,
CUST053295,Kolkata,Fast Food,3,0,3,,,,
CUST124213,Pune,Biryani,3,0,3,4.500000,,,
CUST159112,Delhi,Pizza,3,0,3,4.500000,,,
CUST149609,Delhi,Chinese,3,0,3,4.500000,,,
CUST034343,Pune,Desserts,3,0,3,4.000000,,,
CUST178210,Delhi,Pizza,3,0,3,4.500000,,,
CUST160572,Chennai,Fast Food,3,0,3,5.000000,,,
CUST139705,Mumbai,Healthy,3,0,3,5.000000,,,
CUST030340,Chennai,North Indian,3,0,3,4.500000,,,
CUST088017,Mumbai,South Indian,3,0,3,5.000000,,,
CUST151120,Mumbai,South Indian,3,0,3,5.000000,,,
CUST152750,Delhi,Biryani,3,0,3,5.000000,,,
CUST125945,Delhi,Healthy,3,0,3,4.000000,,,
CUST007372,Bengaluru,South Indian,3,0,3,4.000000,,,
CUST022266,Delhi,Fast Food,3,0,3,,,,
CUST016743,Delhi,Chinese,3,0,3,5.000000,,,
CUST054491,Mumbai,Pizza,3,0,3,4.500000,,,
CUST096852,Mumbai,Pizza,3,0,3,5.000000,,,
CUST100174,Chennai,Fast Food,3,0,3,5.000000,,,
CUST193465,Mumbai,Biryani,3,0,3,4.500000,,,
CUST178946,Mumbai,Chinese,3,0,3,4.666667,,,
CUST190529,Delhi,Fast Food,3,0,3,5.000000,,,
CUST018885,Kolkata,Desserts,3,0,3,5.000000,,,
CUST132065,Mumbai,North Indian,3,0,3,,,,
CUST190844,Mumbai,South Indian,3,0,3,5.000000,,,
CUST042260,Delhi,Chinese,3,0,3,4.500000,,,
CUST083524,Bengaluru,Healthy,3,0,3,5.000000,,,
CUST075512,Hyderabad,Pizza,3,0,3,5.000000,,,
CUST136608,Hyderabad,Biryani,3,0,3,4.500000,,,
CUST110209,Delhi,North Indian,3,0,3,4.000000,,,
CUST015200,Delhi,Chinese,3,0,3,4.000000,,,
CUST108557,Chennai,North Indian,3,0,3,4.666667,,,
CUST081553,Mumbai,Chinese,3,0,3,5.000000,,,
CUST197085,Chennai,Fast Food,3,0,3,5.000000,,,
CUST052866,Delhi,South Indian,3,0,3,4.000000,,,
CUST116188,Bengaluru,South Indian,3,0,3,4.500000,,,
CUST163932,Mumbai,Pizza,3,0,3,4.500000,,,
CUST127581,Pune,Biryani,3,0,3,5.000000,,,
CUST086462,Pune,Fast Food,3,0,3,5.000000,,,
CUST183248,Bengaluru,Pizza,3,0,3,4.000000,,,
CUST096008,Chennai,Fast Food,3,0,3,4.500000,,,
CUST160715,Ahmedabad,North Indian,3,0,3,4.500000,,,
CUST025513,Bengaluru,Pizza,3,0,3,5.000000,,,
CUST189443,Bengaluru,Biryani,3,0,3,4.333333,,,
CUST024113,Bengaluru,North Indian,3,0,3,4.000000,,,
CUST143462,Kolkata,Pizza,3,0,3,4.000000,,,
CUST191829,Bengaluru,Chinese,3,0,3,5.000000,,,
CUST067403,Bengaluru,Pizza,3,0,3,4.000000,,,
CUST100208,Bengaluru,Biryani,3,0,3,,,,
CUST019011,Pune,Fast Food,3,0,3,4.500000,,,
CUST041996,Bengaluru,Desserts,3,0,3,4.500000,,,
CUST002962,Mumbai,Chinese,3,0,3,,,,
CUST031414,Bengaluru,North Indian,3,0,3,5.000000,,,
CUST189310,Hyderabad,North Indian,3,0,3,4.500000,,,
CUST138153,Pune,Desserts,3,0,3,4.000000,,,
CUST055889,Chennai,Chinese,3,0,3,4.000000,,,
CUST099291,Kolkata,North Indian,3,0,3,4.000000,,,
CUST037117,Bengaluru,South Indian,3,0,3,4.666667,,,
CUST128177,Bengaluru,North Indian,4,1,3,4.500000,,,1.000000
CUST088303,Mumbai,Pizza,3,0,3,5.000000,,,
CUST099070,Bengaluru,Fast Food,3,0,3,4.500000,,,
CUST028523,Mumbai,Chinese,3,0,3,4.500000,,,
CUST020063,Hyderabad,Biryani,3,0,3,4.000000,,,
CUST165858,Mumbai,Biryani,3,0,3,5.000000,,,
CUST040753,Kolkata,Chinese,3,0,3,5.000000,,,
CUST136124,Bengaluru,South Indian,3,0,3,,,,
CUST024580,Ahmedabad,Chinese,4,1,3,4.666667,,,4.000000
CUST052610,Mumbai,Healthy,3,0,3,,,,
CUST198615,Mumbai,Chinese,3,0,3,,,,
CUST058926,Pune,South Indian,3,0,3,4.500000,,,
CUST109556,Delhi,Fast Food,3,0,3,,,,
CUST186752,Mumbai,Biryani,3,0,3,5.000000,,,
CUST128410,Mumbai,Healthy,3,0,3,4.000000,,,
CUST038756,Mumbai,Pizza,3,0,3,5.000000,,,
CUST159053,Ahmedabad,North Indian,3,0,3,4.666667,,,
CUST022617,Bengaluru,Fast Food,3,0,3,,,,
CUST056055,Bengaluru,North Indian,3,0,3,,,,
CUST196006,Delhi,North Indian,3,0,3,4.000000,,,
CUST167699,Hyderabad,North Indian,3,0,3,4.333333,,,
CUST141061,Mumbai,South Indian,3,0,3,5.000000,,,
CUST195271,Chennai,Chinese,3,0,3,4.000000,,,
CUST110275,Kolkata,Pizza,3,0,3,5.000000,,,
CUST105642,Bengaluru,North Indian,3,0,3,4.500000,,,
CUST157412,Pune,North Indian,3,0,3,5.000000,,,
CUST063084,Delhi,Pizza,3,0,3,5.000000,,,
CUST038267,Chennai,Biryani,3,0,3,4.500000,,,
CUST058584,Chennai,North Indian,3,0,3,,,,
CUST040112,Hyderabad,Desserts,3,0,3,4.000000,,,
CUST101804,Bengaluru,North Indian,3,0,3,5.000000,,,
CUST131013,Kolkata,Chinese,3,0,3,5.000000,,,
CUST083901,Bengaluru,South Indian,3,0,3,5.000000,,,
CUST146305,Kolkata,South Indian,3,0,3,5.000000,,,
CUST094916,Hyderabad,North Indian,3,0,3,,,,
CUST164864,Mumbai,Chinese,3,0,3,5.000000,,,
CUST189313,Delhi,Pizza,3,0,3,4.666667,,,
CUST167989,Mumbai,North Indian,3,0,3,,,,
CUST134880,Delhi,North Indian,3,0,3,4.500000,,,
CUST152384,Delhi,Pizza,3,0,3,4.500000,,,
CUST140994,Mumbai,Desserts,3,0,3,4.000000,,,
CUST128235,Bengaluru,Fast Food,3,0,3,5.000000,,,
CUST138437,Hyderabad,Chinese,3,0,3,5.000000,,,
CUST066493,Hyderabad,North Indian,3,0,3,5.000000,,,
CUST011154,Mumbai,Biryani,3,0,3,,,,
CUST048376,Kolkata,Pizza,3,0,3,5.000000,,,
CUST016650,Pune,South Indian,3,0,3,4.500000,,,
CUST160083,Ahmedabad,North Indian,3,0,3,4.000000,,,
CUST005863,Mumbai,Chinese,3,0,3,,,,
CUST083116,Ahmedabad,North Indian,3,0,3,5.000000,,,
CUST039425,Pune,South Indian,4,1,3,4.333333,,,27.000000
CUST144192,Ahmedabad,South Indian,3,0,3,4.000000,,,
CUST026256,Bengaluru,Healthy,3,0,3,,,,
CUST132604,Ahmedabad,South Indian,3,0,3,4.000000,,,
CUST129501,Bengaluru,Desserts,3,0,3,4.000000,,,
CUST007968,Bengaluru,Fast Food,3,0,3,4.000000,,,
CUST097109,Delhi,North Indian,3,0,3,4.333333,,,
CUST031786,Hyderabad,Fast Food,3,0,3,4.000000,,,
CUST177230,Delhi,Biryani,3,0,3,4.000000,,,
CUST083131,Delhi,Biryani,3,0,3,5.000000,,,
CUST051158,Delhi,Chinese,3,0,3,5.000000,,,
CUST119031,Bengaluru,North Indian,3,0,3,,,,
CUST152191,Hyderabad,South Indian,3,0,3,4.000000,,,
CUST034138,Chennai,Pizza,3,0,3,5.000000,,,
CUST037888,Pune,Chinese,3,0,3,4.500000,,,
CUST026409,Mumbai,Chinese,3,0,3,4.000000,,,
CUST193906,Hyderabad,Pizza,3,0,3,4.000000,,,
CUST122619,Bengaluru,Fast Food,3,0,3,,,,
CUST194327,Mumbai,North Indian,3,0,3,4.333333,,,
CUST139676,Chennai,North Indian,3,0,3,,,,
CUST177658,Bengaluru,Chinese,3,0,3,,,,
CUST055716,Mumbai,Biryani,3,0,3,,,,
CUST019188,Bengaluru,North Indian,3,0,3,4.000000,,,
CUST015556,Ahmedabad,Healthy,3,0,3,4.500000,,,
CUST081905,Kolkata,South Indian,3,0,3,5.000000,,,
CUST103904,Kolkata,South Indian,3,0,3,5.000000,,,
CUST199238,Chennai,South Indian,3,0,3,4.500000,,,
CUST061760,Hyderabad,South Indian,3,0,3,4.500000,,,
CUST089013,Ahmedabad,North Indian,3,0,3,4.000000,,,
CUST114463,Pune,Biryani,3,0,3,5.000000,,,
CUST057303,Delhi,Pizza,3,0,3,5.000000,,,
CUST138213,Bengaluru,Biryani,3,0,3,5.000000,,,
CUST028766,Mumbai,Chinese,3,0,3,4.000000,,,
CUST094919,Bengaluru,Chinese,3,0,3,5.000000,,,
CUST179173,Pune,Chinese,3,0,3,5.000000,,,
CUST082692,Mumbai,Biryani,3,0,3,4.000000,,,
CUST100622,Chennai,Chinese,3,0,3,4.500000,,,
CUST145314,Pune,Fast Food,3,0,3,5.000000,,,
CUST051231,Pune,Fast Food,3,0,3,,,,
CUST030365,Bengaluru,Biryani,3,0,3,,,,
CUST182201,Hyderabad,Chinese,3,0,3,4.000000,,,
CUST041734,Delhi,Healthy,3,0,3,4.500000,,,
CUST058197,Bengaluru,South Indian,3,0,3,4.333333,,,
CUST061758,Delhi,South Indian,3,0,3,4.500000,,,
CUST028564,Ahmedabad,Pizza,3,0,3,4.500000,,,
CUST113277,Pune,Biryani,3,0,3,4.500000,,,
CUST082451,Pune,North Indian,3,0,3,4.000000,,,
CUST155810,Chennai,Biryani,3,0,3,,,,
CUST108133,Mumbai,Fast Food,3,0,3,5.000000,,,
CUST045069,Mumbai,South Indian,3,0,3,4.500000,,,
CUST079299,Bengaluru,Biryani,3,0,3,4.500000,,,
CUST008138,Kolkata,Chinese,3,0,3,4.500000,,,
CUST046840,Mumbai,Healthy,3,0,3,4.500000,,,
CUST166646,Bengaluru,North Indian,3,0,3,5.000000,,,
CUST117549,Delhi,Pizza,3,0,3,4.500000,,,
CUST107362,Bengaluru,North Indian,3,0,3,5.000000,,,
CUST003227,Bengaluru,Fast Food,3,0,3,,,,
CUST002515,Kolkata,North Indian,3,0,3,4.666667,,,
CUST006197,Hyderabad,Pizza,3,0,3,5.000000,,,
CUST098288,Ahmedabad,North Indian,3,0,3,5.000000,,,
CUST021850,Bengaluru,Chinese,3,0,3,4.000000,,,
CUST129666,Bengaluru,Chinese,3,0,3,4.500000,,,
CUST095955,Kolkata,Chinese,3,0,3,,,,
CUST041773,Ahmedabad,South Indian,3,0,3,5.000000,,,
CUST013696,Bengaluru,Chinese,3,0,3,4.000000,,,
CUST037333,Mumbai,Biryani,3,0,3,5.000000,,,
CUST061006,Bengaluru,South Indian,3,0,3,4.500000,,,
CUST132596,Kolkata,Biryani,3,0,3,4.500000,,,
CUST196848,Pune,South Indian,3,0,3,4.000000,,,
CUST044602,Mumbai,Fast Food,3,0,3,5.000000,,,
CUST126512,Bengaluru,North Indian,3,0,3,5.000000,,,
CUST174668,Bengaluru,South Indian,3,0,3,4.000000,,,
CUST081500,Delhi,South Indian,3,0,3,4.500000,,,
CUST171569,Hyderabad,Biryani,3,0,3,5.000000,,,
CUST045760,Mumbai,Healthy,3,0,3,,,,
CUST145204,Pune,South Indian,3,0,3,,,,
CUST192754,Bengaluru,North Indian,3,0,3,4.666667,,,
CUST050338,Ahmedabad,North Indian,3,0,3,5.000000,,,
CUST047166,Delhi,Pizza,3,0,3,4.500000,,,
CUST140611,Mumbai,North Indian,3,0,3,4.000000,,,
CUST082935,Bengaluru,North Indian,3,0,3,4.000000,,,
CUST187724,Bengaluru,North Indian,3,0,3,4.000000,,,
CUST150082,Delhi,South Indian,3,0,3,4.500000,,,
CUST099531,Mumbai,South Indian,3,0,3,5.000000,,,
CUST171829,Ahmedabad,Chinese,3,0,3,4.500000,,,
CUST025389,Delhi,Biryani,3,0,3,4.000000,,,
CUST076997,Ahmedabad,North Indian,3,0,3,4.000000,,,
CUST145378,Chennai,North Indian,3,0,3,4.000000,,,
CUST084587,Hyderabad,South Indian,3,0,3,5.000000,,,
CUST190706,Bengaluru,South Indian,3,0,3,4.500000,,,
CUST057515,Bengaluru,South Indian,3,0,3,5.000000,,,
CUST131249,Chennai,North Indian,3,0,3,5.000000,,,
CUST046891,Pune,South Indian,3,0,3,4.500000,,,
CUST069179,Hyderabad,Chinese,3,0,3,4.000000,,,
CUST057116,Hyderabad,Biryani,3,0,3,5.000000,,,
CUST097287,Bengaluru,Biryani,3,0,3,4.500000,,,
CUST074342,Bengaluru,Pizza,3,0,3,4.000000,,,
CUST128388,Bengaluru,Chinese,3,0,3,5.000000,,,
CUST081275,Ahmedabad,North Indian,3,0,3,4.500000,,,
CUST095340,Mumbai,Chinese,3,0,3,4.000000,,,
CUST011601,Bengaluru,Fast Food,3,0,3,4.000000,,,
CUST099663,Ahmedabad,South Indian,3,0,3,5.000000,,,
CUST100107,Bengaluru,South Indian,3,0,3,5.000000,,,
CUST082374,Delhi,North Indian,3,0,3,5.000000,,,
CUST024427,Delhi,Desserts,3,0,3,,,,
CUST008181,Bengaluru,Chinese,3,0,3,4.000000,,,
CUST085560,Bengaluru,South Indian,3,0,3,,,,
CUST142183,Bengaluru,Biryani,3,0,3,5.000000,,,
CUST069668,Delhi,South Indian,4,1,3,4.250000,,,12.000000
CUST127285,Bengaluru,North Indian,3,0,3,4.000000,,,
CUST089901,Pune,Biryani,3,0,3,4.000000,,,
CUST127163,Chennai,South Indian,3,0,3,5.000000,,,
CUST194180,Mumbai,Biryani,3,0,3,4.666667,,,
CUST051372,Chennai,Biryani,3,0,3,4.000000,,,
CUST035133,Mumbai,Healthy,3,0,3,5.000000,,,
CUST096634,Kolkata,Healthy,3,0,3,4.500000,,,
CUST076160,Bengaluru,Biryani,3,0,3,5.000000,,,
CUST113597,Ahmedabad,South Indian,3,0,3,4.666667,,,
CUST048440,Bengaluru,Biryani,3,0,3,4.666667,,,
CUST081854,Mumbai,Desserts,3,0,3,5.000000,,,
CUST051858,Kolkata,South Indian,3,0,3,4.500000,,,
CUST185348,Delhi,Desserts,3,0,3,4.000000,,,
CUST188799,Hyderabad,Chinese,3,0,3,4.000000,,,
CUST157103,Bengaluru,South Indian,3,0,3,4.500000,,,
CUST021430,Hyderabad,North Indian,3,0,3,4.000000,,,
CUST101498,Bengaluru,Healthy,3,0,3,5.000000,,,
CUST015407,Delhi,Fast Food,3,0,3,,,,
CUST029492,Bengaluru,North Indian,4,1,3,4.000000,,,-8.000000
CUST121907,Kolkata,Desserts,3,0,3,5.000000,,,
CUST192301,Bengaluru,Biryani,3,0,3,5.000000,,,
CUST131970,Bengaluru,Healthy,3,0,3,4.500000,,,
CUST166626,Kolkata,Chinese,4,1,3,4.000000,,,30.000000
CUST190184,Mumbai,North Indian,3,0,3,4.500000,,,
CUST058336,Chennai,North Indian,3,0,3,4.666667,,,
CUST133637,Bengaluru,South Indian,3,0,3,4.666667,,,
CUST098368,Mumbai,Chinese,3,0,3,4.000000,,,
CUST154112,Bengaluru,Fast Food,3,0,3,4.000000,,,
CUST170349,Delhi,South Indian,3,0,3,5.000000,,,
CUST042176,Bengaluru,North Indian,3,0,3,4.333333,,,
CUST148752,Bengaluru,Fast Food,3,0,3,4.000000,,,
CUST070755,Chennai,Biryani,3,0,3,5.000000,,,
CUST033545,Ahmedabad,Biryani,3,0,3,4.500000,,,
CUST033967,Mumbai,Healthy,3,0,3,5.000000,,,
CUST188835,Mumbai,Desserts,3,0,3,5.000000,,,
CUST096849,Pune,Pizza,3,0,3,4.000000,,,
CUST140392,Chennai,Fast Food,3,0,3,5.000000,,,
CUST132589,Hyderabad,South Indian,3,0,3,5.000000,,,
CUST114967,Mumbai,North Indian,3,0,3,5.000000,,,
CUST052373,Pune,North Indian,3,0,3,5.000000,,,
CUST190329,Bengaluru,Biryani,3,0,3,5.000000,,,
CUST057129,Kolkata,South Indian,3,0,3,5.000000,,,
CUST039395,Bengaluru,North Indian,3,0,3,5.000000,,,
CUST173210,Pune,Fast Food,3,0,3,4.000000,,,
CUST149704,Delhi,Pizza,3,0,3,4.000000,,,
CUST055844,Bengaluru,Fast Food,3,0,3,4.500000,,,
CUST174831,Bengaluru,Healthy,3,0,3,,,,
CUST114692,Ahmedabad,Desserts,3,0,3,4.500000,,,
CUST011006,Mumbai,Chinese,3,0,3,4.500000,,,
CUST064741,Mumbai,Desserts,3,0,3,5.000000,,,
CUST122825,Hyderabad,Biryani,3,0,3,4.500000,,,
CUST193342,Bengaluru,Chinese,3,0,3,4.500000,,,
CUST071073,Hyderabad,Pizza,3,0,3,4.666667,,,
CUST073601,Mumbai,Chinese,3,0,3,4.500000,,,
CUST183420,Delhi,Biryani,3,0,3,5.000000,,,
CUST037834,Chennai,Pizza,3,0,3,4.500000,,,
CUST192288,Bengaluru,Desserts,3,0,3,5.000000,,,
CUST159241,Bengaluru,South Indian,3,0,3,,,,
CUST055636,Bengaluru,North Indian,3,0,3,,,,
CUST132453,Hyderabad,Desserts,3,0,3,5.000000,,,
CUST036962,Delhi,Pizza,3,0,3,4.666667,,,
CUST148560,Bengaluru,Desserts,3,0,3,4.000000,,,
CUST178200,Bengaluru,South Indian,3,0,3,,,,
CUST031942,Hyderabad,Biryani,3,0,3,5.000000,,,
CUST182064,Bengaluru,Biryani,3,0,3,4.500000,,,
CUST028671,Pune,Chinese,3,0,3,5.000000,,,
CUST018869,Bengaluru,Desserts,3,0,3,5.000000,,,
CUST091587,Bengaluru,Biryani,3,0,3,5.000000,,,
CUST076418,Kolkata,Chinese,3,0,3,,,,
CUST163646,Chennai,Desserts,4,1,3,4.666667,,,29.000000
CUST138507,Ahmedabad,North Indian,3,0,3,5.000000,,,
CUST127117,Chennai,Chinese,3,0,3,5.000000,,,
CUST077204,Bengaluru,Chinese,3,0,3,5.000000,,,
CUST149183,Hyderabad,Chinese,3,0,3,4.333333,,,
CUST140654,Mumbai,South Indian,3,0,3,4.500000,,,
CUST023685,Ahmedabad,Biryani,3,0,3,4.000000,,,
CUST165285,Hyderabad,South Indian,3,0,3,4.000000,,,
CUST102801,Ahmedabad,Pizza,3,0,3,4.000000,,,
CUST152726,Kolkata,Chinese,3,0,3,5.000000,,,
CUST123720,Bengaluru,North Indian,3,0,3,4.000000,,,
CUST158453,Kolkata,Chinese,3,0,3,4.666667,,,
CUST196877,Kolkata,North Indian,3,0,3,,4.000000,,
CUST076698,Mumbai,Biryani,3,0,3,4.000000,,,
CUST040460,Mumbai,South Indian,3,0,3,,,,
CUST029766,Mumbai,Pizza,3,0,3,5.000000,,,
CUST031587,Delhi,Chinese,3,0,3,5.000000,,,
CUST060411,Mumbai,Chinese,3,0,3,3.666667,,,
CUST180911,Bengaluru,North Indian,3,0,3,4.500000,,,
CUST021828,Mumbai,Pizza,3,0,3,4.500000,,,
CUST168312,Hyderabad,North Indian,3,0,3,5.000000,,,
CUST021917,Bengaluru,Pizza,3,0,3,4.500000,,,
CUST011204,Pune,Chinese,3,0,3,,,,
CUST099602,Delhi,Biryani,3,0,3,,,,
CUST104298,Kolkata,Pizza,3,0,3,5.000000,,,
CUST000816,Hyderabad,Pizza,3,0,3,4.500000,,,
CUST002676,Ahmedabad,South Indian,3,0,3,4.000000,,,
CUST052454,Kolkata,Healthy,3,0,3,4.000000,,,
CUST181397,Mumbai,Healthy,3,0,3,5.000000,,,
CUST159880,Delhi,Biryani,3,0,3,,4.000000,,
CUST125241,Delhi,Chinese,3,0,3,,,,
CUST106620,Delhi,South Indian,3,0,3,4.000000,,,
CUST060962,Delhi,Desserts,3,0,3,5.000000,,,
CUST097121,Ahmedabad,Chinese,3,0,3,,,,
CUST131623,Bengaluru,South Indian,3,0,3,4.666667,,,
CUST169939,Mumbai,North Indian,3,0,3,4.333333,,,
CUST059412,Kolkata,Pizza,3,0,3,5.000000,,,
CUST141674,Mumbai,South Indian,3,0,3,5.000000,,,
CUST173763,Mumbai,Chinese,3,0,3,4.666667,,,
CUST038948,Ahmedabad,Chinese,3,0,3,4.500000,,,
CUST056773,Bengaluru,Desserts,3,0,3,4.500000,,,
CUST077103,Bengaluru,South Indian,3,0,3,4.000000,,,
CUST089700,Mumbai,Biryani,3,0,3,4.000000,,,
CUST112650,Chennai,Pizza,3,0,3,4.500000,,,
CUST137393,Bengaluru,Desserts,3,0,3,4.500000,,,
CUST014215,Mumbai,Chinese,3,0,3,4.333333,,,
CUST081052,Mumbai,North Indian,3,0,3,4.000000,,,
CUST060929,Delhi,Chinese,3,0,3,4.000000,,,
CUST003183,Kolkata,Chinese,3,0,3,4.000000,,,
CUST181984,Hyderabad,Pizza,3,0,3,5.000000,,,
CUST189852,Bengaluru,Desserts,3,0,3,4.000000,,,
CUST056604,Delhi,North Indian,3,0,3,4.333333,,,
CUST056407,Mumbai,Fast Food,3,0,3,4.000000,,,
CUST115797,Pune,North Indian,3,0,3,4.666667,,,
CUST160269,Pune,South Indian,3,0,3,5.000000,,,
CUST036992,Pune,Desserts,3,0,3,5.000000,,,
CUST120729,Delhi,Desserts,3,0,3,4.000000,,,
CUST014906,Delhi,North Indian,3,0,3,,,,
CUST139114,Bengaluru,Pizza,3,0,3,5.000000,,,
CUST193296,Bengaluru,Biryani,3,0,3,5.000000,,,
CUST045876,Bengaluru,Chinese,3,0,3,4.333333,,,
CUST015115,Delhi,Pizza,3,0,3,4.000000,,,
CUST187573,Bengaluru,Fast Food,3,0,3,5.000000,,,
CUST130216,Chennai,South Indian,3,0,3,4.500000,,,
CUST197249,Mumbai,Fast Food,3,0,3,4.333333,,,
CUST069379,Bengaluru,Chinese,3,0,3,5.000000,,,
CUST021324,Mumbai,Pizza,4,1,3,4.000000,,,9.000000
CUST118269,Bengaluru,Pizza,3,0,3,4.000000,,,
CUST143154,Delhi,Biryani,3,0,3,,,,
CUST110622,Kolkata,South Indian,3,0,3,4.666667,,,
CUST072945,Bengaluru,Biryani,3,0,3,4.500000,,,
CUST077517,Ahmedabad,Healthy,3,0,3,4.000000,,,
CUST010588,Delhi,North Indian,3,0,3,5.000000,,,
CUST191469,Delhi,South Indian,3,0,3,4.000000,,,
CUST187855,Bengaluru,Desserts,3,0,3,,,,
CUST137852,Chennai,North Indian,3,0,3,4.000000,,,
CUST101329,Hyderabad,Chinese,3,0,3,5.000000,,,
CUST119592,Kolkata,South Indian,3,0,3,,,,
CUST034654,Hyderabad,North Indian,3,0,3,5.000000,,,
CUST113944,Chennai,Biryani,3,0,3,5.000000,,,
CUST095690,Bengaluru,Fast Food,3,0,3,5.000000,,,
CUST097017,Chennai,North Indian,3,0,3,5.000000,,,
CUST081912,Bengaluru,Pizza,3,0,3,,,,
CUST106515,Ahmedabad,Biryani,3,0,3,4.000000,,,
CUST156079,Delhi,North Indian,3,0,3,4.500000,,,
CUST026413,Delhi,Chinese,3,0,3,5.000000,,,
CUST111029,Bengaluru,North Indian,3,0,3,5.000000,,,
CUST190480,Mumbai,Chinese,3,0,3,,,,
CUST007632,Hyderabad,Biryani,3,0,3,5.000000,,,
CUST148740,Hyderabad,Chinese,3,0,3,4.000000,,,
CUST156532,Chennai,Chinese,3,0,3,5.000000,,,
CUST076320,Mumbai,Desserts,3,0,3,4.000000,,,
CUST176646,Bengaluru,South Indian,3,0,3,4.500000,,,
CUST117775,Mumbai,Chinese,3,0,3,,,,
CUST036729,Bengaluru,Biryani,3,0,3,4.000000,,,
CUST188011,Bengaluru,Desserts,3,0,3,5.000000,,,
CUST010347,Bengaluru,South Indian,3,0,3,5.000000,,,
CUST126397,Bengaluru,North Indian,3,0,3,5.000000,,,
CUST116451,Bengaluru,Pizza,3,0,3,5.000000,,,
CUST105166,Hyderabad,Chinese,3,0,3,4.500000,,,
CUST027182,Pune,North Indian,3,0,3,4.500000,,,
CUST110890,Ahmedabad,Healthy,3,0,3,4.666667,,,
CUST174823,Bengaluru,Chinese,3,0,3,4.000000,,,
CUST166975,Kolkata,Pizza,3,0,3,4.500000,,,
CUST103593,Hyderabad,Desserts,3,0,3,5.000000,,,
CUST067824,Chennai,Desserts,3,0,3,4.500000,,,
CUST199509,Pune,Biryani,3,0,3,5.000000,,,
CUST021600,Ahmedabad,Pizza,3,0,3,4.000000,,,
CUST051506,Ahmedabad,North Indian,3,0,3,5.000000,,,
CUST010238,Pune,North Indian,3,0,3,4.500000,,,
CUST022526,Mumbai,North Indian,3,0,3,5.000000,,,
CUST067529,Ahmedabad,Biryani,3,0,3,5.000000,,,
CUST038070,Bengaluru,Chinese,3,0,3,5.000000,,,
CUST193722,Kolkata,Desserts,3,0,3,5.000000,,,
CUST114995,Delhi,Chinese,3,0,3,4.000000,,,
CUST079341,Chennai,North Indian,3,0,3,4.000000,,,
CUST154114,Hyderabad,Pizza,3,0,3,5.000000,,,
CUST062947,Bengaluru,Biryani,3,0,3,,,,
CUST053292,Mumbai,Fast Food,3,0,3,5.000000,,,
CUST181718,Mumbai,Biryani,3,0,3,4.500000,,,
CUST100836,Mumbai,North Indian,3,0,3,,,,
CUST023818,Bengaluru,Pizza,3,0,3,4.000000,,,
CUST030234,Chennai,North Indian,3,0,3,4.500000,,,
CUST118782,Bengaluru,Desserts,3,0,3,4.000000,,,
CUST082688,Bengaluru,Healthy,3,0,3,5.000000,,,
CUST116022,Pune,Desserts,3,0,3,,,,
CUST135886,Mumbai,Desserts,3,0,3,4.000000,,,
CUST099812,Delhi,South Indian,3,0,3,4.000000,,,
CUST062148,Ahmedabad,North Indian,3,0,3,5.000000,,,
CUST126232,Mumbai,North Indian,3,0,3,5.000000,,,
CUST181786,Bengaluru,North Indian,3,0,3,4.000000,,,
CUST084178,Pune,South Indian,3,0,3,4.000000,,,
CUST059733,Delhi,North Indian,3,0,3,4.500000,,,
CUST000452,Bengaluru,Healthy,3,0,3,4.500000,,,
CUST111764,Bengaluru,South Indian,3,0,3,4.500000,,,
CUST096746,Bengaluru,Fast Food,3,0,3,4.500000,,,
CUST190373,Hyderabad,South Indian,3,0,3,4.000000,,,
CUST111438,Hyderabad,Healthy,3,0,3,4.500000,,,
CUST004661,Bengaluru,Biryani,3,0,3,5.000000,,,
CUST049038,Hyderabad,South Indian,3,0,3,,,,
CUST101049,Bengaluru,Biryani,3,0,3,4.333333,,,
CUST085518,Delhi,Desserts,3,0,3,4.000000,,,
CUST125628,Delhi,North Indian,3,0,3,5.000000,,,
CUST025969,Hyderabad,Biryani,3,0,3,5.000000,,,
CUST001122,Bengaluru,Chinese,4,1,3,4.666667,,,16.000000
CUST003005,Hyderabad,Biryani,3,0,3,,,,
CUST055741,Mumbai,Pizza,3,0,3,4.000000,,,
CUST190045,Pune,South Indian,3,0,3,4.666667,,,
CUST039969,Mumbai,Pizza,3,0,3,5.000000,,,
CUST072239,Bengaluru,Chinese,3,0,3,5.000000,,,
CUST010553,Chennai,Biryani,3,0,3,,,,
CUST064098,Bengaluru,Chinese,3,0,3,5.000000,,,
CUST188992,Chennai,Fast Food,3,0,3,5.000000,,,
CUST161187,Bengaluru,Pizza,3,0,3,5.000000,,,
CUST172581,Bengaluru,Desserts,3,0,3,4.500000,,,
CUST059464,Kolkata,Fast Food,3,0,3,,,,
CUST028588,Delhi,Desserts,3,0,3,4.500000,,,
CUST132134,Bengaluru,North Indian,3,0,3,4.500000,,,
CUST007229,Bengaluru,Chinese,3,0,3,5.000000,,,
CUST082154,Ahmedabad,Biryani,3,0,3,4.333333,,,
CUST054586,Mumbai,Desserts,3,0,3,4.500000,,,
CUST118371,Bengaluru,Chinese,3,0,3,4.000000,,,
CUST037956,Mumbai,Biryani,3,0,3,4.333333,,,
CUST072467,Bengaluru,North Indian,3,0,3,4.000000,,,
CUST052140,Mumbai,North Indian,3,0,3,4.500000,,,
CUST062537,Chennai,Desserts,3,0,3,5.000000,,,
CUST111011,Hyderabad,Fast Food,3,0,3,4.000000,,,
CUST008456,Mumbai,Biryani,3,0,3,5.000000,,,
CUST039270,Bengaluru,Fast Food,3,0,3,5.000000,,,
CUST081953,Pune,Healthy,3,0,3,4.500000,,,
CUST091999,Bengaluru,Chinese,3,0,3,4.000000,,,
CUST137170,Bengaluru,South Indian,3,0,3,5.000000,,,
CUST020461,Mumbai,North Indian,3,0,3,4.500000,,,
CUST016602,Bengaluru,North Indian,3,0,3,,,,
CUST024846,Bengaluru,North Indian,3,0,3,4.000000,,,
CUST148692,Bengaluru,Desserts,3,0,3,5.000000,,,
CUST125213,Bengaluru,North Indian,3,0,3,,,,
CUST158084,Hyderabad,Pizza,3,0,3,4.500000,,,
CUST075066,Pune,Fast Food,3,0,3,5.000000,,,
CUST115347,Kolkata,Chinese,3,0,3,4.500000,,,
CUST071394,Mumbai,Fast Food,3,0,3,4.333333,,,
CUST153083,Delhi,South Indian,3,0,3,4.000000,,,
CUST106668,Pune,South Indian,3,0,3,4.333333,,,
CUST041254,Delhi,Fast Food,3,0,3,4.000000,,,
CUST067622,Bengaluru,Chinese,3,0,3,5.000000,,,
CUST145723,Ahmedabad,North Indian,3,0,3,4.000000,,,
CUST047255,Bengaluru,South Indian,3,0,3,5.000000,,,
CUST102425,Bengaluru,South Indian,3,0,3,4.500000,,,
CUST005341,Bengaluru,North Indian,3,0,3,4.000000,,,
CUST059488,Delhi,North Indian,3,0,3,5.000000,,,
CUST050638,Bengaluru,Fast Food,3,0,3,4.000000,,,
CUST063220,Bengaluru,Biryani,3,0,3,5.000000,,,
CUST112596,Hyderabad,Pizza,3,0,3,5.000000,,,
CUST015712,Pune,Chinese,3,0,3,4.500000,,,
CUST149354,Mumbai,South Indian,3,0,3,5.000000,,,
CUST102123,Bengaluru,Chinese,3,0,3,4.000000,,,
CUST026951,Delhi,North Indian,3,0,3,4.500000,,,
CUST161616,Delhi,Fast Food,3,0,3,4.333333,,,
CUST176282,Mumbai,Biryani,3,0,3,4.000000,,,
CUST103368,Delhi,Fast Food,3,0,3,4.000000,,,
CUST096402,Delhi,North Indian,3,0,3,,,,
CUST107853,Bengaluru,North Indian,3,0,3,5.000000,,,
CUST160710,Ahmedabad,South Indian,3,0,3,5.000000,,,
CUST054051,Mumbai,Healthy,3,0,3,4.333333,,,
CUST121140,Hyderabad,Fast Food,3,0,3,4.500000,,,
CUST059724,Mumbai,South Indian,3,0,3,4.000000,,,
CUST003050,Kolkata,Biryani,3,0,3,5.000000,,,
CUST052074,Ahmedabad,Pizza,3,0,3,4.000000,,,
CUST088352,Bengaluru,Chinese,3,0,3,4.500000,,,
CUST007306,Bengaluru,South Indian,3,0,3,5.000000,,,
CUST190810,Ahmedabad,South Indian,3,0,3,4.500000,,,
CUST012556,Bengaluru,Desserts,3,0,3,5.000000,,,
CUST173871,Pune,Biryani,3,0,3,5.000000,,,
CUST043243,Delhi,North Indian,3,0,3,4.500000,,,
CUST006512,Bengaluru,Pizza,3,0,3,4.000000,,,
CUST159756,Bengaluru,South Indian,3,0,3,5.000000,,,
CUST027998,Mumbai,Healthy,3,0,3,4.500000,,,
CUST115897,Mumbai,Biryani,3,0,3,5.000000,,,
CUST048042,Bengaluru,Biryani,3,0,3,4.666667,,,
CUST162098,Mumbai,Desserts,3,0,3,4.000000,,,
CUST015050,Kolkata,Chinese,3,0,3,4.500000,,,
CUST100188,Chennai,Fast Food,3,0,3,5.000000,,,
CUST134148,Bengaluru,North Indian,3,0,3,4.000000,,,
CUST139382,Chennai,Chinese,3,0,3,5.000000,,,
CUST122380,Delhi,Pizza,3,0,3,5.000000,,,
CUST192584,Bengaluru,North Indian,3,0,3,5.000000,,,
CUST164391,Bengaluru,Fast Food,3,0,3,4.666667,,,
CUST122373,Delhi,North Indian,3,0,3,5.000000,,,
CUST083757,Delhi,Chinese,3,0,3,,,,
CUST040235,Mumbai,Healthy,3,0,3,,,,
CUST012858,Mumbai,Chinese,3,0,3,5.000000,,,
CUST018936,Bengaluru,Chinese,3,0,3,4.500000,,,
CUST035801,Bengaluru,South Indian,3,0,3,5.000000,,,
CUST151495,Chennai,South Indian,3,0,3,4.000000,,,
CUST007083,Bengaluru,Desserts,3,0,3,4.333333,,,
CUST122735,Delhi,Pizza,3,0,3,4.333333,,,
CUST063476,Chennai,Biryani,3,0,3,5.000000,,,
CUST055451,Bengaluru,North Indian,3,0,3,5.000000,,,
CUST070942,Bengaluru,South Indian,3,0,3,,,,
CUST015494,Ahmedabad,South Indian,3,0,3,5.000000,,,
CUST097690,Bengaluru,Biryani,3,0,3,4.000000,,,
CUST164092,Mumbai,Fast Food,3,0,3,4.666667,,,
CUST064720,Delhi,Chinese,3,0,3,5.000000,,,
CUST178299,Bengaluru,Pizza,3,0,3,5.000000,,,
CUST141468,Chennai,Desserts,3,0,3,4.333333,,,
CUST177924,Bengaluru,Fast Food,3,0,3,4.666667,,,
CUST037927,Delhi,North Indian,3,0,3,4.500000,,,
CUST184861,Bengaluru,Fast Food,3,0,3,4.000000,,,
CUST165867,Bengaluru,Chinese,3,0,3,4.000000,,,
CUST142343,Chennai,North Indian,3,0,3,5.000000,,,
CUST133543,Mumbai,North Indian,3,0,3,5.000000,,,
CUST086334,Kolkata,North Indian,3,0,3,5.000000,,,
CUST026395,Bengaluru,North Indian,3,0,3,5.000000,,,
CUST077513,Mumbai,North Indian,3,0,3,5.000000,,,
CUST036063,Bengaluru,Pizza,3,0,3,4.000000,,,
CUST083124,Bengaluru,Healthy,3,0,3,5.000000,,,
CUST185235,Chennai,Chinese,3,0,3,,,,
CUST049552,Delhi,Desserts,3,0,3,4.500000,,,
CUST124963,Mumbai,South Indian,3,0,3,5.000000,,,
CUST095073,Delhi,Fast Food,3,0,3,,,,
CUST174090,Chennai,North Indian,3,0,3,4.500000,,,
CUST175363,Mumbai,Healthy,3,0,3,4.500000,,,
CUST112083,Delhi,Biryani,3,0,3,5.000000,,,
CUST052849,Mumbai,North Indian,3,0,3,5.000000,,,
CUST101753,Delhi,North Indian,3,0,3,5.000000,,,
CUST059564,Bengaluru,Chinese,3,0,3,5.000000,,,
CUST102292,Delhi,Biryani,3,0,3,,,,
CUST029610,Pune,South Indian,3,0,3,4.000000,,,
CUST087848,Mumbai,Chinese,3,0,3,5.000000,,,
CUST047796,Bengaluru,North Indian,3,0,3,4.500000,,,
CUST084425,Bengaluru,Biryani,3,0,3,4.666667,,,
CUST013268,Delhi,Pizza,3,0,3,4.000000,,,
CUST061020,Bengaluru,South Indian,3,0,3,5.000000,,,
CUST005797,Bengaluru,Pizza,3,0,3,5.000000,,,
CUST095201,Ahmedabad,Fast Food,3,0,3,4.666667,,,
CUST082129,Kolkata,North Indian,3,0,3,4.500000,,,
CUST070744,Kolkata,Biryani,3,0,3,5.000000,,,
CUST170647,Mumbai,Chinese,3,0,3,4.000000,,,
CUST173310,Delhi,Fast Food,3,0,3,4.500000,,,
CUST144644,Ahmedabad,Fast Food,3,0,3,5.000000,,,
CUST023356,Pune,Biryani,3,0,3,4.666667,,,
CUST108604,Chennai,Biryani,3,0,3,4.000000,,,
CUST188922,Ahmedabad,North Indian,3,0,3,5.000000,,,
CUST068286,Ahmedabad,North Indian,3,0,3,5.000000,,,
CUST014348,Chennai,South Indian,3,0,3,5.000000,,,
CUST179214,Pune,South Indian,3,0,3,4.000000,,,
CUST175515,Bengaluru,Chinese,3,0,3,5.000000,,,
CUST002683,Bengaluru,North Indian,3,0,3,5.000000,,,
CUST148597,Bengaluru,North Indian,3,0,3,4.000000,,,
CUST196909,Bengaluru,South Indian,3,0,3,4.500000,,,
CUST182258,Bengaluru,Desserts,3,0,3,,,,
CUST000986,Hyderabad,Healthy,3,0,3,5.000000,,,
CUST091728,Pune,Biryani,3,0,3,4.000000,,,
CUST010001,Hyderabad,Desserts,3,0,3,4.666667,,,
CUST008539,Chennai,Healthy,3,0,3,4.000000,,,
CUST109425,Delhi,North Indian,3,0,3,4.500000,,,
CUST196835,Delhi,Pizza,3,0,3,4.000000,,,
CUST132484,Mumbai,Pizza,3,0,3,5.000000,,,
CUST188118,Mumbai,Chinese,3,0,3,5.000000,,,
CUST069042,Bengaluru,South Indian,3,0,3,4.333333,,,
CUST051326,Bengaluru,Chinese,3,0,3,4.666667,,,
CUST188476,Mumbai,North Indian,3,0,3,,,,
CUST161872,Bengaluru,North Indian,3,0,3,4.333333,,,
CUST001806,Bengaluru,South Indian,3,0,3,4.000000,,,
CUST105937,Mumbai,South Indian,3,0,3,4.500000,,,
CUST124657,Bengaluru,Fast Food,3,0,3,4.666667,,,
CUST156143,Bengaluru,Biryani,3,0,3,,,,
CUST101877,Bengaluru,North Indian,4,1,3,4.750000,,,19.000000
CUST014351,Kolkata,Biryani,3,0,3,5.000000,,,
CUST019026,Bengaluru,Pizza,3,0,3,4.000000,,,
CUST198611,Chennai,Pizza,3,0,3,5.000000,,,
CUST056910,Mumbai,Biryani,3,0,3,5.000000,,,
CUST060109,Chennai,South Indian,3,0,3,4.000000,,,
CUST070141,Pune,North Indian,3,0,3,5.000000,,,
CUST003648,Hyderabad,North Indian,3,0,3,,,,
CUST161955,Pune,Pizza,3,0,3,4.000000,,,
CUST192752,Delhi,Chinese,3,0,3,4.000000,,,
CUST025385,Kolkata,Chinese,3,0,3,,,,
CUST084552,Kolkata,Fast Food,3,0,3,5.000000,,,
CUST005462,Bengaluru,North Indian,3,0,3,4.000000,,,
CUST121705,Mumbai,Chinese,3,0,3,5.000000,,,
CUST140858,Bengaluru,Healthy,3,0,3,5.000000,,,
CUST152263,Bengaluru,Biryani,3,0,3,,,,
CUST103048,Delhi,Pizza,3,0,3,4.000000,,,
CUST051234,Delhi,North Indian,3,0,3,5.000000,,,
CUST028926,Mumbai,Pizza,3,0,3,5.000000,,,
CUST106399,Mumbai,North Indian,3,0,3,4.500000,,,
CUST070885,Bengaluru,North Indian,3,0,3,5.000000,,,
CUST142526,Pune,Fast Food,3,0,3,4.000000,,,
CUST077004,Bengaluru,North Indian,3,0,3,5.000000,,,
CUST053302,Bengaluru,South Indian,3,0,3,4.500000,,,
CUST177908,Ahmedabad,Fast Food,3,0,3,5.000000,,,
CUST134757,Bengaluru,Biryani,3,0,3,4.000000,,,
CUST191355,Delhi,Chinese,3,0,3,5.000000,,,
CUST063448,Mumbai,South Indian,3,0,3,,,,
CUST070286,Mumbai,Healthy,3,0,3,4.500000,,,
CUST007395,Mumbai,North Indian,3,0,3,5.000000,,,
CUST186741,Bengaluru,North Indian,3,0,3,5.000000,,,
CUST005694,Pune,Desserts,3,0,3,4.333333,,,
CUST011201,Bengaluru,Pizza,3,0,3,5.000000,,,
CUST088345,Hyderabad,North Indian,3,0,3,5.000000,,,
CUST177616,Ahmedabad,North Indian,3,0,3,5.000000,,,
CUST101636,Hyderabad,South Indian,3,0,3,4.000000,,,
CUST072856,Pune,North Indian,3,0,3,,,,
CUST098819,Ahmedabad,Pizza,3,0,3,5.000000,,,
CUST182545,Mumbai,North Indian,3,0,3,4.000000,,,
CUST104254,Bengaluru,Pizza,3,0,3,4.000000,,,
CUST006397,Ahmedabad,Biryani,3,0,3,4.000000,,,
CUST048381,Mumbai,North Indian,3,0,3,4.666667,,,
CUST056366,Delhi,North Indian,3,0,3,4.500000,,,
CUST110082,Mumbai,South Indian,3,0,3,5.000000,,,
CUST140570,Mumbai,South Indian,3,0,3,,,,
CUST011258,Mumbai,Fast Food,3,0,3,4.500000,,,
CUST069309,Hyderabad,Pizza,3,0,3,4.000000,,,
CUST144619,Bengaluru,Chinese,3,0,3,5.000000,,,
CUST124074,Ahmedabad,Healthy,3,0,3,5.000000,,,
CUST093294,Delhi,Desserts,4,1,3,4.000000,,,35.000000
CUST103438,Hyderabad,Biryani,3,0,3,4.000000,,,
CUST048685,Pune,Chinese,3,0,3,,,,
CUST046647,Bengaluru,Chinese,3,0,3,5.000000,,,
CUST101532,Delhi,Chinese,3,0,3,4.000000,,,
CUST139330,Pune,Chinese,3,0,3,4.000000,,,
CUST101927,Bengaluru,Fast Food,3,0,3,4.000000,,,
CUST177197,Delhi,Pizza,3,0,3,5.000000,,,
CUST117028,Hyderabad,North Indian,3,0,3,4.666667,,,
CUST122859,Pune,Desserts,3,0,3,5.000000,,,
CUST199192,Mumbai,Biryani,3,0,3,5.000000,,,
CUST177854,Hyderabad,Pizza,3,0,3,,,,
CUST088978,Bengaluru,North Indian,3,0,3,4.500000,,,
CUST191256,Mumbai,Biryani,3,0,3,4.000000,,,
CUST025433,Delhi,Healthy,3,0,3,,,,
CUST106571,Bengaluru,North Indian,3,0,3,5.000000,,,
CUST131398,Bengaluru,Chinese,3,0,3,5.000000,,,
CUST198906,Pune,Chinese,3,0,3,4.500000,,,
CUST089089,Ahmedabad,Fast Food,3,0,3,4.000000,,,
CUST055122,Bengaluru,Fast Food,3,0,3,5.000000,,,
CUST126319,Delhi,Desserts,3,0,3,4.500000,,,
CUST141035,Bengaluru,Pizza,3,0,3,5.000000,,,
CUST029738,Kolkata,Pizza,3,0,3,,,,
CUST125577,Mumbai,South Indian,3,0,3,5.000000,,,
CUST018969,Delhi,North Indian,3,0,3,,,,
CUST174250,Mumbai,Chinese,3,0,3,,,,
CUST001794,Mumbai,North Indian,3,0,3,4.666667,,,
CUST033631,Bengaluru,Fast Food,3,0,3,4.000000,,,
CUST105036,Mumbai,North Indian,3,0,3,5.000000,,,
CUST072668,Ahmedabad,Biryani,3,0,3,4.000000,,,
CUST068762,Chennai,Chinese,3,0,3,4.500000,,,
CUST159732,Pune,Pizza,3,0,3,4.500000,,,
CUST076143,Delhi,Biryani,3,0,3,5.000000,,,
CUST065550,Pune,South Indian,3,0,3,4.000000,,,
CUST053059,Hyderabad,Chinese,3,0,3,5.000000,,,
CUST178999,Chennai,Healthy,3,0,3,5.000000,,,
CUST076803,Mumbai,North Indian,3,0,3,4.666667,,,
CUST042044,Chennai,North Indian,3,0,3,,,,
CUST146737,Delhi,Fast Food,3,0,3,5.000000,,,
CUST019699,Pune,Chinese,3,0,3,,,,
CUST112294,Ahmedabad,North Indian,3,0,3,4.500000,,,
CUST197045,Pune,Desserts,3,0,3,5.000000,,,
CUST179853,Delhi,Biryani,3,0,3,4.500000,,,
CUST023459,Mumbai,North Indian,3,0,3,5.000000,,,
CUST010939,Bengaluru,Fast Food,3,0,3,5.000000,,,
CUST173663,Bengaluru,Biryani,3,0,3,5.000000,,,
CUST029183,Mumbai,Pizza,3,0,3,4.666667,,,
CUST185730,Hyderabad,South Indian,3,0,3,4.333333,,,
CUST078810,Chennai,Desserts,3,0,3,5.000000,,,
CUST121765,Bengaluru,Healthy,3,0,3,5.000000,,,
CUST096731,Chennai,South Indian,3,0,3,4.500000,,,
CUST152706,Chennai,Chinese,3,0,3,5.000000,,,
CUST163280,Delhi,Desserts,3,0,3,4.500000,,,
CUST113139,Bengaluru,North Indian,3,0,3,4.333333,,,
CUST120601,Bengaluru,North Indian,3,0,3,5.000000,,,
CUST176557,Hyderabad,Pizza,3,0,3,4.500000,,,
CUST016582,Bengaluru,North Indian,3,0,3,4.000000,,,
CUST098880,Hyderabad,North Indian,3,0,3,4.333333,,,
CUST068085,Mumbai,Desserts,3,0,3,4.666667,,,
CUST041102,Chennai,North Indian,3,0,3,5.000000,,,
CUST152315,Bengaluru,South Indian,3,0,3,4.000000,,,
CUST164276,Mumbai,Chinese,3,0,3,,,,
CUST088815,Bengaluru,Pizza,3,0,3,4.333333,,,
CUST143871,Bengaluru,Chinese,3,0,3,5.000000,,,
CUST062483,Mumbai,Biryani,3,0,3,5.000000,,,
CUST139550,Delhi,Fast Food,3,0,3,5.000000,,,
CUST143651,Bengaluru,Fast Food,3,0,3,5.000000,,,
CUST106086,Bengaluru,Fast Food,3,0,3,5.000000,,,
CUST130866,Bengaluru,North Indian,3,0,3,4.666667,,,
CUST087637,Chennai,South Indian,3,0,3,4.333333,,,
CUST007105,Bengaluru,South Indian,3,0,3,5.000000,,,
CUST174821,Bengaluru,Chinese,3,0,3,5.000000,,,
CUST134933,Kolkata,Chinese,3,0,3,,,,
CUST173721,Kolkata,Fast Food,3,0,3,4.000000,,,
CUST058048,Delhi,North Indian,3,0,3,5.000000,,,
CUST002127,Hyderabad,North Indian,3,0,3,4.500000,,,
CUST140690,Bengaluru,Pizza,3,0,3,5.000000,,,
CUST097469,Bengaluru,Biryani,3,0,3,,,,
CUST146882,Hyderabad,South Indian,3,0,3,4.000000,,,
CUST131033,Kolkata,Fast Food,3,0,3,,,,
CUST090177,Chennai,Chinese,3,0,3,4.000000,,,
CUST100611,Ahmedabad,Pizza,3,0,3,4.666667,,,
CUST021786,Mumbai,Pizza,3,0,3,5.000000,,,
CUST028160,Bengaluru,South Indian,3,0,3,3.500000,,,
CUST159892,Chennai,Chinese,3,0,3,4.500000,,,
CUST187540,Chennai,North Indian,3,0,3,5.000000,,,
CUST043888,Mumbai,Pizza,3,0,3,,,,
CUST090816,Bengaluru,Biryani,3,0,3,5.000000,,,
CUST120067,Hyderabad,North Indian,3,0,3,4.500000,,,
CUST012940,Hyderabad,South Indian,3,0,3,4.500000,,,
CUST082319,Delhi,North Indian,3,0,3,4.500000,,,
CUST045201,Delhi,South Indian,3,0,3,5.000000,,,
CUST111023,Mumbai,Chinese,3,0,3,5.000000,,,
CUST114527,Pune,North Indian,3,0,3,5.000000,,,
CUST117670,Bengaluru,Chinese,3,0,3,5.000000,,,
CUST058450,Hyderabad,Biryani,3,0,3,5.000000,,,
CUST137444,Bengaluru,South Indian,3,0,3,5.000000,,,
CUST176665,Bengaluru,Biryani,3,0,3,4.000000,,,
CUST125977,Bengaluru,Biryani,3,0,3,4.000000,,,
CUST197430,Kolkata,Pizza,3,0,3,5.000000,,,
CUST193989,Bengaluru,Desserts,3,0,3,,,,
CUST090663,Chennai,Desserts,3,0,3,4.500000,,,
CUST053197,Delhi,Healthy,3,0,3,5.000000,,,
CUST001960,Bengaluru,South Indian,3,0,3,5.000000,,,
CUST127219,Mumbai,South Indian,3,0,3,,,,
CUST167983,Hyderabad,Biryani,3,0,3,4.000000,,,
CUST094487,Hyderabad,Biryani,3,0,3,5.000000,,,
CUST080834,Delhi,Biryani,3,0,3,4.000000,,,
CUST038846,Delhi,Biryani,3,0,3,5.000000,,,
CUST086041,Ahmedabad,Pizza,3,0,3,4.500000,,,
CUST115704,Bengaluru,Biryani,3,0,3,5.000000,,,
CUST043345,Hyderabad,South Indian,3,0,3,5.000000,,,
CUST122524,Bengaluru,Fast Food,3,0,3,4.000000,,,
CUST022755,Delhi,South Indian,3,0,3,5.000000,,,
CUST186857,Mumbai,Fast Food,3,0,3,5.000000,,,
CUST052067,Chennai,South Indian,3,0,3,4.000000,,,
CUST084756,Delhi,North Indian,3,0,3,5.000000,,,
CUST001379,Pune,Biryani,3,0,3,4.500000,,,
CUST158745,Bengaluru,Chinese,3,0,3,4.000000,,,
CUST086088,Hyderabad,Fast Food,3,0,3,4.000000,,,
CUST062744,Hyderabad,North Indian,3,0,3,4.000000,,,
CUST018932,Chennai,Chinese,3,0,3,4.333333,,,
CUST090278,Bengaluru,North Indian,3,0,3,4.000000,,,
CUST014170,Bengaluru,North Indian,3,0,3,,,,
CUST101652,Pune,North Indian,3,0,3,4.000000,,,
CUST108915,Bengaluru,South Indian,3,0,3,5.000000,,,
CUST182267,Mumbai,South Indian,3,0,3,,,,
CUST074001,Mumbai,Desserts,3,0,3,5.000000,,,
CUST192143,Pune,North Indian,3,0,3,,,,
CUST054507,Delhi,Biryani,3,0,3,5.000000,,,
CUST086082,Hyderabad,Pizza,3,0,3,4.500000,,,
CUST018591,Hyderabad,Fast Food,3,0,3,5.000000,,,
CUST018299,Bengaluru,South Indian,3,0,3,4.000000,,,
CUST008493,Delhi,Biryani,3,0,3,5.000000,,,
CUST054438,Ahmedabad,Chinese,3,0,3,,,,
CUST120666,Chennai,Chinese,3,0,3,5.000000,,,
CUST071002,Mumbai,Fast Food,3,0,3,5.000000,,,
CUST192775,Kolkata,North Indian,3,0,3,5.000000,,,
CUST026996,Chennai,North Indian,3,0,3,5.000000,,,
CUST110867,Bengaluru,Fast Food,3,0,3,5.000000,,,
CUST023439,Bengaluru,Chinese,3,0,3,4.000000,,,
CUST014681,Ahmedabad,Pizza,3,0,3,5.000000,,,
CUST037212,Hyderabad,North Indian,3,0,3,5.000000,,,
CUST188842,Mumbai,Biryani,3,0,3,4.666667,,,
CUST162641,Bengaluru,Desserts,3,0,3,5.000000,,,
CUST132491,Mumbai,Chinese,3,0,3,4.000000,,,
CUST052791,Mumbai,Biryani,3,0,3,4.500000,,,
CUST068213,Mumbai,Fast Food,3,0,3,4.333333,,,
CUST037891,Bengaluru,Chinese,3,0,3,4.500000,,,
CUST020966,Kolkata,North Indian,3,0,3,5.000000,,,
CUST128124,Hyderabad,Biryani,3,0,3,4.333333,,,
CUST004818,Mumbai,Biryani,3,0,3,5.000000,,,
CUST062527,Hyderabad,Pizza,3,0,3,5.000000,,,
CUST077505,Kolkata,Biryani,3,0,3,4.000000,,,
CUST015387,Delhi,Healthy,3,0,3,4.000000,,,
CUST131488,Bengaluru,Healthy,3,0,3,5.000000,,,
CUST147288,Bengaluru,South Indian,3,0,3,4.333333,,,
CUST030068,Bengaluru,Healthy,3,0,3,4.000000,,,
CUST162880,Delhi,Desserts,3,0,3,4.000000,,,
CUST123387,Bengaluru,South Indian,4,1,3,5.000000,,,24.000000
CUST018884,Mumbai,North Indian,3,0,3,4.000000,,,
CUST056235,Bengaluru,North Indian,3,0,3,4.000000,,,
CUST067586,Ahmedabad,Biryani,3,0,3,4.500000,,,
CUST167528,Bengaluru,Fast Food,3,0,3,4.000000,,,
CUST077273,Chennai,South Indian,3,0,3,4.000000,,,
CUST171270,Mumbai,Biryani,3,0,3,5.000000,,,
CUST085957,Bengaluru,North Indian,3,0,3,5.000000,,,
CUST160317,Mumbai,North Indian,4,1,3,4.333333,,,-9.000000
CUST083015,Kolkata,Desserts,3,0,3,4.666667,,,
CUST094477,Mumbai,Fast Food,3,0,3,5.000000,,,
CUST002085,Mumbai,South Indian,3,0,3,5.000000,,,
CUST186754,Bengaluru,Biryani,3,0,3,4.500000,,,
CUST062641,Bengaluru,Pizza,3,0,3,4.500000,,,
CUST162193,Pune,Chinese,3,0,3,4.000000,,,
CUST127883,Pune,Pizza,3,0,3,4.500000,,,
CUST192001,Bengaluru,North Indian,3,0,3,5.000000,,,
CUST198435,Bengaluru,Desserts,3,0,3,4.000000,,,
CUST181555,Bengaluru,Pizza,3,0,3,4.000000,,,
CUST165916,Chennai,North Indian,3,0,3,4.500000,,,
CUST062474,Pune,Biryani,3,0,3,4.500000,,,
CUST128297,Mumbai,South Indian,3,0,3,,,,
CUST117823,Bengaluru,South Indian,3,0,3,5.000000,,,
CUST015950,Bengaluru,Chinese,3,0,3,4.000000,,,
CUST129835,Bengaluru,South Indian,3,0,3,5.000000,,,
CUST025194,Bengaluru,Chinese,3,0,3,5.000000,,,
CUST175585,Mumbai,Healthy,3,0,3,4.000000,,,
CUST043155,Bengaluru,Chinese,3,0,3,5.000000,,,
CUST100189,Bengaluru,Biryani,3,0,3,4.500000,,,
CUST176209,Bengaluru,Biryani,3,0,3,5.000000,,,
CUST126114,Delhi,Pizza,3,0,3,4.333333,,,
CUST116580,Delhi,Healthy,3,0,3,5.000000,,,
CUST195415,Kolkata,South Indian,3,0,3,4.333333,,,
CUST076862,Kolkata,North Indian,3,0,3,5.000000,,,
CUST024548,Bengaluru,Chinese,3,0,3,4.000000,,,
CUST107757,Mumbai,North Indian,3,0,3,5.000000,,,
CUST131639,Chennai,Chinese,3,0,3,5.000000,,,
CUST046308,Pune,Fast Food,3,0,3,,,,
CUST009909,Mumbai,Desserts,3,0,3,4.000000,,,
CUST045111,Bengaluru,North Indian,3,0,3,5.000000,,,
CUST080059,Hyderabad,Biryani,3,0,3,4.000000,,,
CUST006568,Pune,Pizza,3,0,3,5.000000,,,
CUST009618,Bengaluru,North Indian,3,0,3,5.000000,,,
CUST076376,Mumbai,Chinese,3,0,3,4.666667,,,
CUST191880,Delhi,South Indian,3,0,3,,,,
CUST091956,Hyderabad,Chinese,3,0,3,5.000000,,,
CUST102746,Delhi,Chinese,3,0,3,4.000000,,,
CUST169747,Delhi,North Indian,3,0,3,4.500000,,,
CUST171099,Hyderabad,Biryani,3,0,3,5.000000,,,
CUST005559,Kolkata,Chinese,3,0,3,4.500000,,,
CUST161222,Ahmedabad,South Indian,3,0,3,4.000000,,,
CUST103570,Bengaluru,Pizza,3,0,3,4.000000,,,
CUST000088,Pune,North Indian,3,0,3,4.666667,,,
CUST057078,Delhi,Desserts,3,0,3,5.000000,,,
CUST086134,Delhi,Pizza,3,0,3,4.333333,,,
CUST195538,Mumbai,Biryani,3,0,3,5.000000,,,
CUST122224,Delhi,Desserts,3,0,3,4.666667,,,
CUST024156,Bengaluru,Pizza,3,0,3,5.000000,,,
CUST114977,Chennai,North Indian,3,0,3,4.500000,,,
CUST181529,Bengaluru,Pizza,3,0,3,4.333333,,,
CUST056293,Mumbai,Biryani,3,0,3,5.000000,,,
CUST198017,Mumbai,North Indian,3,0,3,5.000000,,,
CUST012289,Chennai,Chinese,3,0,3,4.500000,,,
CUST036082,Delhi,South Indian,3,0,3,5.000000,,,
CUST011818,Bengaluru,South Indian,4,1,3,4.666667,,,5.000000
CUST036653,Delhi,Chinese,3,0,3,,,,
CUST150554,Mumbai,Pizza,3,0,3,4.500000,,,
CUST101476,Ahmedabad,North Indian,3,0,3,5.000000,,,
CUST067772,Delhi,Biryani,3,0,3,4.500000,,,
CUST126021,Mumbai,Pizza,3,0,3,4.666667,,,
CUST191353,Pune,Desserts,3,0,3,5.000000,,,
CUST011381,Bengaluru,Healthy,3,0,3,5.000000,,,
CUST035530,Bengaluru,South Indian,3,0,3,5.000000,,,
CUST185431,Bengaluru,South Indian,3,0,3,5.000000,,,
CUST106777,Delhi,Chinese,3,0,3,5.000000,,,
CUST180226,Mumbai,South Indian,3,0,3,4.000000,,,
CUST188729,Bengaluru,North Indian,3,0,3,4.333333,,,
CUST088328,Hyderabad,Biryani,3,0,3,,,,
CUST002993,Kolkata,Chinese,3,0,3,4.000000,,,
CUST137941,Chennai,Fast Food,3,0,3,4.500000,,,
CUST098970,Pune,Biryani,3,0,3,,,,
CUST175162,Kolkata,Chinese,3,0,3,4.666667,,,
CUST016903,Delhi,South Indian,3,0,3,4.000000,,,
CUST060920,Delhi,Chinese,3,0,3,5.000000,,,
CUST048075,Chennai,North Indian,3,0,3,4.500000,,,
CUST133978,Mumbai,Pizza,3,0,3,5.000000,,,
CUST105098,Ahmedabad,Healthy,3,0,3,4.500000,,,
CUST185946,Mumbai,Fast Food,3,0,3,4.500000,,,
CUST000020,Pune,North Indian,3,0,3,5.000000,,,
CUST199158,Bengaluru,North Indian,3,0,3,5.000000,,,
CUST121604,Bengaluru,Chinese,3,0,3,4.000000,,,
CUST058631,Chennai,Fast Food,3,0,3,4.000000,,,
CUST194094,Bengaluru,North Indian,3,0,3,4.000000,,,
CUST178520,Delhi,North Indian,3,0,3,,,,
CUST046284,Bengaluru,Desserts,3,0,3,4.500000,,,
CUST092652,Chennai,North Indian,3,0,3,4.500000,,,
CUST153927,Delhi,Biryani,3,0,3,5.000000,,,
CUST069364,Pune,Chinese,3,0,3,5.000000,,,
CUST180312,Mumbai,Chinese,3,0,3,5.000000,,,
CUST109005,Delhi,North Indian,3,0,3,,,,
CUST102431,Delhi,Pizza,3,0,3,4.500000,,,
CUST054813,Bengaluru,Chinese,3,0,3,4.000000,,,
CUST103860,Delhi,South Indian,3,0,3,5.000000,,,
CUST019145,Bengaluru,North Indian,3,0,3,4.000000,,,
CUST165309,Bengaluru,North Indian,3,0,3,4.666667,,,
CUST152210,Delhi,Biryani,3,0,3,,,,
CUST124491,Bengaluru,Chinese,3,0,3,4.000000,,,
CUST180121,Bengaluru,Pizza,3,0,3,4.500000,,,
CUST027565,Bengaluru,North Indian,3,0,3,5.000000,,,
CUST103745,Bengaluru,Biryani,3,0,3,,,,
CUST050536,Hyderabad,Biryani,3,0,3,5.000000,,,
CUST002943,Chennai,Desserts,3,0,3,4.500000,,,
CUST155045,Pune,Pizza,3,0,3,4.500000,,,
CUST040552,Hyderabad,Biryani,3,0,3,5.000000,,,
CUST083017,Delhi,North Indian,3,0,3,5.000000,,,
CUST105679,Kolkata,Chinese,3,0,3,,,,
CUST053777,Pune,Chinese,3,0,3,5.000000,,,
CUST134987,Bengaluru,Healthy,3,0,3,4.333333,,,
CUST164578,Mumbai,North Indian,3,0,3,4.500000,,,
CUST087545,Bengaluru,North Indian,3,0,3,5.000000,,,
CUST158618,Chennai,Biryani,4,1,3,5.000000,,,22.000000
CUST069657,Hyderabad,Fast Food,3,0,3,4.000000,,,
CUST060855,Mumbai,North Indian,3,0,3,4.000000,,,
CUST033317,Bengaluru,North Indian,3,0,3,5.000000,,,
CUST108159,Hyderabad,North Indian,3,0,3,5.000000,,,
CUST019675,Hyderabad,North Indian,3,0,3,4.500000,,,
CUST141598,Bengaluru,Pizza,3,0,3,4.666667,,,
CUST067163,Hyderabad,Biryani,3,0,3,5.000000,,,
CUST091803,Chennai,Desserts,3,0,3,4.666667,,,
CUST154502,Mumbai,Chinese,3,0,3,4.000000,,,
CUST085896,Delhi,Chinese,3,0,3,5.000000,,,
CUST100665,Chennai,Pizza,3,0,3,5.000000,,,
CUST088868,Hyderabad,South Indian,3,0,3,4.000000,,,
CUST129268,Bengaluru,Chinese,3,0,3,5.000000,,,
CUST112412,Bengaluru,Biryani,3,0,3,4.333333,,,
CUST153000,Chennai,Chinese,4,1,3,5.000000,,,26.000000
CUST110159,Delhi,Biryani,3,0,3,4.500000,,,
CUST043035,Delhi,Biryani,3,0,3,4.000000,,,
CUST177157,Ahmedabad,North Indian,3,0,3,5.000000,,,
CUST195085,Mumbai,North Indian,3,0,3,4.500000,,,
CUST053759,Hyderabad,North Indian,3,0,3,4.333333,,,
CUST106900,Chennai,Biryani,3,0,3,5.000000,,,
CUST182421,Bengaluru,Pizza,3,0,3,,,,
CUST189034,Ahmedabad,Pizza,3,0,3,5.000000,,,
CUST077640,Bengaluru,Chinese,3,0,3,5.000000,,,
CUST128857,Pune,Healthy,3,0,3,4.500000,,,
CUST175448,Pune,Fast Food,3,0,3,4.000000,,,
CUST089479,Bengaluru,North Indian,3,0,3,4.000000,,,
CUST070525,Pune,Biryani,3,0,3,5.000000,,,
CUST127936,Bengaluru,North Indian,3,0,3,5.000000,,,
CUST073284,Chennai,Chinese,3,0,3,4.500000,,,
CUST045449,Mumbai,South Indian,3,0,3,5.000000,,,
CUST056323,Mumbai,South Indian,3,0,3,4.500000,,,
CUST158666,Delhi,Pizza,3,0,3,4.500000,,,
CUST115225,Hyderabad,Biryani,3,0,3,5.000000,,,
CUST180246,Ahmedabad,Pizza,3,0,3,4.500000,,,
CUST080175,Bengaluru,Fast Food,3,0,3,4.000000,,,
CUST150231,Kolkata,Pizza,3,0,3,4.000000,,,
CUST101683,Hyderabad,Chinese,3,0,3,5.000000,,,
CUST046425,Pune,Fast Food,3,0,3,4.000000,,,
CUST109236,Mumbai,North Indian,3,0,3,4.333333,,,
CUST166522,Bengaluru,Biryani,3,0,3,5.000000,,,
CUST148139,Mumbai,Desserts,3,0,3,4.000000,,,
CUST047123,Hyderabad,North Indian,3,0,3,4.666667,,,
CUST051162,Delhi,Biryani,3,0,3,4.000000,,,
CUST136896,Delhi,Pizza,3,0,3,4.333333,,,
CUST042470,Pune,Chinese,3,0,3,,,,
CUST081605,Bengaluru,North Indian,3,0,3,5.000000,,,
CUST175427,Ahmedabad,Biryani,3,0,3,4.666667,,,
CUST152274,Hyderabad,Pizza,3,0,3,4.666667,,,
CUST145952,Bengaluru,Desserts,3,0,3,4.000000,,,
CUST044476,Bengaluru,North Indian,3,0,3,4.666667,,,
CUST156373,Kolkata,Biryani,3,0,3,5.000000,,,
CUST060512,Hyderabad,Chinese,3,0,3,5.000000,,,
CUST099274,Bengaluru,Biryani,3,0,3,4.500000,,,
CUST168615,Delhi,North Indian,3,0,3,4.500000,,,
CUST117648,Delhi,Biryani,3,0,3,4.000000,,,
CUST120612,Mumbai,North Indian,3,0,3,4.000000,,,
CUST183203,Hyderabad,South Indian,3,0,3,4.000000,,,
CUST057401,Mumbai,Fast Food,3,0,3,4.666667,,,
CUST157648,Chennai,Biryani,3,0,3,4.000000,,,
CUST122027,Bengaluru,Chinese,3,0,3,4.333333,,,
CUST027476,Chennai,South Indian,3,0,3,4.000000,,,
CUST034255,Pune,Pizza,3,0,3,4.000000,,,
CUST081371,Mumbai,Pizza,3,0,3,,,,
CUST049975,Bengaluru,Desserts,3,0,3,5.000000,,,
CUST173226,Bengaluru,Desserts,3,0,3,4.333333,,,
CUST094025,Chennai,Pizza,3,0,3,,,,
CUST181079,Bengaluru,Biryani,4,1,3,5.000000,,,32.000000
CUST166335,Ahmedabad,North Indian,3,0,3,4.000000,,,
CUST149530,Mumbai,North Indian,3,0,3,4.666667,,,
CUST140401,Mumbai,Biryani,3,0,3,4.000000,,,
CUST077311,Bengaluru,Chinese,3,0,3,4.666667,,,
CUST140378,Delhi,Biryani,3,0,3,4.666667,,,
CUST127862,Chennai,South Indian,3,0,3,4.500000,,,
CUST110137,Hyderabad,Desserts,3,0,3,4.666667,,,
CUST143729,Pune,Desserts,3,0,3,5.000000,,,
CUST145193,Mumbai,Fast Food,4,1,3,5.000000,2.000000,3.000000,12.000000
CUST154907,Bengaluru,Chinese,4,1,3,4.666667,2.000000,2.666667,24.000000
CUST019846,Mumbai,Biryani,4,1,3,4.666667,2.000000,2.666667,5.000000
CUST105415,Delhi,Fast Food,5,2,3,4.500000,2.000000,2.500000,10.500000
CUST054238,Bengaluru,South Indian,4,1,3,5.000000,3.000000,2.000000,17.000000
CUST058126,Mumbai,Chinese,4,1,3,5.000000,3.000000,2.000000,4.000000
CUST045980,Chennai,Healthy,4,1,3,4.000000,2.000000,2.000000,11.000000
CUST170859,Delhi,Desserts,4,1,3,5.000000,3.000000,2.000000,16.000000
CUST199282,Chennai,North Indian,4,1,3,4.750000,3.000000,1.750000,35.000000
CUST126550,Hyderabad,North Indian,4,1,3,4.666667,3.000000,1.666667,20.000000
CUST114844,Bengaluru,Biryani,4,1,3,4.500000,3.000000,1.500000,3.000000
CUST169056,Delhi,North Indian,4,1,3,4.500000,3.000000,1.500000,-2.000000
CUST153418,Bengaluru,Chinese,4,1,3,4.500000,3.000000,1.500000,-1.000000
CUST155346,Kolkata,Fast Food,4,1,3,4.500000,3.000000,1.500000,9.000000
CUST133600,Delhi,North Indian,4,1,3,4.500000,3.000000,1.500000,3.000000
CUST066468,Mumbai,Pizza,3,0,3,5.000000,4.000000,1.000000,
CUST143529,Bengaluru,Chinese,3,0,3,5.000000,4.000000,1.000000,
CUST185729,Chennai,South Indian,3,0,3,5.000000,4.000000,1.000000,
CUST016468,Bengaluru,Fast Food,3,0,3,4.000000,4.000000,0.000000,
CUST031787,Bengaluru,North Indian,4,1,3,4.000000,4.000000,0.000000,21.000000
CUST061030,Hyderabad,Chinese,4,1,3,4.000000,4.000000,0.000000,20.000000
CUST042736,Bengaluru,Biryani,2,0,2,4.000000,,,
CUST155339,Mumbai,Biryani,2,0,2,5.000000,,,
CUST101362,Mumbai,North Indian,2,0,2,5.000000,,,
CUST098721,Chennai,Biryani,2,0,2,5.000000,,,
CUST130499,Mumbai,Biryani,3,1,2,4.500000,,,21.000000
CUST125100,Delhi,North Indian,2,0,2,4.500000,,,
CUST009769,Bengaluru,Chinese,2,0,2,,,,
CUST152689,Mumbai,Biryani,2,0,2,,,,
CUST115455,Hyderabad,Chinese,3,1,2,4.333333,,,18.000000
CUST011053,Bengaluru,Chinese,2,0,2,5.000000,,,
CUST143870,Delhi,Pizza,2,0,2,5.000000,,,
CUST076396,Bengaluru,North Indian,2,0,2,4.000000,,,
CUST187459,Bengaluru,Chinese,2,0,2,5.000000,,,
CUST045339,Delhi,Desserts,2,0,2,,,,
CUST116717,Ahmedabad,Fast Food,2,0,2,,,,
CUST023752,Bengaluru,Fast Food,2,0,2,,,,
CUST126862,Hyderabad,South Indian,2,0,2,4.000000,,,
CUST062065,Hyderabad,Pizza,2,0,2,5.000000,,,
CUST022525,Bengaluru,South Indian,2,0,2,5.000000,,,
CUST136483,Mumbai,North Indian,2,0,2,5.000000,,,
CUST086096,Mumbai,Chinese,2,0,2,,,,
CUST072299,Hyderabad,South Indian,2,0,2,5.000000,,,
CUST018109,Bengaluru,Fast Food,2,0,2,4.500000,,,
CUST082873,Bengaluru,Desserts,2,0,2,4.000000,,,
CUST099281,Pune,Pizza,2,0,2,4.500000,,,
CUST124301,Bengaluru,North Indian,2,0,2,5.000000,,,
CUST095131,Hyderabad,South Indian,3,1,2,4.000000,,,-1.000000
CUST170893,Kolkata,South Indian,2,0,2,4.000000,,,
CUST009216,Bengaluru,North Indian,2,0,2,5.000000,,,
CUST120657,Kolkata,South Indian,2,0,2,,,,
CUST135345,Mumbai,Desserts,2,0,2,5.000000,,,
CUST191674,Pune,Pizza,2,0,2,5.000000,,,
CUST143488,Bengaluru,Pizza,2,0,2,4.000000,,,
CUST077729,Delhi,Pizza,2,0,2,,,,
CUST075935,Delhi,Healthy,3,1,2,4.000000,,,0.000000
CUST028925,Ahmedabad,Biryani,2,0,2,4.000000,,,
CUST091511,Bengaluru,Desserts,2,0,2,5.000000,,,
CUST064645,Bengaluru,South Indian,2,0,2,4.000000,,,
CUST017440,Bengaluru,South Indian,2,0,2,,,,
CUST099564,Chennai,Biryani,2,0,2,5.000000,,,
CUST164662,Kolkata,Fast Food,2,0,2,,,,
CUST171323,Mumbai,Pizza,2,0,2,4.500000,,,
CUST039901,Chennai,Pizza,2,0,2,4.500000,,,
CUST154142,Ahmedabad,Desserts,2,0,2,4.000000,,,
CUST114398,Kolkata,Desserts,2,0,2,,,,
CUST170717,Kolkata,Biryani,2,0,2,5.000000,,,
CUST034691,Hyderabad,Biryani,2,0,2,,,,
CUST091232,Bengaluru,Biryani,2,0,2,,,,
CUST000931,Bengaluru,Biryani,2,0,2,4.000000,,,
CUST177768,Pune,Biryani,2,0,2,5.000000,,,
CUST193314,Mumbai,Pizza,3,1,2,5.000000,,,2.000000
CUST059978,Chennai,North Indian,2,0,2,5.000000,,,
CUST198028,Bengaluru,Biryani,2,0,2,4.000000,,,
CUST179879,Hyderabad,Desserts,2,0,2,5.000000,,,
CUST019442,Bengaluru,Pizza,2,0,2,5.000000,,,
CUST109252,Bengaluru,North Indian,2,0,2,4.000000,,,
CUST106154,Bengaluru,North Indian,2,0,2,,,,
CUST059148,Bengaluru,Chinese,2,0,2,5.000000,,,
CUST127027,Hyderabad,South Indian,2,0,2,,,,
CUST179444,Ahmedabad,Biryani,2,0,2,5.000000,,,
CUST039921,Mumbai,Biryani,2,0,2,5.000000,,,
CUST039036,Delhi,South Indian,2,0,2,5.000000,,,
CUST074008,Hyderabad,Biryani,2,0,2,,,,
CUST188795,Mumbai,North Indian,2,0,2,4.000000,,,
CUST063103,Chennai,South Indian,3,1,2,4.000000,,,0.000000
CUST110520,Bengaluru,North Indian,3,1,2,,,,5.000000
CUST108837,Mumbai,South Indian,2,0,2,,,,
CUST087142,Bengaluru,Chinese,3,1,2,,1.000000,,20.000000
CUST037313,Bengaluru,North Indian,2,0,2,5.000000,,,
CUST046482,Delhi,Chinese,2,0,2,5.000000,,,
CUST086295,Bengaluru,Desserts,2,0,2,5.000000,,,
CUST127147,Kolkata,Fast Food,2,0,2,5.000000,,,
CUST048657,Pune,North Indian,2,0,2,5.000000,,,
CUST154294,Delhi,South Indian,2,0,2,,,,
CUST022322,Chennai,Pizza,2,0,2,4.500000,,,
CUST037772,Pune,North Indian,3,1,2,5.000000,,,36.000000
CUST141684,Ahmedabad,Biryani,2,0,2,5.000000,,,
CUST192488,Ahmedabad,North Indian,2,0,2,5.000000,,,
CUST157931,Delhi,North Indian,2,0,2,5.000000,,,
CUST010730,Kolkata,Desserts,2,0,2,4.000000,,,
CUST072404,Mumbai,South Indian,2,0,2,5.000000,,,
CUST159040,Mumbai,Pizza,2,0,2,5.000000,,,
CUST114578,Hyderabad,Chinese,2,0,2,4.000000,,,
CUST195988,Kolkata,Biryani,2,0,2,5.000000,,,
CUST189023,Bengaluru,North Indian,2,0,2,5.000000,,,
CUST041831,Kolkata,South Indian,2,0,2,5.000000,,,
CUST072535,Mumbai,Biryani,2,0,2,4.000000,,,
CUST038417,Ahmedabad,Healthy,2,0,2,4.500000,,,
CUST005088,Bengaluru,Fast Food,2,0,2,5.000000,,,
CUST038245,Mumbai,Desserts,2,0,2,4.500000,,,
CUST152389,Mumbai,Pizza,2,0,2,4.000000,,,
CUST163269,Bengaluru,South Indian,2,0,2,,,,
CUST122399,Chennai,Biryani,3,1,2,4.500000,,,47.000000
CUST083708,Bengaluru,Healthy,2,0,2,4.500000,,,
CUST116507,Bengaluru,Fast Food,3,1,2,5.000000,,,-3.000000
CUST083767,Bengaluru,Desserts,2,0,2,5.000000,,,
CUST107766,Mumbai,Fast Food,2,0,2,5.000000,,,
CUST199312,Bengaluru,South Indian,2,0,2,,,,
CUST094332,Bengaluru,Chinese,2,0,2,,,,
CUST025479,Bengaluru,Healthy,2,0,2,4.000000,,,
CUST051729,Ahmedabad,Pizza,2,0,2,,,,
CUST176317,Chennai,Fast Food,2,0,2,4.000000,,,
CUST165929,Chennai,Pizza,2,0,2,4.500000,,,
CUST085454,Bengaluru,Biryani,2,0,2,5.000000,,,
CUST179079,Ahmedabad,Biryani,2,0,2,5.000000,,,
CUST184929,Mumbai,Fast Food,2,0,2,4.500000,,,
CUST171010,Ahmedabad,Pizza,2,0,2,4.000000,,,
CUST064677,Delhi,Biryani,2,0,2,4.500000,,,
CUST061844,Bengaluru,Biryani,2,0,2,4.000000,,,
CUST158214,Hyderabad,Pizza,2,0,2,4.000000,,,
CUST144232,Ahmedabad,North Indian,2,0,2,,,,
CUST021996,Ahmedabad,South Indian,2,0,2,5.000000,,,
CUST176660,Delhi,Biryani,2,0,2,5.000000,,,
CUST068524,Bengaluru,Pizza,2,0,2,4.000000,,,
CUST090875,Delhi,Healthy,2,0,2,,,,
CUST011612,Bengaluru,South Indian,2,0,2,5.000000,,,
CUST116056,Hyderabad,Desserts,2,0,2,4.000000,,,
CUST116605,Delhi,North Indian,2,0,2,5.000000,,,
CUST137571,Bengaluru,Pizza,2,0,2,4.000000,,,
CUST150097,Hyderabad,North Indian,2,0,2,4.500000,,,
CUST195959,Bengaluru,Pizza,2,0,2,5.000000,,,
CUST059694,Kolkata,North Indian,2,0,2,4.000000,,,
CUST043804,Bengaluru,Pizza,2,0,2,,,,
CUST058355,Chennai,Desserts,2,0,2,,,,
CUST084797,Pune,Biryani,2,0,2,4.000000,,,
CUST008440,Delhi,Chinese,2,0,2,4.500000,,,
CUST140134,Chennai,Healthy,2,0,2,4.000000,,,
CUST051860,Mumbai,Biryani,3,1,2,5.000000,,,12.000000
CUST153440,Mumbai,Biryani,2,0,2,5.000000,,,
CUST014367,Kolkata,South Indian,2,0,2,5.000000,,,
CUST049897,Pune,Desserts,2,0,2,5.000000,,,
CUST127638,Bengaluru,South Indian,2,0,2,,,,
CUST133819,Delhi,North Indian,2,0,2,,,,
CUST116213,Kolkata,South Indian,2,0,2,5.000000,,,
CUST187168,Hyderabad,Biryani,2,0,2,5.000000,,,
CUST096358,Hyderabad,South Indian,2,0,2,,,,
CUST026793,Kolkata,Chinese,2,0,2,5.000000,,,
CUST182752,Pune,North Indian,2,0,2,5.000000,,,
CUST045213,Pune,South Indian,2,0,2,,,,
CUST027027,Hyderabad,Healthy,3,1,2,,3.000000,,23.000000
CUST173482,Ahmedabad,Chinese,2,0,2,,,,
CUST166517,Hyderabad,North Indian,2,0,2,5.000000,,,
CUST118540,Kolkata,Chinese,2,0,2,5.000000,,,
CUST147460,Chennai,Desserts,2,0,2,4.000000,,,
CUST019539,Pune,Pizza,2,0,2,4.000000,,,
CUST126200,Bengaluru,Pizza,2,0,2,,,,
CUST071768,Bengaluru,South Indian,2,0,2,4.000000,,,
CUST067532,Hyderabad,Chinese,2,0,2,4.000000,,,
CUST154140,Hyderabad,South Indian,2,0,2,,,,
CUST138778,Ahmedabad,Pizza,2,0,2,,,,
CUST100360,Bengaluru,Fast Food,2,0,2,5.000000,,,
CUST189617,Mumbai,North Indian,2,0,2,4.000000,,,
CUST183302,Ahmedabad,South Indian,2,0,2,4.000000,,,
CUST130746,Mumbai,South Indian,2,0,2,4.000000,,,
CUST196153,Bengaluru,North Indian,2,0,2,5.000000,,,
CUST092529,Mumbai,Desserts,2,0,2,4.000000,,,
CUST092746,Mumbai,Pizza,2,0,2,5.000000,,,
CUST147774,Mumbai,South Indian,2,0,2,4.500000,,,
CUST046708,Bengaluru,North Indian,2,0,2,5.000000,,,
CUST179639,Delhi,South Indian,2,0,2,5.000000,,,
CUST141947,Mumbai,Pizza,2,0,2,,,,
CUST012110,Chennai,Biryani,2,0,2,5.000000,,,
CUST137831,Bengaluru,North Indian,2,0,2,4.000000,,,
CUST130829,Bengaluru,Desserts,2,0,2,5.000000,,,
CUST075994,Ahmedabad,South Indian,2,0,2,4.500000,,,
CUST018292,Delhi,Biryani,2,0,2,,,,
CUST152310,Bengaluru,Pizza,2,0,2,4.500000,,,
CUST190605,Pune,Fast Food,2,0,2,5.000000,,,
CUST128162,Mumbai,Fast Food,2,0,2,4.000000,,,
CUST003242,Pune,Healthy,2,0,2,5.000000,,,
CUST054018,Mumbai,Biryani,2,0,2,5.000000,,,
CUST149216,Pune,Chinese,2,0,2,,,,
CUST034420,Pune,Pizza,2,0,2,,,,
CUST145700,Mumbai,Desserts,2,0,2,4.000000,,,
CUST076355,Kolkata,Desserts,2,0,2,4.000000,,,
CUST169286,Ahmedabad,Desserts,2,0,2,4.000000,,,
CUST003257,Mumbai,North Indian,2,0,2,5.000000,,,
CUST073843,Chennai,South Indian,2,0,2,,,,
CUST052034,Delhi,Biryani,2,0,2,5.000000,,,
CUST059942,Pune,Fast Food,3,1,2,4.500000,,,23.000000
CUST170609,Bengaluru,Chinese,3,1,2,4.000000,,,10.000000
CUST004006,Delhi,Biryani,2,0,2,4.000000,,,
CUST109507,Mumbai,Biryani,2,0,2,5.000000,,,
CUST085509,Delhi,Chinese,2,0,2,4.000000,,,
CUST073807,Mumbai,Desserts,2,0,2,,,,
CUST029338,Bengaluru,Fast Food,2,0,2,,,,
CUST195616,Delhi,Biryani,3,1,2,5.000000,,,1.000000
CUST123355,Hyderabad,North Indian,2,0,2,4.500000,,,
CUST167647,Bengaluru,Chinese,2,0,2,4.000000,,,
CUST160977,Delhi,Chinese,2,0,2,5.000000,,,
CUST079411,Hyderabad,Biryani,3,1,2,,2.000000,,35.000000
CUST151263,Pune,Desserts,2,0,2,4.000000,,,
CUST077854,Delhi,Biryani,2,0,2,4.000000,,,
CUST012334,Ahmedabad,Chinese,3,1,2,4.333333,,,21.000000
CUST170232,Bengaluru,Desserts,2,0,2,5.000000,,,
CUST145483,Bengaluru,Fast Food,2,0,2,,,,
CUST127268,Ahmedabad,South Indian,2,0,2,5.000000,,,
CUST049842,Pune,South Indian,2,0,2,5.000000,,,
CUST017678,Delhi,Chinese,2,0,2,5.000000,,,
CUST185628,Mumbai,Fast Food,2,0,2,4.000000,,,
CUST074855,Chennai,Biryani,2,0,2,4.000000,,,
CUST056310,Mumbai,Pizza,3,1,2,4.333333,,,12.000000
CUST130543,Bengaluru,Biryani,2,0,2,5.000000,,,
CUST194119,Chennai,Chinese,2,0,2,5.000000,,,
CUST049916,Hyderabad,Fast Food,2,0,2,4.500000,,,
CUST095398,Bengaluru,Biryani,2,0,2,5.000000,,,
CUST053429,Pune,South Indian,2,0,2,4.000000,,,
CUST023540,Kolkata,North Indian,3,1,2,4.000000,,,18.000000
CUST179996,Bengaluru,Biryani,2,0,2,5.000000,,,
CUST079885,Bengaluru,Biryani,2,0,2,4.000000,,,
CUST141321,Pune,Pizza,2,0,2,5.000000,,,
CUST050666,Chennai,Pizza,2,0,2,5.000000,,,
CUST056308,Chennai,North Indian,2,0,2,5.000000,,,
CUST190332,Delhi,North Indian,2,0,2,4.000000,,,
CUST050789,Bengaluru,Chinese,2,0,2,,,,
CUST078409,Ahmedabad,South Indian,2,0,2,4.500000,,,
CUST055404,Kolkata,Biryani,2,0,2,4.000000,,,
CUST117216,Bengaluru,Chinese,2,0,2,5.000000,,,
CUST054652,Delhi,South Indian,2,0,2,5.000000,,,
CUST187433,Chennai,Chinese,2,0,2,4.000000,,,
CUST063777,Bengaluru,North Indian,2,0,2,4.000000,,,
CUST071370,Ahmedabad,Biryani,2,0,2,,,,
CUST157229,Ahmedabad,Chinese,2,0,2,5.000000,,,
CUST186210,Mumbai,Pizza,2,0,2,5.000000,,,
CUST131854,Delhi,Fast Food,2,0,2,5.000000,,,
CUST053686,Bengaluru,South Indian,2,0,2,,,,
CUST175023,Pune,Biryani,3,1,2,4.000000,,,6.000000
CUST091730,Ahmedabad,Desserts,2,0,2,5.000000,,,
CUST091502,Pune,Chinese,2,0,2,4.500000,,,
CUST169080,Mumbai,North Indian,2,0,2,4.000000,,,
CUST127109,Pune,Healthy,2,0,2,,,,
CUST073093,Ahmedabad,Chinese,2,0,2,4.500000,,,
CUST189398,Mumbai,Biryani,2,0,2,4.500000,,,
CUST177533,Chennai,Desserts,2,0,2,5.000000,,,
CUST056161,Bengaluru,North Indian,2,0,2,5.000000,,,
CUST185117,Bengaluru,North Indian,2,0,2,,,,
CUST125772,Bengaluru,Pizza,2,0,2,4.000000,,,
CUST190933,Delhi,Chinese,2,0,2,5.000000,,,
CUST074117,Bengaluru,Pizza,2,0,2,5.000000,,,
CUST029289,Pune,South Indian,2,0,2,5.000000,,,
CUST144724,Bengaluru,Desserts,2,0,2,4.500000,,,
CUST095789,Mumbai,Fast Food,2,0,2,5.000000,,,
CUST036868,Pune,Fast Food,2,0,2,5.000000,,,
CUST006217,Bengaluru,Desserts,2,0,2,5.000000,,,
CUST126363,Chennai,Chinese,2,0,2,,,,
CUST088523,Delhi,Pizza,2,0,2,5.000000,,,
CUST143884,Mumbai,Desserts,2,0,2,,,,
CUST163138,Mumbai,Pizza,2,0,2,5.000000,,,
CUST149763,Bengaluru,Chinese,2,0,2,5.000000,,,
CUST028393,Mumbai,Biryani,2,0,2,5.000000,,,
CUST108213,Mumbai,Chinese,2,0,2,,,,
CUST169029,Ahmedabad,South Indian,2,0,2,5.000000,,,
CUST144553,Mumbai,Fast Food,2,0,2,,,,
CUST119768,Hyderabad,Chinese,2,0,2,4.000000,,,
CUST183320,Bengaluru,Desserts,3,1,2,4.666667,,,24.000000
CUST003035,Mumbai,North Indian,2,0,2,4.000000,,,
CUST177247,Pune,Chinese,2,0,2,4.000000,,,
CUST152565,Delhi,Biryani,2,0,2,,,,
CUST166756,Hyderabad,Biryani,2,0,2,,,,
CUST165044,Mumbai,North Indian,2,0,2,,,,
CUST161686,Ahmedabad,North Indian,3,1,2,,3.000000,,29.000000
CUST029222,Mumbai,Biryani,2,0,2,4.000000,,,
CUST088174,Hyderabad,Pizza,2,0,2,4.000000,,,
CUST175117,Mumbai,Biryani,2,0,2,5.000000,,,
CUST027396,Bengaluru,Chinese,2,0,2,,,,
CUST163707,Mumbai,Pizza,2,0,2,4.000000,,,
CUST030443,Bengaluru,Biryani,2,0,2,4.000000,,,
CUST005632,Hyderabad,South Indian,2,0,2,4.000000,,,
CUST112746,Bengaluru,South Indian,3,1,2,4.333333,,,18.000000
CUST093502,Mumbai,Healthy,2,0,2,,,,
CUST162945,Mumbai,Biryani,2,0,2,,,,
CUST158379,Mumbai,South Indian,2,0,2,,,,
CUST156083,Pune,North Indian,2,0,2,5.000000,,,
CUST195829,Bengaluru,Pizza,2,0,2,5.000000,,,
CUST072117,Delhi,Fast Food,2,0,2,4.000000,,,
CUST048828,Chennai,North Indian,2,0,2,4.000000,,,
CUST121927,Chennai,Chinese,2,0,2,4.500000,,,
CUST085108,Hyderabad,North Indian,2,0,2,5.000000,,,
CUST083531,Bengaluru,Fast Food,2,0,2,4.000000,,,
CUST153163,Hyderabad,Biryani,2,0,2,,,,
CUST166297,Delhi,South Indian,2,0,2,,,,
CUST106629,Bengaluru,Desserts,2,0,2,5.000000,,,
CUST059007,Kolkata,Healthy,2,0,2,4.000000,,,
CUST128459,Hyderabad,Chinese,2,0,2,4.000000,,,
CUST194193,Chennai,Biryani,2,0,2,4.500000,,,
CUST070618,Mumbai,Desserts,2,0,2,,,,
CUST161377,Kolkata,Pizza,2,0,2,5.000000,,,
CUST172047,Ahmedabad,Pizza,2,0,2,4.500000,,,
CUST188949,Bengaluru,Biryani,2,0,2,,,,
CUST027826,Hyderabad,Chinese,2,0,2,4.000000,,,
CUST164515,Pune,Biryani,2,0,2,4.000000,,,
CUST147881,Delhi,Pizza,2,0,2,,,,
CUST014226,Bengaluru,South Indian,2,0,2,,,,
CUST085355,Bengaluru,Chinese,2,0,2,5.000000,,,
CUST058536,Bengaluru,Fast Food,2,0,2,4.500000,,,
CUST037922,Kolkata,North Indian,2,0,2,5.000000,,,
CUST181689,Bengaluru,Biryani,2,0,2,4.000000,,,
CUST077912,Delhi,Desserts,2,0,2,5.000000,,,
CUST038330,Mumbai,Pizza,2,0,2,,,,
CUST095526,Chennai,Chinese,2,0,2,,,,
CUST006473,Mumbai,Fast Food,2,0,2,4.000000,,,
CUST138553,Chennai,Biryani,2,0,2,4.000000,,,
CUST140338,Bengaluru,Pizza,2,0,2,5.000000,,,
CUST183630,Bengaluru,North Indian,3,1,2,5.000000,,,33.000000
CUST069491,Bengaluru,Biryani,2,0,2,,,,
CUST053794,Bengaluru,Pizza,2,0,2,5.000000,,,
CUST189112,Chennai,Biryani,3,1,2,5.000000,,,10.000000
CUST189008,Pune,South Indian,2,0,2,5.000000,,,
CUST193301,Delhi,Chinese,2,0,2,4.000000,,,
CUST191329,Bengaluru,South Indian,2,0,2,5.000000,,,
CUST063719,Bengaluru,Pizza,2,0,2,5.000000,,,
CUST092859,Mumbai,Pizza,2,0,2,5.000000,,,
CUST103074,Bengaluru,North Indian,2,0,2,4.500000,,,
CUST145873,Bengaluru,South Indian,2,0,2,4.000000,,,
CUST060720,Delhi,Healthy,2,0,2,4.000000,,,
CUST173723,Bengaluru,North Indian,2,0,2,5.000000,,,
CUST166788,Delhi,Desserts,2,0,2,4.500000,,,
CUST159973,Bengaluru,Biryani,2,0,2,,,,
CUST157081,Bengaluru,North Indian,3,1,2,,3.000000,,-6.000000
CUST141296,Bengaluru,North Indian,2,0,2,5.000000,,,
CUST021596,Bengaluru,Chinese,2,0,2,,,,
CUST043100,Delhi,South Indian,3,1,2,4.500000,,,54.000000
CUST132767,Bengaluru,Pizza,2,0,2,,,,
CUST054358,Bengaluru,North Indian,2,0,2,4.500000,,,
CUST085475,Chennai,North Indian,2,0,2,4.000000,,,
CUST024728,Mumbai,Chinese,2,0,2,5.000000,,,
CUST023488,Chennai,Fast Food,2,0,2,5.000000,,,
CUST161285,Bengaluru,Biryani,2,0,2,4.000000,,,
CUST039013,Bengaluru,Fast Food,2,0,2,5.000000,,,
CUST198656,Hyderabad,Fast Food,2,0,2,5.000000,,,
CUST142972,Mumbai,South Indian,2,0,2,4.000000,,,
CUST105155,Mumbai,Biryani,2,0,2,5.000000,,,
CUST199925,Mumbai,South Indian,2,0,2,4.000000,,,
CUST033417,Delhi,Chinese,2,0,2,4.000000,,,
CUST059732,Chennai,Pizza,2,0,2,4.000000,,,
CUST000927,Ahmedabad,Biryani,2,0,2,,,,
CUST134498,Chennai,Healthy,2,0,2,4.000000,,,
CUST030538,Delhi,South Indian,2,0,2,4.000000,,,
CUST123571,Delhi,South Indian,2,0,2,,,,
CUST175214,Chennai,Fast Food,3,1,2,,2.000000,,36.000000
CUST116904,Mumbai,North Indian,2,0,2,5.000000,,,
CUST066248,Pune,Pizza,2,0,2,,,,
CUST067145,Mumbai,Biryani,2,0,2,,,,
CUST049635,Delhi,North Indian,2,0,2,,,,
CUST072317,Mumbai,Chinese,2,0,2,4.500000,,,
CUST033427,Mumbai,Pizza,2,0,2,4.000000,,,
CUST184458,Hyderabad,Biryani,2,0,2,5.000000,,,
CUST168266,Hyderabad,Chinese,3,1,2,,,,29.000000
CUST087054,Bengaluru,South Indian,3,1,2,4.500000,,,15.000000
CUST066498,Delhi,South Indian,2,0,2,5.000000,,,
CUST066847,Chennai,Biryani,2,0,2,5.000000,,,
CUST086414,Bengaluru,South Indian,2,0,2,5.000000,,,
CUST045391,Delhi,Chinese,2,0,2,4.000000,,,
CUST186672,Pune,Biryani,2,0,2,4.500000,,,
CUST109688,Delhi,Pizza,2,0,2,4.000000,,,
CUST195727,Chennai,Pizza,2,0,2,,,,
CUST192696,Mumbai,Desserts,2,0,2,,,,
CUST151157,Mumbai,Chinese,2,0,2,,,,
CUST129307,Delhi,Desserts,2,0,2,5.000000,,,
CUST138378,Kolkata,North Indian,2,0,2,,,,
CUST156357,Kolkata,Fast Food,2,0,2,,,,
CUST013320,Mumbai,Desserts,2,0,2,4.000000,,,
CUST063414,Chennai,Fast Food,2,0,2,,,,
CUST167566,Bengaluru,South Indian,2,0,2,5.000000,,,
CUST011391,Pune,Fast Food,2,0,2,5.000000,,,
CUST061829,Chennai,South Indian,2,0,2,4.500000,,,
CUST005029,Bengaluru,Biryani,2,0,2,,,,
CUST084457,Chennai,North Indian,2,0,2,,,,
CUST182789,Bengaluru,North Indian,2,0,2,4.000000,,,
CUST009969,Ahmedabad,Biryani,2,0,2,5.000000,,,
CUST016416,Bengaluru,Pizza,2,0,2,5.000000,,,
CUST013440,Bengaluru,Pizza,2,0,2,,,,
CUST074127,Delhi,North Indian,2,0,2,5.000000,,,
CUST040924,Delhi,North Indian,2,0,2,,,,
CUST084041,Bengaluru,South Indian,2,0,2,,,,
CUST093826,Bengaluru,North Indian,2,0,2,4.000000,,,
CUST050993,Chennai,South Indian,3,1,2,4.500000,,,13.000000
CUST078132,Ahmedabad,Desserts,2,0,2,5.000000,,,
CUST079945,Mumbai,Pizza,2,0,2,5.000000,,,
CUST010452,Delhi,Fast Food,2,0,2,5.000000,,,
CUST094505,Ahmedabad,Pizza,2,0,2,4.000000,,,
CUST154301,Kolkata,Fast Food,2,0,2,4.000000,,,
CUST176518,Mumbai,Biryani,3,1,2,,,,2.000000
CUST164807,Pune,Chinese,2,0,2,5.000000,,,
CUST147391,Mumbai,South Indian,2,0,2,4.000000,,,
CUST161693,Bengaluru,Biryani,3,1,2,4.500000,,,23.000000
CUST002968,Mumbai,Biryani,3,1,2,,2.000000,,21.000000
CUST140129,Bengaluru,North Indian,2,0,2,5.000000,,,
CUST139925,Mumbai,Biryani,2,0,2,4.000000,,,
CUST016549,Delhi,Pizza,2,0,2,5.000000,,,
CUST183601,Pune,Biryani,2,0,2,4.000000,,,
CUST039701,Kolkata,North Indian,2,0,2,5.000000,,,
CUST031664,Kolkata,North Indian,2,0,2,5.000000,,,
CUST155846,Delhi,Biryani,2,0,2,5.000000,,,
CUST130740,Delhi,Biryani,2,0,2,5.000000,,,
CUST190892,Bengaluru,Biryani,2,0,2,5.000000,,,
CUST021120,Bengaluru,Fast Food,2,0,2,5.000000,,,
CUST136319,Bengaluru,Chinese,2,0,2,,,,
CUST156368,Chennai,South Indian,2,0,2,5.000000,,,
CUST044064,Delhi,Pizza,2,0,2,5.000000,,,
CUST182743,Bengaluru,North Indian,2,0,2,5.000000,,,
CUST094719,Pune,North Indian,2,0,2,5.000000,,,
CUST129931,Ahmedabad,Biryani,2,0,2,4.500000,,,
CUST053196,Chennai,Biryani,2,0,2,4.000000,,,
CUST075089,Chennai,Pizza,2,0,2,4.000000,,,
CUST118119,Delhi,Pizza,2,0,2,5.000000,,,
CUST065670,Pune,Biryani,2,0,2,5.000000,,,
CUST180285,Delhi,North Indian,3,1,2,5.000000,,,10.000000
CUST050864,Bengaluru,North Indian,2,0,2,4.000000,,,
CUST047733,Hyderabad,North Indian,2,0,2,5.000000,,,
CUST053487,Chennai,Biryani,2,0,2,5.000000,,,
CUST087616,Bengaluru,Biryani,2,0,2,4.500000,,,
CUST085835,Mumbai,Biryani,2,0,2,,,,
CUST070725,Kolkata,Pizza,2,0,2,4.500000,,,
CUST161081,Bengaluru,Pizza,2,0,2,5.000000,,,
CUST144824,Delhi,Fast Food,2,0,2,5.000000,,,
CUST119430,Delhi,Biryani,2,0,2,5.000000,,,
CUST115562,Bengaluru,Chinese,2,0,2,,,,
CUST111423,Bengaluru,Biryani,2,0,2,4.000000,,,
CUST023041,Bengaluru,Pizza,2,0,2,4.000000,,,
CUST016773,Mumbai,Fast Food,2,0,2,5.000000,,,
CUST190452,Hyderabad,Biryani,2,0,2,5.000000,,,
CUST092563,Mumbai,North Indian,2,0,2,4.500000,,,
CUST127840,Bengaluru,Biryani,2,0,2,,,,
CUST097993,Mumbai,South Indian,2,0,2,5.000000,,,
CUST149940,Mumbai,Desserts,2,0,2,,,,
CUST095870,Bengaluru,North Indian,2,0,2,4.500000,,,
CUST076516,Ahmedabad,Healthy,2,0,2,4.000000,,,
CUST145570,Mumbai,Fast Food,2,0,2,4.000000,,,
CUST006389,Hyderabad,North Indian,2,0,2,5.000000,,,
CUST140005,Bengaluru,Fast Food,2,0,2,4.000000,,,
CUST074789,Pune,Pizza,2,0,2,5.000000,,,
CUST135998,Bengaluru,South Indian,2,0,2,5.000000,,,
CUST007932,Chennai,Chinese,2,0,2,4.000000,,,
CUST030590,Bengaluru,Biryani,2,0,2,,,,
CUST155206,Delhi,North Indian,2,0,2,4.000000,,,
CUST048504,Pune,North Indian,2,0,2,,,,
CUST098342,Ahmedabad,Fast Food,2,0,2,5.000000,,,
CUST120630,Mumbai,South Indian,3,1,2,4.500000,,,18.000000
CUST104324,Delhi,Chinese,2,0,2,5.000000,,,
CUST005185,Chennai,Pizza,3,1,2,4.000000,,,21.000000
CUST148695,Ahmedabad,Desserts,2,0,2,,,,
CUST033579,Bengaluru,Desserts,2,0,2,5.000000,,,
CUST132320,Mumbai,Chinese,2,0,2,,,,
CUST133224,Bengaluru,Fast Food,2,0,2,4.000000,,,
CUST066582,Mumbai,Fast Food,2,0,2,,,,
CUST117029,Hyderabad,Desserts,2,0,2,4.000000,,,
CUST060143,Kolkata,Chinese,2,0,2,4.000000,,,
CUST122757,Pune,South Indian,2,0,2,4.500000,,,
CUST077945,Delhi,Desserts,2,0,2,,,,
CUST068133,Pune,Pizza,2,0,2,5.000000,,,
CUST086303,Pune,North Indian,2,0,2,4.000000,,,
CUST033018,Pune,Biryani,2,0,2,5.000000,,,
CUST101187,Bengaluru,North Indian,2,0,2,5.000000,,,
CUST132335,Mumbai,North Indian,2,0,2,,,,
CUST065086,Hyderabad,North Indian,2,0,2,5.000000,,,
CUST028887,Delhi,North Indian,2,0,2,,,,
CUST131863,Bengaluru,Biryani,2,0,2,5.000000,,,
CUST197488,Bengaluru,Pizza,2,0,2,4.000000,,,
CUST031117,Hyderabad,Healthy,2,0,2,5.000000,,,
CUST160160,Bengaluru,Desserts,2,0,2,5.000000,,,
CUST058933,Pune,Chinese,2,0,2,4.000000,,,
CUST159927,Bengaluru,Biryani,2,0,2,,,,
CUST196252,Hyderabad,South Indian,3,1,2,4.500000,,,42.000000
CUST090909,Bengaluru,Chinese,2,0,2,,,,
CUST197269,Ahmedabad,Pizza,2,0,2,,,,
CUST118051,Bengaluru,North Indian,2,0,2,5.000000,,,
CUST135921,Bengaluru,Biryani,2,0,2,5.000000,,,
CUST105865,Delhi,Fast Food,2,0,2,5.000000,,,
CUST171773,Chennai,Chinese,2,0,2,4.000000,,,
CUST164897,Hyderabad,Fast Food,2,0,2,5.000000,,,
CUST095023,Chennai,North Indian,2,0,2,4.000000,,,
CUST110900,Delhi,South Indian,2,0,2,5.000000,,,
CUST125871,Kolkata,South Indian,2,0,2,5.000000,,,
CUST074245,Bengaluru,Chinese,2,0,2,,,,
CUST027558,Bengaluru,South Indian,2,0,2,5.000000,,,
CUST045157,Bengaluru,Pizza,2,0,2,,,,
CUST072994,Mumbai,Biryani,2,0,2,,,,
CUST098664,Bengaluru,Fast Food,2,0,2,4.500000,,,
CUST145451,Bengaluru,Biryani,3,1,2,4.500000,,,24.000000
CUST033425,Chennai,Chinese,3,1,2,4.000000,,,18.000000
CUST146224,Kolkata,Chinese,2,0,2,4.000000,,,
CUST165598,Chennai,Fast Food,3,1,2,4.000000,,,-9.000000
CUST084380,Hyderabad,Pizza,2,0,2,5.000000,,,
CUST076447,Chennai,Desserts,2,0,2,4.000000,,,
CUST121240,Bengaluru,Biryani,2,0,2,4.000000,,,
CUST008847,Bengaluru,North Indian,2,0,2,5.000000,,,
CUST130826,Chennai,North Indian,2,0,2,5.000000,,,
CUST175583,Pune,Chinese,2,0,2,,,,
CUST019104,Delhi,Biryani,2,0,2,,,,
CUST186027,Mumbai,Pizza,2,0,2,,,,
CUST186487,Chennai,Desserts,2,0,2,4.000000,,,
CUST105883,Bengaluru,Desserts,2,0,2,5.000000,,,
CUST176266,Mumbai,Desserts,2,0,2,4.000000,,,
CUST195976,Ahmedabad,South Indian,2,0,2,5.000000,,,
CUST194644,Pune,Fast Food,2,0,2,5.000000,,,
CUST032745,Chennai,Chinese,2,0,2,,,,
CUST198768,Ahmedabad,Biryani,2,0,2,,,,
CUST050205,Bengaluru,Desserts,3,1,2,4.000000,,,45.000000
CUST087920,Mumbai,Desserts,2,0,2,5.000000,,,
CUST000850,Mumbai,South Indian,2,0,2,4.000000,,,
CUST036841,Chennai,Healthy,2,0,2,4.500000,,,
CUST143534,Bengaluru,North Indian,3,1,2,5.000000,,,34.000000
CUST127533,Mumbai,Chinese,2,0,2,4.000000,,,
CUST179580,Hyderabad,Chinese,2,0,2,4.000000,,,
CUST086665,Bengaluru,Chinese,2,0,2,,,,
CUST177075,Chennai,Chinese,2,0,2,5.000000,,,
CUST030935,Mumbai,Pizza,3,1,2,4.500000,,,2.000000
CUST016275,Bengaluru,Chinese,2,0,2,4.000000,,,
CUST178170,Mumbai,South Indian,2,0,2,4.500000,,,
CUST135546,Mumbai,South Indian,2,0,2,,,,
CUST006546,Mumbai,Biryani,2,0,2,4.500000,,,
CUST153255,Bengaluru,Desserts,2,0,2,5.000000,,,
CUST066111,Delhi,Desserts,2,0,2,5.000000,,,
CUST000394,Mumbai,North Indian,2,0,2,4.000000,,,
CUST181318,Mumbai,Pizza,2,0,2,,,,
CUST093309,Hyderabad,North Indian,2,0,2,5.000000,,,
CUST026669,Bengaluru,South Indian,2,0,2,4.500000,,,
CUST139512,Bengaluru,Biryani,2,0,2,5.000000,,,
CUST177173,Ahmedabad,Biryani,2,0,2,5.000000,,,
CUST000443,Kolkata,Desserts,2,0,2,4.000000,,,
CUST064546,Kolkata,Pizza,2,0,2,,,,
CUST153812,Bengaluru,South Indian,2,0,2,,,,
CUST186793,Delhi,North Indian,2,0,2,,,,
CUST005598,Kolkata,Pizza,2,0,2,4.500000,,,
CUST151991,Mumbai,Biryani,2,0,2,5.000000,,,
CUST051582,Kolkata,Chinese,2,0,2,4.000000,,,
CUST037488,Mumbai,South Indian,2,0,2,4.000000,,,
CUST076592,Delhi,Desserts,2,0,2,4.000000,,,
CUST116309,Bengaluru,Chinese,2,0,2,4.500000,,,
CUST198041,Mumbai,Chinese,2,0,2,5.000000,,,
CUST187551,Mumbai,North Indian,2,0,2,4.000000,,,
CUST132530,Bengaluru,Biryani,2,0,2,4.000000,,,
CUST149580,Kolkata,Desserts,2,0,2,4.000000,,,
CUST150482,Mumbai,North Indian,2,0,2,,,,
CUST027118,Mumbai,Fast Food,2,0,2,,,,
CUST058733,Bengaluru,North Indian,2,0,2,5.000000,,,
CUST070735,Bengaluru,Chinese,2,0,2,5.000000,,,
CUST177457,Bengaluru,Desserts,2,0,2,5.000000,,,
CUST103599,Mumbai,North Indian,2,0,2,4.000000,,,
CUST133991,Chennai,Fast Food,2,0,2,5.000000,,,
CUST158027,Ahmedabad,North Indian,3,1,2,4.000000,,,13.000000
CUST185495,Bengaluru,Chinese,2,0,2,5.000000,,,
CUST058006,Delhi,North Indian,3,1,2,4.000000,,,10.000000
CUST140423,Hyderabad,South Indian,2,0,2,4.500000,,,
CUST075890,Mumbai,Biryani,2,0,2,,,,
CUST181910,Ahmedabad,Chinese,2,0,2,5.000000,,,
CUST117277,Ahmedabad,Fast Food,2,0,2,4.000000,,,
CUST054398,Bengaluru,Chinese,2,0,2,4.000000,,,
CUST035179,Mumbai,North Indian,2,0,2,4.500000,,,
CUST013493,Mumbai,South Indian,3,1,2,5.000000,,,24.000000
CUST194807,Mumbai,Pizza,2,0,2,5.000000,,,
CUST040555,Mumbai,North Indian,2,0,2,,,,
CUST160390,Bengaluru,South Indian,2,0,2,5.000000,,,
CUST182070,Mumbai,North Indian,2,0,2,5.000000,,,
CUST020572,Bengaluru,Biryani,2,0,2,,,,
CUST098842,Hyderabad,Biryani,2,0,2,4.500000,,,
CUST032123,Mumbai,Chinese,2,0,2,,,,
CUST097739,Kolkata,South Indian,3,1,2,5.000000,,,50.000000
CUST167946,Bengaluru,Healthy,2,0,2,5.000000,,,
CUST051017,Chennai,North Indian,2,0,2,4.000000,,,
CUST099838,Bengaluru,Desserts,2,0,2,4.500000,,,
CUST112666,Chennai,Biryani,3,1,2,,,,-6.000000
CUST078424,Ahmedabad,South Indian,2,0,2,4.500000,,,
CUST058340,Hyderabad,Healthy,2,0,2,5.000000,,,
CUST145418,Chennai,South Indian,2,0,2,4.500000,,,
CUST095447,Bengaluru,Desserts,2,0,2,4.000000,,,
CUST095175,Mumbai,Chinese,2,0,2,4.500000,,,
CUST092049,Delhi,Chinese,2,0,2,,,,
CUST050318,Kolkata,Chinese,2,0,2,4.000000,,,
CUST029361,Ahmedabad,South Indian,2,0,2,4.500000,,,
CUST168062,Kolkata,North Indian,2,0,2,,,,
CUST092043,Mumbai,North Indian,2,0,2,5.000000,,,
CUST072445,Chennai,North Indian,2,0,2,,,,
CUST064410,Bengaluru,Healthy,2,0,2,4.000000,,,
CUST001745,Bengaluru,South Indian,2,0,2,5.000000,,,
CUST035407,Delhi,Biryani,2,0,2,5.000000,,,
CUST106079,Bengaluru,Fast Food,2,0,2,5.000000,,,
CUST078497,Bengaluru,North Indian,3,1,2,5.000000,,,11.000000
CUST034251,Bengaluru,Biryani,2,0,2,5.000000,,,
CUST198522,Bengaluru,Fast Food,3,1,2,5.000000,,,14.000000
CUST004192,Mumbai,Desserts,2,0,2,,,,
CUST165611,Delhi,South Indian,2,0,2,4.000000,,,
CUST064206,Hyderabad,Desserts,2,0,2,5.000000,,,
CUST117425,Bengaluru,South Indian,2,0,2,5.000000,,,
CUST165166,Ahmedabad,Fast Food,2,0,2,5.000000,,,
CUST019260,Hyderabad,Biryani,2,0,2,4.500000,,,
CUST105110,Bengaluru,Chinese,2,0,2,,,,
CUST048126,Ahmedabad,South Indian,2,0,2,5.000000,,,
CUST084270,Chennai,North Indian,2,0,2,4.500000,,,
CUST003943,Hyderabad,Chinese,2,0,2,5.000000,,,
CUST071133,Bengaluru,North Indian,2,0,2,4.000000,,,
CUST132135,Delhi,North Indian,2,0,2,5.000000,,,
CUST172180,Kolkata,Fast Food,2,0,2,5.000000,,,
CUST053922,Mumbai,North Indian,2,0,2,,,,
CUST053289,Delhi,Fast Food,2,0,2,,,,
CUST002817,Bengaluru,North Indian,3,1,2,4.333333,,,13.000000
CUST030822,Ahmedabad,Desserts,2,0,2,4.000000,,,
CUST090883,Chennai,South Indian,2,0,2,4.000000,,,
CUST062364,Bengaluru,Biryani,2,0,2,5.000000,,,
CUST134587,Chennai,North Indian,2,0,2,5.000000,,,
CUST165243,Ahmedabad,Biryani,2,0,2,4.000000,,,
CUST028571,Hyderabad,Desserts,2,0,2,4.000000,,,
CUST023747,Bengaluru,North Indian,2,0,2,,,,
CUST119367,Bengaluru,Pizza,2,0,2,,,,
CUST059588,Bengaluru,North Indian,2,0,2,4.000000,,,
CUST089955,Delhi,Pizza,2,0,2,4.500000,,,
CUST192464,Mumbai,Biryani,2,0,2,,,,
CUST144498,Delhi,Biryani,2,0,2,,,,
CUST061251,Mumbai,Fast Food,2,0,2,4.000000,,,
CUST072013,Hyderabad,North Indian,2,0,2,5.000000,,,
CUST060104,Pune,Chinese,2,0,2,4.500000,,,
CUST131422,Ahmedabad,North Indian,2,0,2,4.000000,,,
CUST118864,Pune,Fast Food,2,0,2,5.000000,,,
CUST153147,Bengaluru,Chinese,3,1,2,,3.000000,,29.000000
CUST191481,Chennai,Chinese,2,0,2,4.000000,,,
CUST125979,Pune,Biryani,2,0,2,,,,
CUST094910,Mumbai,Biryani,2,0,2,5.000000,,,
CUST064907,Mumbai,Chinese,2,0,2,,,,
CUST135754,Bengaluru,Healthy,2,0,2,4.500000,,,
CUST016976,Bengaluru,Biryani,2,0,2,,,,
CUST085707,Chennai,Biryani,2,0,2,5.000000,,,
CUST088702,Mumbai,Chinese,3,1,2,4.500000,,,14.000000
CUST055896,Bengaluru,Biryani,2,0,2,4.000000,,,
CUST091239,Bengaluru,South Indian,2,0,2,5.000000,,,
CUST130236,Bengaluru,Chinese,2,0,2,,,,
CUST111153,Hyderabad,Pizza,2,0,2,4.500000,,,
CUST160780,Pune,Desserts,2,0,2,,,,
CUST125048,Hyderabad,Fast Food,2,0,2,,,,
CUST113167,Mumbai,Chinese,2,0,2,5.000000,,,
CUST179287,Mumbai,Biryani,3,1,2,5.000000,,,7.000000
CUST031781,Kolkata,Biryani,2,0,2,5.000000,,,
CUST039060,Mumbai,Chinese,2,0,2,5.000000,,,
CUST105707,Mumbai,Fast Food,2,0,2,5.000000,,,
CUST106225,Mumbai,North Indian,2,0,2,4.000000,,,
CUST014871,Bengaluru,Chinese,2,0,2,5.000000,,,
CUST197192,Hyderabad,North Indian,2,0,2,5.000000,,,
CUST046594,Delhi,North Indian,2,0,2,,,,
CUST134643,Delhi,Desserts,2,0,2,,,,
CUST121252,Delhi,Chinese,2,0,2,4.000000,,,
CUST009898,Bengaluru,North Indian,2,0,2,4.000000,,,
CUST131987,Bengaluru,Chinese,2,0,2,5.000000,,,
CUST137565,Bengaluru,Chinese,2,0,2,5.000000,,,
CUST164250,Bengaluru,Fast Food,3,1,2,,2.000000,,31.000000
CUST191326,Mumbai,North Indian,2,0,2,,,,
CUST035053,Bengaluru,Biryani,3,1,2,4.000000,,,13.000000
CUST058540,Kolkata,Chinese,2,0,2,5.000000,,,
CUST193405,Delhi,South Indian,2,0,2,,,,
CUST168342,Delhi,North Indian,2,0,2,4.000000,,,
CUST108795,Delhi,Chinese,2,0,2,4.000000,,,
CUST100556,Kolkata,Healthy,2,0,2,5.000000,,,
CUST063183,Chennai,Biryani,2,0,2,5.000000,,,
CUST020401,Bengaluru,Chinese,2,0,2,4.500000,,,
CUST116103,Bengaluru,Desserts,2,0,2,5.000000,,,
CUST034892,Mumbai,North Indian,2,0,2,4.000000,,,
CUST176965,Ahmedabad,Pizza,2,0,2,4.000000,,,
CUST007167,Bengaluru,Biryani,2,0,2,5.000000,,,
CUST188819,Bengaluru,Chinese,2,0,2,5.000000,,,
CUST191851,Delhi,Fast Food,2,0,2,,,,
CUST020036,Pune,Chinese,2,0,2,5.000000,,,
CUST100635,Delhi,Desserts,2,0,2,5.000000,,,
CUST122196,Chennai,Biryani,3,1,2,4.000000,,,21.000000
CUST016563,Kolkata,North Indian,2,0,2,4.000000,,,
CUST044951,Delhi,Fast Food,2,0,2,5.000000,,,
CUST095662,Bengaluru,North Indian,2,0,2,5.000000,,,
CUST128907,Mumbai,North Indian,2,0,2,,,,
CUST047647,Ahmedabad,Chinese,2,0,2,4.500000,,,
CUST018244,Bengaluru,Healthy,2,0,2,4.500000,,,
CUST030641,Kolkata,Chinese,2,0,2,5.000000,,,
CUST099691,Delhi,Healthy,2,0,2,5.000000,,,
CUST023965,Delhi,Biryani,2,0,2,5.000000,,,
CUST134801,Delhi,North Indian,2,0,2,4.000000,,,
CUST083969,Chennai,Pizza,2,0,2,4.000000,,,
CUST108758,Mumbai,North Indian,2,0,2,4.500000,,,
CUST011939,Delhi,Pizza,2,0,2,5.000000,,,
CUST068271,Delhi,South Indian,2,0,2,5.000000,,,
CUST057317,Bengaluru,Biryani,2,0,2,4.500000,,,
CUST187258,Mumbai,Pizza,2,0,2,5.000000,,,
CUST004553,Pune,North Indian,2,0,2,5.000000,,,
CUST050563,Mumbai,Desserts,2,0,2,5.000000,,,
CUST050384,Delhi,Healthy,2,0,2,4.000000,,,
CUST192890,Kolkata,Biryani,2,0,2,,,,
CUST081213,Chennai,South Indian,2,0,2,4.000000,,,
CUST192903,Bengaluru,Healthy,2,0,2,,,,
CUST153937,Bengaluru,North Indian,2,0,2,,,,
CUST065302,Delhi,Biryani,2,0,2,,,,
CUST168954,Kolkata,North Indian,3,1,2,4.500000,,,33.000000
CUST142832,Bengaluru,Pizza,3,1,2,4.333333,,,5.000000
CUST038478,Delhi,Desserts,2,0,2,4.000000,,,
CUST088633,Mumbai,South Indian,2,0,2,,,,
CUST179066,Kolkata,Chinese,2,0,2,5.000000,,,
CUST175024,Hyderabad,Biryani,2,0,2,,,,
CUST193684,Delhi,Fast Food,2,0,2,5.000000,,,
CUST167662,Kolkata,Desserts,2,0,2,4.000000,,,
CUST107156,Chennai,Healthy,2,0,2,,,,
CUST177791,Delhi,Pizza,2,0,2,5.000000,,,
CUST118560,Chennai,Biryani,2,0,2,4.500000,,,
CUST157902,Bengaluru,North Indian,2,0,2,5.000000,,,
CUST084079,Chennai,Pizza,2,0,2,5.000000,,,
CUST051232,Pune,Healthy,2,0,2,5.000000,,,
CUST178544,Mumbai,Chinese,2,0,2,,,,
CUST002264,Pune,North Indian,2,0,2,,,,
CUST037609,Delhi,Chinese,2,0,2,5.000000,,,
CUST105193,Pune,Biryani,2,0,2,5.000000,,,
CUST171618,Bengaluru,North Indian,2,0,2,5.000000,,,
CUST010673,Mumbai,Biryani,2,0,2,4.500000,,,
CUST087351,Pune,Chinese,2,0,2,4.500000,,,
CUST008660,Bengaluru,North Indian,2,0,2,,,,
CUST146993,Bengaluru,Fast Food,2,0,2,,,,
CUST082905,Ahmedabad,Chinese,2,0,2,5.000000,,,
CUST090594,Bengaluru,North Indian,2,0,2,4.000000,,,
CUST154518,Chennai,Chinese,2,0,2,4.000000,,,
CUST180857,Bengaluru,North Indian,2,0,2,5.000000,,,
CUST021869,Pune,Desserts,2,0,2,5.000000,,,
CUST160492,Delhi,Pizza,2,0,2,,,,
CUST115673,Delhi,Chinese,3,1,2,4.000000,,,6.000000
CUST157747,Chennai,Fast Food,2,0,2,4.500000,,,
CUST014145,Ahmedabad,North Indian,3,1,2,5.000000,,,9.000000
CUST083003,Ahmedabad,Biryani,2,0,2,,,,
CUST128850,Pune,North Indian,2,0,2,5.000000,,,
CUST023613,Mumbai,Biryani,2,0,2,4.500000,,,
CUST178016,Kolkata,Pizza,3,1,2,4.000000,,,41.000000
CUST112737,Bengaluru,Biryani,2,0,2,4.000000,,,
CUST076601,Ahmedabad,Chinese,2,0,2,5.000000,,,
CUST140987,Mumbai,Pizza,2,0,2,4.000000,,,
CUST015405,Bengaluru,North Indian,2,0,2,,,,
CUST010281,Delhi,Chinese,2,0,2,4.500000,,,
CUST060843,Delhi,Desserts,2,0,2,,,,
CUST086044,Ahmedabad,Desserts,2,0,2,,,,
CUST143679,Bengaluru,North Indian,2,0,2,4.000000,,,
CUST089055,Chennai,Chinese,2,0,2,,,,
CUST108705,Hyderabad,North Indian,3,1,2,,,,7.000000
CUST172049,Mumbai,Chinese,2,0,2,,,,
CUST014141,Kolkata,Biryani,2,0,2,4.000000,,,
CUST126831,Mumbai,Desserts,2,0,2,5.000000,,,
CUST178396,Mumbai,Desserts,2,0,2,5.000000,,,
CUST022898,Mumbai,Desserts,2,0,2,,,,
CUST053309,Chennai,Pizza,2,0,2,4.000000,,,
CUST090090,Delhi,Healthy,2,0,2,5.000000,,,
CUST120925,Bengaluru,Pizza,2,0,2,,,,
CUST085829,Bengaluru,Biryani,2,0,2,,,,
CUST106118,Kolkata,South Indian,2,0,2,4.500000,,,
CUST183307,Bengaluru,Biryani,2,0,2,,,,
CUST192953,Chennai,Desserts,2,0,2,,,,
CUST068175,Bengaluru,South Indian,2,0,2,4.000000,,,
CUST014783,Bengaluru,Desserts,2,0,2,5.000000,,,
CUST033111,Hyderabad,Healthy,2,0,2,4.000000,,,
CUST139539,Bengaluru,Biryani,2,0,2,4.000000,,,
CUST194897,Delhi,South Indian,2,0,2,5.000000,,,
CUST129536,Bengaluru,Pizza,2,0,2,4.000000,,,
CUST046938,Delhi,Fast Food,2,0,2,,,,
CUST136385,Mumbai,Biryani,2,0,2,,,,
CUST071373,Bengaluru,Biryani,2,0,2,4.000000,,,
CUST111451,Bengaluru,South Indian,2,0,2,5.000000,,,
CUST181873,Delhi,Chinese,3,1,2,5.000000,,,-5.000000
CUST111187,Chennai,Desserts,2,0,2,4.000000,,,
CUST013828,Bengaluru,Fast Food,2,0,2,4.000000,,,
CUST078903,Bengaluru,North Indian,2,0,2,,,,
CUST176717,Bengaluru,Fast Food,2,0,2,,,,
CUST032165,Bengaluru,Pizza,2,0,2,,,,
CUST016074,Hyderabad,Chinese,2,0,2,,,,
CUST072045,Bengaluru,Chinese,2,0,2,5.000000,,,
CUST010953,Mumbai,Desserts,2,0,2,5.000000,,,
CUST014458,Chennai,Desserts,2,0,2,5.000000,,,
CUST137018,Bengaluru,North Indian,3,1,2,5.000000,,,28.000000
CUST155405,Chennai,Chinese,3,1,2,5.000000,,,4.000000
CUST016709,Mumbai,Biryani,2,0,2,4.000000,,,
CUST097766,Delhi,Fast Food,2,0,2,,,,
CUST012234,Ahmedabad,North Indian,2,0,2,5.000000,,,
CUST112927,Mumbai,Pizza,2,0,2,4.500000,,,
CUST083571,Mumbai,Biryani,2,0,2,5.000000,,,
CUST186226,Mumbai,Chinese,2,0,2,,,,
CUST092059,Pune,North Indian,2,0,2,,,,
CUST187070,Mumbai,Pizza,2,0,2,,,,
CUST042480,Mumbai,North Indian,2,0,2,4.500000,,,
CUST147728,Pune,Pizza,2,0,2,5.000000,,,
CUST109916,Pune,North Indian,2,0,2,4.500000,,,
CUST103474,Chennai,North Indian,2,0,2,4.500000,,,
CUST075411,Ahmedabad,Healthy,2,0,2,5.000000,,,
CUST097405,Mumbai,Pizza,2,0,2,4.500000,,,
CUST017836,Hyderabad,North Indian,2,0,2,4.000000,,,
CUST144216,Bengaluru,Chinese,2,0,2,5.000000,,,
CUST028900,Bengaluru,North Indian,3,1,2,,,,38.000000
CUST099038,Hyderabad,Chinese,2,0,2,4.500000,,,
CUST032534,Bengaluru,North Indian,2,0,2,4.000000,,,
CUST055685,Bengaluru,Pizza,2,0,2,,,,
CUST171612,Delhi,North Indian,2,0,2,5.000000,,,
CUST073739,Kolkata,North Indian,2,0,2,,,,
CUST077775,Hyderabad,Desserts,2,0,2,5.000000,,,
CUST164147,Mumbai,Biryani,2,0,2,,,,
CUST123163,Bengaluru,Desserts,2,0,2,,,,
CUST061794,Chennai,South Indian,2,0,2,4.000000,,,
CUST171848,Bengaluru,North Indian,2,0,2,4.000000,,,
CUST189442,Ahmedabad,Healthy,2,0,2,,,,
CUST138497,Pune,South Indian,2,0,2,,,,
CUST161253,Kolkata,Chinese,2,0,2,,,,
CUST181123,Bengaluru,Biryani,3,1,2,,,,24.000000
CUST170197,Kolkata,South Indian,2,0,2,5.000000,,,
CUST184442,Hyderabad,Fast Food,2,0,2,4.000000,,,
CUST170858,Hyderabad,South Indian,2,0,2,4.000000,,,
CUST028512,Bengaluru,Healthy,2,0,2,5.000000,,,
CUST134713,Bengaluru,Pizza,2,0,2,4.000000,,,
CUST026392,Ahmedabad,Pizza,3,1,2,5.000000,,,4.000000
CUST042994,Delhi,Fast Food,2,0,2,4.500000,,,
CUST190525,Bengaluru,South Indian,2,0,2,,,,
CUST077099,Mumbai,Chinese,2,0,2,5.000000,,,
CUST017969,Mumbai,Biryani,2,0,2,5.000000,,,
CUST182214,Bengaluru,Fast Food,2,0,2,,,,
CUST013277,Bengaluru,Biryani,2,0,2,5.000000,,,
CUST052210,Bengaluru,North Indian,2,0,2,4.500000,,,
CUST086021,Bengaluru,Desserts,2,0,2,5.000000,,,
CUST076330,Bengaluru,North Indian,2,0,2,5.000000,,,
CUST152825,Bengaluru,Chinese,2,0,2,5.000000,,,
CUST111345,Chennai,Pizza,2,0,2,5.000000,,,
CUST186540,Bengaluru,Pizza,2,0,2,5.000000,,,
CUST125279,Hyderabad,North Indian,2,0,2,,,,
CUST027152,Bengaluru,North Indian,2,0,2,,,,
CUST087169,Hyderabad,Biryani,2,0,2,4.000000,,,
CUST064425,Bengaluru,Pizza,2,0,2,,,,
CUST096824,Chennai,Fast Food,2,0,2,,,,
CUST073765,Bengaluru,Desserts,3,1,2,4.000000,,,7.000000
CUST050325,Chennai,Pizza,3,1,2,4.000000,,,9.000000
CUST134371,Bengaluru,Chinese,2,0,2,,,,
CUST193673,Ahmedabad,South Indian,2,0,2,5.000000,,,
CUST048873,Bengaluru,Biryani,2,0,2,,,,
CUST049999,Mumbai,North Indian,2,0,2,,,,
CUST067953,Hyderabad,Biryani,2,0,2,5.000000,,,
CUST101665,Mumbai,Biryani,2,0,2,,,,
CUST179018,Delhi,Biryani,3,1,2,4.500000,,,0.000000
CUST195030,Chennai,Desserts,2,0,2,,,,
CUST113460,Ahmedabad,South Indian,2,0,2,,,,
CUST125379,Bengaluru,Chinese,2,0,2,4.000000,,,
CUST193372,Chennai,Chinese,2,0,2,4.000000,,,
CUST118711,Kolkata,Desserts,2,0,2,5.000000,,,
CUST042866,Bengaluru,Fast Food,2,0,2,4.500000,,,
CUST002226,Hyderabad,Pizza,3,1,2,,2.000000,,23.000000
CUST022189,Mumbai,Chinese,2,0,2,5.000000,,,
CUST196211,Pune,Chinese,2,0,2,5.000000,,,
CUST174297,Bengaluru,North Indian,2,0,2,,,,
CUST101056,Bengaluru,Pizza,2,0,2,4.500000,,,
CUST197965,Delhi,Desserts,3,1,2,4.000000,,,7.000000
CUST139828,Kolkata,Biryani,2,0,2,5.000000,,,
CUST058935,Pune,Healthy,2,0,2,5.000000,,,
CUST014648,Kolkata,North Indian,3,1,2,,2.000000,,-5.000000
CUST057000,Hyderabad,Pizza,2,0,2,4.500000,,,
CUST003726,Delhi,Fast Food,2,0,2,5.000000,,,
CUST134453,Delhi,Biryani,2,0,2,5.000000,,,
CUST066594,Hyderabad,North Indian,2,0,2,5.000000,,,
CUST157216,Chennai,South Indian,2,0,2,5.000000,,,
CUST015173,Kolkata,South Indian,2,0,2,5.000000,,,
CUST069294,Kolkata,Pizza,2,0,2,5.000000,,,
CUST056014,Chennai,Chinese,2,0,2,4.000000,,,
CUST150584,Bengaluru,Biryani,2,0,2,,,,
CUST026493,Bengaluru,Chinese,2,0,2,,,,
CUST196636,Mumbai,Fast Food,2,0,2,5.000000,,,
CUST076893,Delhi,North Indian,2,0,2,4.000000,,,
CUST047321,Bengaluru,Chinese,2,0,2,,,,
CUST024357,Bengaluru,South Indian,2,0,2,,,,
CUST120295,Hyderabad,North Indian,2,0,2,4.000000,,,
CUST172768,Mumbai,Desserts,2,0,2,,,,
CUST166156,Mumbai,North Indian,2,0,2,5.000000,,,
CUST119068,Bengaluru,Healthy,2,0,2,4.000000,,,
CUST166623,Hyderabad,Biryani,2,0,2,5.000000,,,
CUST140499,Mumbai,North Indian,2,0,2,4.500000,,,
CUST061419,Delhi,Chinese,2,0,2,4.000000,,,
CUST122705,Kolkata,Pizza,2,0,2,5.000000,,,
CUST080766,Hyderabad,North Indian,2,0,2,5.000000,,,
CUST061584,Ahmedabad,Desserts,2,0,2,,,,
CUST054469,Delhi,Biryani,2,0,2,,,,
CUST145550,Kolkata,Desserts,2,0,2,,,,
CUST081098,Kolkata,South Indian,2,0,2,4.000000,,,
CUST116223,Bengaluru,South Indian,2,0,2,,,,
CUST153202,Kolkata,South Indian,2,0,2,5.000000,,,
CUST005115,Chennai,North Indian,2,0,2,,,,
CUST085669,Bengaluru,Chinese,2,0,2,4.500000,,,
CUST072091,Delhi,Fast Food,2,0,2,,,,
CUST070524,Delhi,Chinese,3,1,2,4.500000,,,5.000000
CUST093240,Delhi,North Indian,3,1,2,5.000000,,,27.000000
CUST194575,Mumbai,Chinese,2,0,2,,,,
CUST060233,Delhi,Pizza,2,0,2,4.500000,,,
CUST153371,Delhi,South Indian,2,0,2,4.000000,,,
CUST066588,Mumbai,Pizza,2,0,2,4.000000,,,
CUST131281,Delhi,North Indian,2,0,2,4.500000,,,
CUST134001,Delhi,Biryani,2,0,2,,,,
CUST140451,Delhi,South Indian,2,0,2,5.000000,,,
CUST152576,Hyderabad,North Indian,2,0,2,5.000000,,,
CUST184836,Pune,Fast Food,2,0,2,4.500000,,,
CUST123891,Pune,Fast Food,2,0,2,,,,
CUST119910,Delhi,Desserts,2,0,2,,,,
CUST154145,Hyderabad,North Indian,2,0,2,,,,
CUST170890,Bengaluru,Fast Food,2,0,2,,,,
CUST018152,Pune,Pizza,3,1,2,4.666667,,,10.000000
CUST013738,Pune,Chinese,3,1,2,4.500000,,,22.000000
CUST103138,Bengaluru,Pizza,3,1,2,4.000000,,,11.000000
CUST071688,Bengaluru,North Indian,2,0,2,5.000000,,,
CUST105404,Mumbai,Desserts,2,0,2,4.000000,,,
CUST077418,Delhi,Desserts,2,0,2,4.000000,,,
CUST037974,Delhi,Healthy,2,0,2,4.000000,,,
CUST199354,Hyderabad,Chinese,2,0,2,,,,
CUST137692,Bengaluru,Chinese,2,0,2,5.000000,,,
CUST072430,Bengaluru,Biryani,2,0,2,5.000000,,,
CUST064680,Kolkata,South Indian,2,0,2,4.000000,,,
CUST015748,Mumbai,South Indian,2,0,2,4.000000,,,
CUST018363,Bengaluru,South Indian,2,0,2,4.000000,,,
CUST029333,Kolkata,Fast Food,2,0,2,,,,
CUST084017,Pune,Desserts,2,0,2,4.500000,,,
CUST172140,Bengaluru,North Indian,2,0,2,5.000000,,,
CUST015154,Bengaluru,South Indian,2,0,2,4.000000,,,
CUST058405,Delhi,Chinese,2,0,2,4.000000,,,
CUST166112,Mumbai,North Indian,2,0,2,4.000000,,,
CUST139328,Ahmedabad,Chinese,2,0,2,4.500000,,,
CUST090691,Bengaluru,Desserts,2,0,2,5.000000,,,
CUST099100,Hyderabad,Biryani,3,1,2,,3.000000,,19.000000
CUST160619,Kolkata,South Indian,2,0,2,5.000000,,,
CUST130367,Mumbai,North Indian,2,0,2,,,,
CUST129622,Bengaluru,Fast Food,3,1,2,5.000000,,,7.000000
CUST069383,Chennai,North Indian,2,0,2,5.000000,,,
CUST193150,Delhi,Fast Food,2,0,2,,,,
CUST065344,Kolkata,Healthy,2,0,2,4.500000,,,
CUST194102,Bengaluru,Biryani,2,0,2,5.000000,,,
CUST078711,Hyderabad,Biryani,2,0,2,5.000000,,,
CUST075641,Kolkata,South Indian,2,0,2,5.000000,,,
CUST068058,Kolkata,Chinese,2,0,2,,,,
CUST084432,Kolkata,Biryani,2,0,2,4.000000,,,
CUST175801,Mumbai,South Indian,2,0,2,4.500000,,,
CUST121706,Chennai,Pizza,2,0,2,4.500000,,,
CUST018294,Hyderabad,South Indian,2,0,2,4.000000,,,
CUST197781,Chennai,Fast Food,3,1,2,5.000000,,,8.000000
CUST116896,Ahmedabad,South Indian,2,0,2,5.000000,,,
CUST163417,Mumbai,Fast Food,2,0,2,,,,
CUST135206,Delhi,Pizza,2,0,2,,,,
CUST144488,Bengaluru,North Indian,3,1,2,5.000000,,,21.000000
CUST190340,Kolkata,South Indian,2,0,2,,,,
CUST036981,Chennai,South Indian,2,0,2,,,,
CUST097390,Bengaluru,North Indian,2,0,2,5.000000,,,
CUST020107,Bengaluru,Fast Food,2,0,2,4.500000,,,
CUST183113,Hyderabad,Chinese,2,0,2,5.000000,,,
CUST151391,Bengaluru,North Indian,2,0,2,,,,
CUST022289,Pune,Biryani,2,0,2,5.000000,,,
CUST099288,Delhi,Pizza,2,0,2,4.000000,,,
CUST128681,Delhi,Desserts,2,0,2,,,,
CUST051958,Bengaluru,North Indian,2,0,2,4.000000,,,
CUST109444,Bengaluru,Biryani,2,0,2,5.000000,,,
CUST120655,Pune,South Indian,2,0,2,4.000000,,,
CUST184420,Mumbai,Desserts,2,0,2,4.000000,,,
CUST064232,Bengaluru,South Indian,2,0,2,5.000000,,,
CUST066451,Pune,Fast Food,2,0,2,4.000000,,,
CUST026671,Hyderabad,Desserts,2,0,2,5.000000,,,
CUST094743,Ahmedabad,Biryani,2,0,2,5.000000,,,
CUST060636,Bengaluru,Pizza,3,1,2,4.000000,,,36.000000
CUST116455,Kolkata,Pizza,2,0,2,3.500000,,,
CUST100220,Delhi,North Indian,2,0,2,4.000000,,,
CUST161339,Bengaluru,South Indian,2,0,2,4.000000,,,
CUST107820,Bengaluru,Pizza,2,0,2,4.000000,,,
CUST174143,Kolkata,Pizza,2,0,2,5.000000,,,
CUST011786,Delhi,Desserts,2,0,2,4.000000,,,
CUST161392,Mumbai,Biryani,2,0,2,,,,
CUST147668,Chennai,Chinese,2,0,2,4.000000,,,
CUST123918,Ahmedabad,Biryani,2,0,2,,,,
CUST071301,Hyderabad,Desserts,3,1,2,,2.000000,,28.000000
CUST161358,Delhi,North Indian,3,1,2,4.500000,,,14.000000
CUST076125,Ahmedabad,Biryani,2,0,2,,,,
CUST166506,Chennai,Pizza,3,1,2,4.666667,,,21.000000
CUST035342,Hyderabad,South Indian,2,0,2,5.000000,,,
CUST162146,Pune,North Indian,2,0,2,4.000000,,,
CUST035629,Pune,South Indian,2,0,2,5.000000,,,
CUST190929,Bengaluru,Chinese,2,0,2,,,,
CUST085559,Mumbai,Chinese,2,0,2,4.000000,,,
CUST005137,Bengaluru,Biryani,2,0,2,5.000000,,,
CUST151637,Mumbai,South Indian,2,0,2,4.000000,,,
CUST065071,Mumbai,North Indian,2,0,2,4.500000,,,
CUST061395,Pune,North Indian,2,0,2,,,,
CUST035172,Mumbai,Biryani,3,1,2,4.000000,,,3.000000
CUST188070,Delhi,Fast Food,2,0,2,4.500000,,,
CUST055387,Mumbai,Fast Food,3,1,2,,3.000000,,5.000000
CUST178221,Bengaluru,South Indian,2,0,2,,,,
CUST021754,Mumbai,South Indian,2,0,2,5.000000,,,
CUST088736,Bengaluru,Chinese,2,0,2,5.000000,,,
CUST030194,Bengaluru,Chinese,2,0,2,,,,
CUST065245,Bengaluru,North Indian,2,0,2,,,,
CUST170657,Mumbai,Pizza,2,0,2,5.000000,,,
CUST004944,Pune,South Indian,2,0,2,5.000000,,,
CUST172507,Chennai,Biryani,2,0,2,5.000000,,,
CUST150670,Mumbai,South Indian,2,0,2,5.000000,,,
CUST174697,Ahmedabad,Pizza,3,1,2,,2.000000,,-2.000000
CUST010836,Bengaluru,Desserts,2,0,2,,,,
CUST064745,Bengaluru,Chinese,2,0,2,,,,
CUST087617,Kolkata,North Indian,2,0,2,5.000000,,,
CUST067486,Mumbai,South Indian,2,0,2,,,,
CUST094641,Mumbai,Chinese,2,0,2,,,,
CUST197426,Hyderabad,Desserts,2,0,2,,,,
CUST033363,Chennai,Desserts,2,0,2,,,,
CUST139511,Bengaluru,Chinese,2,0,2,5.000000,,,
CUST117809,Kolkata,Fast Food,2,0,2,5.000000,,,
CUST106322,Mumbai,Chinese,2,0,2,5.000000,,,
CUST192279,Pune,Pizza,2,0,2,,,,
CUST150887,Delhi,Biryani,2,0,2,4.000000,,,
CUST139793,Delhi,Biryani,2,0,2,,,,
CUST122180,Hyderabad,North Indian,2,0,2,5.000000,,,
CUST120554,Kolkata,Pizza,2,0,2,,,,
CUST114783,Mumbai,Desserts,3,1,2,,2.000000,,19.000000
CUST151989,Delhi,Chinese,2,0,2,4.000000,,,
CUST079673,Kolkata,Pizza,2,0,2,,,,
CUST194162,Bengaluru,Biryani,3,1,2,4.000000,,,15.000000
CUST196057,Bengaluru,South Indian,2,0,2,4.000000,,,
CUST186075,Ahmedabad,Desserts,2,0,2,,,,
CUST138348,Pune,Fast Food,2,0,2,,,,
CUST089596,Ahmedabad,Pizza,2,0,2,5.000000,,,
CUST095302,Bengaluru,Fast Food,2,0,2,5.000000,,,
CUST136992,Delhi,South Indian,2,0,2,5.000000,,,
CUST017831,Delhi,North Indian,3,1,2,5.000000,,,23.000000
CUST013017,Bengaluru,North Indian,2,0,2,4.500000,,,
CUST102445,Bengaluru,Biryani,2,0,2,4.000000,,,
CUST159269,Hyderabad,North Indian,2,0,2,,,,
CUST054099,Bengaluru,North Indian,2,0,2,5.000000,,,
CUST181283,Bengaluru,Pizza,2,0,2,4.000000,,,
CUST112816,Kolkata,Desserts,2,0,2,,,,
CUST164996,Kolkata,Fast Food,2,0,2,4.500000,,,
CUST130588,Bengaluru,North Indian,2,0,2,5.000000,,,
CUST072729,Mumbai,South Indian,2,0,2,4.000000,,,
CUST076496,Kolkata,Desserts,2,0,2,4.000000,,,
CUST148683,Ahmedabad,South Indian,2,0,2,,,,
CUST063387,Ahmedabad,North Indian,2,0,2,4.000000,,,
CUST046185,Mumbai,Pizza,3,1,2,,,,21.000000
CUST180592,Pune,North Indian,2,0,2,5.000000,,,
CUST173189,Hyderabad,North Indian,2,0,2,5.000000,,,
CUST010178,Mumbai,Fast Food,2,0,2,5.000000,,,
CUST077648,Bengaluru,North Indian,2,0,2,4.500000,,,
CUST081110,Bengaluru,South Indian,2,0,2,5.000000,,,
CUST041558,Bengaluru,Fast Food,2,0,2,5.000000,,,
CUST119291,Bengaluru,North Indian,3,1,2,4.500000,,,18.000000
CUST124338,Delhi,Desserts,2,0,2,4.000000,,,
CUST198951,Ahmedabad,Biryani,3,1,2,,2.000000,,12.000000
CUST123860,Chennai,North Indian,2,0,2,5.000000,,,
CUST197086,Chennai,North Indian,2,0,2,4.500000,,,
CUST111488,Bengaluru,North Indian,2,0,2,,,,
CUST165911,Bengaluru,Fast Food,2,0,2,,,,
CUST039007,Bengaluru,Biryani,2,0,2,,,,
CUST102601,Delhi,Desserts,2,0,2,,,,
CUST116232,Hyderabad,Healthy,3,1,2,4.666667,,,26.000000
CUST116737,Mumbai,Fast Food,2,0,2,5.000000,,,
CUST002362,Hyderabad,South Indian,2,0,2,5.000000,,,
CUST078918,Mumbai,North Indian,2,0,2,4.000000,,,
CUST194465,Mumbai,South Indian,2,0,2,,,,
CUST165065,Delhi,North Indian,3,1,2,5.000000,,,26.000000
CUST000789,Kolkata,Biryani,2,0,2,5.000000,,,
CUST042016,Ahmedabad,South Indian,2,0,2,4.500000,,,
CUST157651,Delhi,Healthy,2,0,2,4.500000,,,
CUST008602,Hyderabad,Biryani,2,0,2,,,,
CUST189578,Bengaluru,Chinese,2,0,2,4.000000,,,
CUST191810,Mumbai,North Indian,2,0,2,5.000000,,,
CUST158284,Delhi,Desserts,2,0,2,5.000000,,,
CUST083380,Chennai,Chinese,2,0,2,,,,
CUST017184,Pune,Chinese,2,0,2,4.000000,,,
CUST051190,Delhi,South Indian,2,0,2,4.000000,,,
CUST196916,Hyderabad,Chinese,2,0,2,5.000000,,,
CUST093390,Bengaluru,Fast Food,3,1,2,4.000000,,,5.000000
CUST030505,Bengaluru,South Indian,2,0,2,,,,
CUST073097,Bengaluru,Desserts,2,0,2,4.000000,,,
CUST057469,Mumbai,South Indian,2,0,2,4.000000,,,
CUST069113,Pune,Chinese,2,0,2,,,,
CUST070147,Bengaluru,Pizza,2,0,2,,,,
CUST082988,Bengaluru,South Indian,2,0,2,,,,
CUST066368,Bengaluru,Fast Food,2,0,2,4.000000,,,
CUST029890,Chennai,South Indian,2,0,2,5.000000,,,
CUST141135,Pune,Healthy,2,0,2,4.000000,,,
CUST138289,Bengaluru,North Indian,2,0,2,5.000000,,,
CUST125575,Pune,South Indian,3,1,2,4.500000,,,22.000000
CUST007906,Kolkata,Biryani,2,0,2,4.000000,,,
CUST169227,Delhi,Fast Food,2,0,2,,,,
CUST032087,Bengaluru,Chinese,2,0,2,4.500000,,,
CUST169212,Delhi,Pizza,2,0,2,4.000000,,,
CUST174796,Delhi,North Indian,2,0,2,4.000000,,,
CUST082925,Bengaluru,Biryani,2,0,2,5.000000,,,
CUST180744,Delhi,Chinese,2,0,2,5.000000,,,
CUST017023,Chennai,North Indian,3,1,2,4.500000,,,21.000000
CUST188881,Kolkata,Biryani,2,0,2,5.000000,,,
CUST131354,Mumbai,Chinese,2,0,2,5.000000,,,
CUST190406,Pune,Chinese,2,0,2,5.000000,,,
CUST170213,Pune,Biryani,2,0,2,,,,
CUST160474,Delhi,Healthy,2,0,2,4.000000,,,
CUST163112,Chennai,Fast Food,3,1,2,5.000000,,,6.000000
CUST046860,Mumbai,South Indian,2,0,2,4.000000,,,
CUST160237,Mumbai,Fast Food,2,0,2,5.000000,,,
CUST028693,Ahmedabad,Chinese,2,0,2,5.000000,,,
CUST131400,Delhi,South Indian,2,0,2,,,,
CUST073553,Bengaluru,North Indian,2,0,2,4.500000,,,
CUST053917,Pune,Chinese,2,0,2,4.500000,,,
CUST037228,Bengaluru,North Indian,2,0,2,5.000000,,,
CUST075542,Delhi,South Indian,2,0,2,5.000000,,,
CUST160281,Pune,South Indian,2,0,2,,,,
CUST146101,Bengaluru,Biryani,2,0,2,4.000000,,,
CUST158028,Bengaluru,South Indian,2,0,2,4.000000,,,
CUST034979,Ahmedabad,Pizza,2,0,2,4.000000,,,
CUST010511,Bengaluru,Pizza,2,0,2,4.000000,,,
CUST181193,Mumbai,North Indian,2,0,2,5.000000,,,
CUST154410,Delhi,South Indian,2,0,2,4.000000,,,
CUST072826,Bengaluru,Pizza,2,0,2,5.000000,,,
CUST150427,Bengaluru,North Indian,2,0,2,5.000000,,,
CUST050381,Hyderabad,Fast Food,2,0,2,5.000000,,,
CUST098373,Bengaluru,Pizza,2,0,2,,,,
CUST012698,Mumbai,South Indian,2,0,2,4.000000,,,
CUST199494,Hyderabad,South Indian,2,0,2,4.000000,,,
CUST184364,Chennai,North Indian,3,1,2,4.500000,,,-5.000000
CUST043244,Bengaluru,Biryani,3,1,2,5.000000,,,3.000000
CUST126984,Bengaluru,North Indian,2,0,2,5.000000,,,
CUST064337,Hyderabad,Fast Food,2,0,2,,,,
CUST054977,Bengaluru,Fast Food,2,0,2,,,,
CUST121022,Chennai,North Indian,2,0,2,5.000000,,,
CUST094284,Bengaluru,Chinese,2,0,2,,,,
CUST097996,Delhi,Biryani,2,0,2,4.000000,,,
CUST093101,Delhi,Chinese,2,0,2,5.000000,,,
CUST103611,Bengaluru,Desserts,2,0,2,5.000000,,,
CUST190590,Chennai,Fast Food,2,0,2,5.000000,,,
CUST042558,Bengaluru,North Indian,2,0,2,4.000000,,,
CUST088193,Delhi,North Indian,2,0,2,4.500000,,,
CUST170104,Delhi,Pizza,2,0,2,4.000000,,,
CUST060652,Pune,Biryani,2,0,2,5.000000,,,
CUST123467,Pune,Chinese,2,0,2,5.000000,,,
CUST103865,Delhi,Chinese,2,0,2,,,,
CUST194821,Hyderabad,North Indian,2,0,2,5.000000,,,
CUST146264,Delhi,Desserts,2,0,2,,,,
CUST004387,Chennai,Pizza,2,0,2,5.000000,,,
CUST028912,Bengaluru,Pizza,3,1,2,4.500000,,,26.000000
CUST054301,Bengaluru,North Indian,2,0,2,5.000000,,,
CUST035474,Chennai,North Indian,2,0,2,4.000000,,,
CUST077097,Pune,Chinese,3,1,2,5.000000,,,22.000000
CUST041237,Ahmedabad,Desserts,2,0,2,4.000000,,,
CUST198265,Mumbai,Chinese,3,1,2,4.666667,,,18.000000
CUST128870,Bengaluru,South Indian,2,0,2,,,,
CUST052720,Bengaluru,Pizza,2,0,2,5.000000,,,
CUST117003,Mumbai,North Indian,2,0,2,,,,
CUST171996,Ahmedabad,South Indian,2,0,2,4.500000,,,
CUST193925,Ahmedabad,Biryani,2,0,2,,,,
CUST061892,Pune,Chinese,2,0,2,4.500000,,,
CUST105149,Kolkata,Desserts,2,0,2,5.000000,,,
CUST016928,Delhi,South Indian,2,0,2,4.000000,,,
CUST188507,Bengaluru,North Indian,2,0,2,5.000000,,,
CUST194507,Bengaluru,Pizza,2,0,2,5.000000,,,
CUST096536,Bengaluru,South Indian,2,0,2,4.500000,,,
CUST107390,Bengaluru,Desserts,2,0,2,4.000000,,,
CUST145467,Delhi,Chinese,2,0,2,,,,
CUST066440,Mumbai,South Indian,2,0,2,4.000000,,,
CUST001136,Delhi,Pizza,2,0,2,4.000000,,,
CUST186977,Ahmedabad,Biryani,2,0,2,5.000000,,,
CUST169670,Hyderabad,North Indian,2,0,2,4.000000,,,
CUST192734,Delhi,Pizza,2,0,2,5.000000,,,
CUST136610,Bengaluru,North Indian,2,0,2,5.000000,,,
CUST186085,Delhi,Chinese,2,0,2,5.000000,,,
CUST191651,Kolkata,Chinese,2,0,2,4.500000,,,
CUST137896,Bengaluru,Pizza,2,0,2,4.000000,,,
CUST159731,Delhi,Biryani,2,0,2,4.000000,,,
CUST140873,Mumbai,North Indian,2,0,2,5.000000,,,
CUST043411,Hyderabad,North Indian,3,1,2,4.000000,,,17.000000
CUST101334,Bengaluru,Pizza,2,0,2,5.000000,,,
CUST015015,Mumbai,Pizza,2,0,2,5.000000,,,
CUST162517,Mumbai,Desserts,2,0,2,5.000000,,,
CUST086197,Bengaluru,North Indian,2,0,2,4.500000,,,
CUST192200,Delhi,South Indian,2,0,2,,,,
CUST062028,Mumbai,Pizza,2,0,2,4.000000,,,
CUST119413,Delhi,Healthy,2,0,2,5.000000,,,
CUST097893,Hyderabad,South Indian,3,1,2,5.000000,,,21.000000
CUST188518,Chennai,North Indian,2,0,2,4.500000,,,
CUST095919,Bengaluru,Biryani,2,0,2,4.500000,,,
CUST097331,Hyderabad,Biryani,3,1,2,,3.000000,,-7.000000
CUST068709,Pune,Desserts,2,0,2,5.000000,,,
CUST019595,Bengaluru,South Indian,2,0,2,5.000000,,,
CUST179075,Mumbai,Biryani,2,0,2,,,,
CUST155879,Bengaluru,South Indian,2,0,2,4.000000,,,
CUST167328,Bengaluru,Chinese,2,0,2,4.000000,,,
CUST111523,Delhi,Chinese,2,0,2,5.000000,,,
CUST049949,Delhi,Biryani,2,0,2,5.000000,,,
CUST179573,Delhi,Biryani,2,0,2,4.000000,,,
CUST079245,Delhi,Fast Food,3,1,2,5.000000,,,28.000000
CUST091562,Bengaluru,South Indian,2,0,2,4.000000,,,
CUST097953,Bengaluru,Biryani,2,0,2,4.000000,,,
CUST090549,Mumbai,Pizza,2,0,2,,,,
CUST156085,Bengaluru,Biryani,2,0,2,4.000000,,,
CUST131139,Kolkata,North Indian,2,0,2,5.000000,,,
CUST029401,Kolkata,Biryani,2,0,2,5.000000,,,
CUST085955,Bengaluru,Pizza,2,0,2,4.000000,,,
CUST124849,Bengaluru,Desserts,2,0,2,4.000000,,,
CUST091709,Bengaluru,North Indian,3,1,2,4.666667,,,35.000000
CUST005070,Bengaluru,Pizza,2,0,2,5.000000,,,
CUST123603,Delhi,North Indian,2,0,2,4.000000,,,
CUST140854,Mumbai,Fast Food,2,0,2,4.000000,,,
CUST073307,Pune,Biryani,2,0,2,4.000000,,,
CUST119627,Chennai,Biryani,2,0,2,,,,
CUST055865,Bengaluru,North Indian,2,0,2,4.500000,,,
CUST118133,Bengaluru,Fast Food,3,1,2,5.000000,,,19.000000
CUST163720,Hyderabad,Chinese,2,0,2,5.000000,,,
CUST077323,Pune,Chinese,2,0,2,4.500000,,,
CUST116389,Pune,Fast Food,2,0,2,,,,
CUST081623,Bengaluru,Chinese,2,0,2,4.000000,,,
CUST119203,Bengaluru,Healthy,2,0,2,5.000000,,,
CUST036943,Mumbai,Biryani,2,0,2,4.500000,,,
CUST080547,Pune,Pizza,2,0,2,4.000000,,,
CUST162736,Delhi,South Indian,2,0,2,4.000000,,,
CUST073236,Hyderabad,Fast Food,2,0,2,,,,
CUST084354,Bengaluru,North Indian,2,0,2,5.000000,,,
CUST035248,Mumbai,Biryani,2,0,2,4.000000,,,
CUST192296,Hyderabad,North Indian,2,0,2,4.000000,,,
CUST143856,Bengaluru,Biryani,2,0,2,4.000000,,,
CUST081923,Hyderabad,Fast Food,2,0,2,4.000000,,,
CUST020980,Bengaluru,Pizza,2,0,2,4.500000,,,
CUST142275,Mumbai,Pizza,2,0,2,4.500000,,,
CUST170625,Kolkata,North Indian,2,0,2,4.000000,,,
CUST146302,Bengaluru,Chinese,3,1,2,5.000000,,,-4.000000
CUST166376,Hyderabad,North Indian,3,1,2,,3.000000,,52.000000
CUST077474,Bengaluru,Chinese,2,0,2,5.000000,,,
CUST044571,Ahmedabad,North Indian,2,0,2,5.000000,,,
CUST001389,Kolkata,Fast Food,2,0,2,4.500000,,,
CUST124010,Kolkata,Chinese,3,1,2,5.000000,,,27.000000
CUST103820,Mumbai,Chinese,3,1,2,,,,43.000000
CUST144869,Mumbai,Chinese,2,0,2,5.000000,,,
CUST156724,Mumbai,Chinese,2,0,2,4.000000,,,
CUST075665,Hyderabad,Chinese,2,0,2,5.000000,,,
CUST004279,Chennai,Desserts,3,1,2,4.500000,,,33.000000
CUST131684,Mumbai,Desserts,2,0,2,,,,
CUST111570,Mumbai,Pizza,2,0,2,4.500000,,,
CUST146180,Hyderabad,Chinese,2,0,2,5.000000,,,
CUST047859,Kolkata,Healthy,2,0,2,4.000000,,,
CUST076343,Delhi,Chinese,2,0,2,4.500000,,,
CUST038620,Bengaluru,South Indian,2,0,2,5.000000,,,
CUST147681,Pune,North Indian,2,0,2,5.000000,,,
CUST020478,Bengaluru,South Indian,2,0,2,4.000000,,,
CUST111847,Chennai,Biryani,2,0,2,4.000000,,,
CUST108532,Kolkata,Biryani,2,0,2,4.000000,,,
CUST111355,Delhi,North Indian,2,0,2,,,,
CUST017996,Pune,Desserts,2,0,2,5.000000,,,
CUST103489,Hyderabad,Fast Food,2,0,2,4.000000,,,
CUST169460,Bengaluru,Fast Food,2,0,2,,,,
CUST063692,Bengaluru,Biryani,2,0,2,5.000000,,,
CUST070390,Kolkata,North Indian,2,0,2,5.000000,,,
CUST149093,Mumbai,Fast Food,2,0,2,4.500000,,,
CUST151169,Bengaluru,Pizza,2,0,2,5.000000,,,
CUST184003,Bengaluru,North Indian,2,0,2,4.000000,,,
CUST043765,Hyderabad,North Indian,2,0,2,5.000000,,,
CUST170560,Bengaluru,Desserts,2,0,2,4.000000,,,
CUST003024,Ahmedabad,North Indian,3,1,2,4.000000,,,15.000000
CUST104987,Delhi,Desserts,2,0,2,4.000000,,,
CUST114381,Kolkata,Biryani,2,0,2,,,,
CUST052605,Delhi,North Indian,2,0,2,5.000000,,,
CUST026747,Ahmedabad,North Indian,2,0,2,4.000000,,,
CUST171828,Bengaluru,South Indian,2,0,2,,,,
CUST119568,Hyderabad,Pizza,2,0,2,5.000000,,,
CUST034426,Bengaluru,North Indian,2,0,2,5.000000,,,
CUST091257,Delhi,Desserts,2,0,2,5.000000,,,
CUST157087,Hyderabad,Fast Food,2,0,2,5.000000,,,
CUST133458,Chennai,Pizza,2,0,2,,,,
CUST031879,Bengaluru,North Indian,2,0,2,4.000000,,,
CUST161455,Pune,North Indian,2,0,2,,,,
CUST190621,Kolkata,North Indian,2,0,2,,,,
CUST049419,Delhi,North Indian,2,0,2,,,,
CUST046504,Bengaluru,North Indian,2,0,2,5.000000,,,
CUST010337,Bengaluru,Fast Food,3,1,2,4.000000,,,9.000000
CUST185935,Ahmedabad,Pizza,2,0,2,5.000000,,,
CUST026155,Kolkata,Biryani,3,1,2,4.500000,,,23.000000
CUST152061,Kolkata,Biryani,2,0,2,4.000000,,,
CUST181447,Delhi,Biryani,2,0,2,5.000000,,,
CUST186357,Hyderabad,Pizza,2,0,2,5.000000,,,
CUST181673,Mumbai,Fast Food,2,0,2,5.000000,,,
CUST199371,Pune,North Indian,2,0,2,,,,
CUST016727,Kolkata,Biryani,2,0,2,4.000000,,,
CUST105987,Hyderabad,South Indian,2,0,2,4.000000,,,
CUST124839,Mumbai,South Indian,2,0,2,5.000000,,,
CUST165524,Chennai,Chinese,2,0,2,5.000000,,,
CUST124952,Mumbai,Healthy,2,0,2,5.000000,,,
CUST110373,Hyderabad,North Indian,2,0,2,,,,
CUST124447,Ahmedabad,South Indian,2,0,2,4.500000,,,
CUST150735,Bengaluru,Biryani,2,0,2,5.000000,,,
CUST179147,Mumbai,Desserts,2,0,2,5.000000,,,
CUST144878,Bengaluru,North Indian,2,0,2,4.500000,,,
CUST070856,Mumbai,Pizza,2,0,2,,,,
CUST152865,Delhi,South Indian,2,0,2,4.000000,,,
CUST125038,Bengaluru,Chinese,2,0,2,4.500000,,,
CUST197170,Mumbai,North Indian,2,0,2,,,,
CUST056036,Mumbai,South Indian,3,1,2,4.000000,,,19.000000
CUST085363,Chennai,North Indian,3,1,2,4.500000,,,25.000000
CUST070463,Chennai,North Indian,2,0,2,,,,
CUST082252,Kolkata,North Indian,2,0,2,4.000000,,,
CUST003467,Pune,North Indian,2,0,2,4.500000,,,
CUST093107,Bengaluru,Chinese,2,0,2,4.000000,,,
CUST103161,Hyderabad,Biryani,3,1,2,4.500000,,,-5.000000
CUST058441,Kolkata,Chinese,2,0,2,,,,
CUST026211,Mumbai,North Indian,2,0,2,4.000000,,,
CUST125715,Kolkata,North Indian,2,0,2,,,,
CUST050693,Delhi,Fast Food,2,0,2,5.000000,,,
CUST034817,Bengaluru,Biryani,2,0,2,4.000000,,,
CUST022679,Bengaluru,Biryani,2,0,2,4.500000,,,
CUST197910,Bengaluru,North Indian,2,0,2,4.000000,,,
CUST054446,Bengaluru,Chinese,2,0,2,4.500000,,,
CUST060415,Bengaluru,South Indian,2,0,2,,,,
CUST084164,Ahmedabad,Fast Food,2,0,2,5.000000,,,
CUST078313,Bengaluru,Chinese,2,0,2,5.000000,,,
CUST169618,Bengaluru,Biryani,2,0,2,,,,
CUST125580,Bengaluru,Chinese,2,0,2,,,,
CUST142502,Bengaluru,North Indian,2,0,2,5.000000,,,
CUST048833,Bengaluru,Chinese,2,0,2,4.000000,,,
CUST015743,Kolkata,Biryani,2,0,2,5.000000,,,
CUST182560,Bengaluru,Pizza,2,0,2,5.000000,,,
CUST199356,Mumbai,Chinese,3,1,2,5.000000,,,26.000000
CUST028907,Delhi,North Indian,2,0,2,4.500000,,,
CUST167805,Hyderabad,Fast Food,3,1,2,4.500000,,,9.000000
CUST117397,Hyderabad,Pizza,2,0,2,5.000000,,,
CUST015425,Chennai,Pizza,2,0,2,,,,
CUST123500,Chennai,Pizza,2,0,2,5.000000,,,
CUST045106,Hyderabad,Pizza,2,0,2,5.000000,,,
CUST014427,Bengaluru,South Indian,2,0,2,4.000000,,,
CUST044267,Bengaluru,Fast Food,2,0,2,4.000000,,,
CUST124228,Mumbai,South Indian,3,1,2,5.000000,,,13.000000
CUST145108,Kolkata,Biryani,2,0,2,5.000000,,,
CUST152985,Bengaluru,Biryani,2,0,2,,,,
CUST084599,Chennai,Biryani,2,0,2,,,,
CUST081000,Bengaluru,North Indian,2,0,2,,,,
CUST085531,Chennai,Fast Food,3,1,2,4.000000,,,36.000000
CUST027658,Bengaluru,Biryani,2,0,2,,,,
CUST181538,Mumbai,Pizza,2,0,2,4.500000,,,
CUST149519,Chennai,Chinese,2,0,2,,,,
CUST039008,Delhi,Biryani,3,1,2,4.000000,,,27.000000
CUST105363,Pune,Fast Food,2,0,2,4.000000,,,
CUST153316,Bengaluru,Chinese,2,0,2,5.000000,,,
CUST004113,Delhi,Desserts,2,0,2,4.500000,,,
CUST161483,Chennai,Desserts,3,1,2,4.666667,,,32.000000
CUST152069,Mumbai,South Indian,2,0,2,5.000000,,,
CUST179526,Kolkata,Healthy,2,0,2,,,,
CUST073508,Mumbai,North Indian,2,0,2,,,,
CUST132706,Mumbai,Pizza,3,1,2,4.500000,,,12.000000
CUST169502,Bengaluru,Chinese,2,0,2,4.000000,,,
CUST057005,Mumbai,Desserts,2,0,2,5.000000,,,
CUST101757,Kolkata,North Indian,2,0,2,4.000000,,,
CUST056705,Bengaluru,North Indian,2,0,2,5.000000,,,
CUST041771,Hyderabad,North Indian,3,1,2,5.000000,,,17.000000
CUST030565,Ahmedabad,Biryani,3,1,2,5.000000,,,31.000000
CUST175009,Delhi,Healthy,2,0,2,,,,
CUST141029,Chennai,North Indian,2,0,2,5.000000,,,
CUST160496,Bengaluru,South Indian,2,0,2,4.000000,,,
CUST033527,Bengaluru,South Indian,2,0,2,,,,
CUST125325,Delhi,North Indian,2,0,2,,,,
CUST053408,Bengaluru,Healthy,2,0,2,4.000000,,,
CUST039760,Mumbai,Desserts,2,0,2,5.000000,,,
CUST143306,Hyderabad,Healthy,2,0,2,5.000000,,,
CUST057781,Pune,Chinese,2,0,2,5.000000,,,
CUST053003,Kolkata,Desserts,2,0,2,5.000000,,,
CUST187626,Chennai,North Indian,3,1,2,4.000000,,,41.000000
CUST031839,Bengaluru,Healthy,3,1,2,,2.000000,,36.000000
CUST086459,Kolkata,Pizza,3,1,2,4.000000,,,47.000000
CUST135906,Mumbai,Desserts,2,0,2,,,,
CUST101982,Mumbai,Healthy,2,0,2,4.000000,,,
CUST156027,Delhi,Chinese,2,0,2,,,,
CUST153608,Bengaluru,Fast Food,2,0,2,5.000000,,,
CUST186757,Ahmedabad,North Indian,2,0,2,4.000000,,,
CUST001355,Bengaluru,Pizza,2,0,2,4.000000,,,
CUST011037,Hyderabad,Biryani,2,0,2,5.000000,,,
CUST051563,Chennai,Healthy,2,0,2,5.000000,,,
CUST005310,Bengaluru,South Indian,2,0,2,5.000000,,,
CUST099365,Hyderabad,Desserts,2,0,2,4.000000,,,
CUST029282,Kolkata,South Indian,2,0,2,4.500000,,,
CUST083280,Mumbai,North Indian,2,0,2,,,,
CUST126370,Delhi,Chinese,3,1,2,5.000000,,,3.000000
CUST090276,Kolkata,Chinese,2,0,2,5.000000,,,
CUST091832,Mumbai,Biryani,2,0,2,5.000000,,,
CUST147540,Bengaluru,South Indian,2,0,2,,,,
CUST158641,Bengaluru,Biryani,2,0,2,5.000000,,,
CUST147625,Chennai,Chinese,2,0,2,4.000000,,,
CUST091960,Delhi,Fast Food,2,0,2,5.000000,,,
CUST121802,Bengaluru,Healthy,2,0,2,5.000000,,,
CUST022225,Chennai,South Indian,2,0,2,5.000000,,,
CUST013419,Mumbai,Biryani,2,0,2,,,,
CUST038079,Pune,South Indian,2,0,2,5.000000,,,
CUST011301,Hyderabad,South Indian,2,0,2,5.000000,,,
CUST043162,Delhi,South Indian,2,0,2,5.000000,,,
CUST188806,Bengaluru,Pizza,3,1,2,4.500000,,,14.000000
CUST053217,Mumbai,South Indian,2,0,2,4.000000,,,
CUST095731,Delhi,Pizza,2,0,2,4.000000,,,
CUST161278,Bengaluru,Pizza,2,0,2,5.000000,,,
CUST186044,Chennai,North Indian,2,0,2,5.000000,,,
CUST154107,Delhi,South Indian,2,0,2,5.000000,,,
CUST170997,Ahmedabad,Desserts,2,0,2,5.000000,,,
CUST062705,Ahmedabad,North Indian,2,0,2,5.000000,,,
CUST024286,Delhi,Biryani,2,0,2,5.000000,,,
CUST013067,Bengaluru,North Indian,2,0,2,5.000000,,,
CUST109512,Hyderabad,Biryani,2,0,2,5.000000,,,
CUST176526,Bengaluru,Fast Food,2,0,2,,,,
CUST012609,Bengaluru,Biryani,2,0,2,4.000000,,,
CUST145464,Mumbai,South Indian,2,0,2,5.000000,,,
CUST183227,Bengaluru,Desserts,2,0,2,,,,
CUST095932,Delhi,Pizza,2,0,2,5.000000,,,
CUST009829,Bengaluru,Desserts,2,0,2,4.000000,,,
CUST152164,Mumbai,Biryani,3,1,2,5.000000,,,-1.000000
CUST070405,Chennai,South Indian,2,0,2,5.000000,,,
CUST162200,Hyderabad,Desserts,2,0,2,,,,
CUST051740,Bengaluru,Biryani,3,1,2,5.000000,,,30.000000
CUST000930,Bengaluru,Healthy,3,1,2,5.000000,,,46.000000
CUST162770,Delhi,Fast Food,2,0,2,5.000000,,,
CUST112090,Mumbai,Chinese,2,0,2,5.000000,,,
CUST196861,Chennai,Pizza,2,0,2,4.000000,,,
CUST099689,Delhi,Fast Food,2,0,2,,,,
CUST045934,Chennai,Biryani,2,0,2,,,,
CUST085090,Mumbai,North Indian,2,0,2,,,,
CUST134317,Delhi,South Indian,3,1,2,5.000000,,,21.000000
CUST027423,Bengaluru,Chinese,2,0,2,5.000000,,,
CUST130160,Mumbai,Fast Food,2,0,2,4.000000,,,
CUST061464,Bengaluru,Biryani,2,0,2,4.500000,,,
CUST027823,Chennai,Chinese,2,0,2,5.000000,,,
CUST112021,Bengaluru,Desserts,2,0,2,,,,
CUST066528,Delhi,Pizza,2,0,2,5.000000,,,
CUST119354,Bengaluru,North Indian,2,0,2,,,,
CUST013967,Mumbai,South Indian,3,1,2,,,,0.000000
CUST145436,Delhi,Pizza,2,0,2,5.000000,,,
CUST144961,Delhi,South Indian,2,0,2,4.000000,,,
CUST074244,Kolkata,Desserts,2,0,2,5.000000,,,
CUST165405,Mumbai,South Indian,2,0,2,4.500000,,,
CUST033101,Mumbai,Fast Food,2,0,2,4.500000,,,
CUST024380,Hyderabad,Pizza,2,0,2,4.500000,,,
CUST118886,Mumbai,South Indian,2,0,2,5.000000,,,
CUST063946,Bengaluru,North Indian,2,0,2,5.000000,,,
CUST138615,Pune,Desserts,2,0,2,5.000000,,,
CUST123543,Pune,Biryani,2,0,2,5.000000,,,
CUST040201,Delhi,North Indian,2,0,2,,,,
CUST161247,Chennai,Pizza,2,0,2,5.000000,,,
CUST063939,Delhi,Chinese,2,0,2,5.000000,,,
CUST148394,Ahmedabad,South Indian,2,0,2,4.500000,,,
CUST126248,Mumbai,Biryani,3,1,2,5.000000,,,-7.000000
CUST022902,Bengaluru,Desserts,2,0,2,,,,
CUST043522,Kolkata,South Indian,2,0,2,,,,
CUST053941,Bengaluru,South Indian,2,0,2,4.000000,,,
CUST172580,Ahmedabad,Desserts,2,0,2,5.000000,,,
CUST120159,Hyderabad,Chinese,3,1,2,,3.000000,,17.000000
CUST026133,Kolkata,North Indian,3,1,2,,,,30.000000
CUST041781,Hyderabad,Biryani,2,0,2,4.000000,,,
CUST148123,Chennai,North Indian,2,0,2,4.000000,,,
CUST046726,Bengaluru,North Indian,2,0,2,4.000000,,,
CUST057602,Bengaluru,Healthy,2,0,2,4.000000,,,
CUST138232,Hyderabad,South Indian,2,0,2,4.000000,,,
CUST136442,Delhi,North Indian,2,0,2,5.000000,,,
CUST011268,Bengaluru,Desserts,2,0,2,,,,
CUST043870,Pune,Biryani,2,0,2,,,,
CUST103779,Bengaluru,South Indian,3,1,2,,3.000000,,27.000000
CUST046214,Bengaluru,Chinese,2,0,2,,,,
CUST053527,Bengaluru,Biryani,2,0,2,5.000000,,,
CUST195352,Delhi,North Indian,2,0,2,,,,
CUST172160,Mumbai,Desserts,2,0,2,4.000000,,,
CUST072476,Bengaluru,North Indian,2,0,2,4.500000,,,
CUST015804,Chennai,South Indian,2,0,2,5.000000,,,
CUST003441,Mumbai,Biryani,2,0,2,4.000000,,,
CUST101838,Ahmedabad,South Indian,3,1,2,4.500000,,,-5.000000
CUST159962,Mumbai,Pizza,2,0,2,4.000000,,,
CUST101609,Kolkata,Chinese,2,0,2,4.500000,,,
CUST055368,Bengaluru,North Indian,2,0,2,5.000000,,,
CUST162845,Bengaluru,Chinese,2,0,2,,,,
CUST163825,Bengaluru,Chinese,2,0,2,4.000000,,,
CUST066656,Bengaluru,Pizza,2,0,2,,,,
CUST099821,Chennai,North Indian,3,1,2,,,,-1.000000
CUST032782,Bengaluru,Pizza,2,0,2,,,,
CUST144257,Mumbai,Chinese,2,0,2,4.000000,,,
CUST086994,Delhi,Pizza,2,0,2,,,,
CUST103012,Bengaluru,South Indian,2,0,2,5.000000,,,
CUST105264,Ahmedabad,Pizza,2,0,2,5.000000,,,
CUST109129,Bengaluru,Biryani,3,1,2,4.500000,,,11.000000
CUST011278,Chennai,Biryani,2,0,2,5.000000,,,
CUST054619,Bengaluru,Pizza,2,0,2,4.500000,,,
CUST190911,Mumbai,Biryani,2,0,2,4.000000,,,
CUST144061,Bengaluru,South Indian,2,0,2,4.000000,,,
CUST170277,Bengaluru,Desserts,2,0,2,4.000000,,,
CUST044817,Bengaluru,North Indian,2,0,2,,,,
CUST105238,Bengaluru,Pizza,3,1,2,,3.000000,,20.000000
CUST082725,Chennai,Chinese,2,0,2,5.000000,,,
CUST050825,Bengaluru,North Indian,2,0,2,5.000000,,,
CUST125408,Chennai,Biryani,2,0,2,4.000000,,,
CUST182019,Ahmedabad,South Indian,2,0,2,5.000000,,,
CUST007448,Chennai,Biryani,2,0,2,5.000000,,,
CUST018162,Delhi,North Indian,2,0,2,5.000000,,,
CUST044136,Chennai,Pizza,2,0,2,4.000000,,,
CUST105648,Mumbai,Healthy,3,1,2,4.000000,,,33.000000
CUST047894,Bengaluru,Desserts,2,0,2,5.000000,,,
CUST127262,Mumbai,Healthy,2,0,2,4.000000,,,
CUST107444,Delhi,Biryani,2,0,2,5.000000,,,
CUST090055,Hyderabad,Chinese,2,0,2,4.000000,,,
CUST099641,Bengaluru,North Indian,2,0,2,,,,
CUST176335,Mumbai,Fast Food,2,0,2,4.500000,,,
CUST157891,Chennai,Fast Food,2,0,2,4.000000,,,
CUST106894,Kolkata,North Indian,2,0,2,5.000000,,,
CUST098626,Bengaluru,Fast Food,2,0,2,4.000000,,,
CUST018434,Bengaluru,Desserts,2,0,2,,,,
CUST036930,Pune,Desserts,3,1,2,,,,-4.000000
CUST051816,Bengaluru,Biryani,2,0,2,4.000000,,,
CUST094925,Bengaluru,Fast Food,2,0,2,,,,
CUST040378,Bengaluru,South Indian,3,1,2,4.000000,,,2.000000
CUST013670,Bengaluru,Chinese,2,0,2,5.000000,,,
CUST076541,Kolkata,Biryani,2,0,2,,,,
CUST141115,Kolkata,Desserts,2,0,2,,,,
CUST033014,Chennai,Chinese,2,0,2,,,,
CUST017433,Bengaluru,Healthy,2,0,2,5.000000,,,
CUST186888,Bengaluru,Desserts,2,0,2,4.000000,,,
CUST046138,Delhi,Desserts,2,0,2,5.000000,,,
CUST091396,Mumbai,South Indian,2,0,2,4.000000,,,
CUST087629,Ahmedabad,Chinese,2,0,2,5.000000,,,
CUST024190,Delhi,Pizza,2,0,2,4.000000,,,
CUST070053,Bengaluru,Desserts,2,0,2,,,,
CUST087656,Ahmedabad,South Indian,3,1,2,4.500000,,,34.000000
CUST195617,Kolkata,South Indian,2,0,2,5.000000,,,
CUST134931,Chennai,North Indian,2,0,2,4.000000,,,
CUST118202,Mumbai,Desserts,2,0,2,4.000000,,,
CUST044132,Delhi,Chinese,3,1,2,4.500000,,,36.000000
CUST032012,Chennai,South Indian,2,0,2,4.000000,,,
CUST059992,Delhi,Chinese,2,0,2,4.000000,,,
CUST072414,Pune,Pizza,2,0,2,4.000000,,,
CUST095682,Hyderabad,Chinese,2,0,2,4.000000,,,
CUST175353,Bengaluru,North Indian,2,0,2,,,,
CUST060023,Pune,North Indian,2,0,2,4.000000,,,
CUST048776,Ahmedabad,Chinese,2,0,2,5.000000,,,
CUST152729,Pune,Biryani,2,0,2,5.000000,,,
CUST070188,Mumbai,North Indian,2,0,2,5.000000,,,
CUST134180,Kolkata,Healthy,3,1,2,5.000000,,,8.000000
CUST023275,Mumbai,Chinese,2,0,2,5.000000,,,
CUST182160,Hyderabad,North Indian,2,0,2,5.000000,,,
CUST092748,Chennai,Biryani,2,0,2,4.000000,,,
CUST185705,Mumbai,North Indian,2,0,2,5.000000,,,
CUST099213,Chennai,Chinese,3,1,2,,,,16.000000
CUST013189,Chennai,Biryani,2,0,2,5.000000,,,
CUST091195,Bengaluru,Desserts,2,0,2,5.000000,,,
CUST113426,Chennai,North Indian,2,0,2,5.000000,,,
CUST179715,Chennai,South Indian,2,0,2,5.000000,,,
CUST013645,Hyderabad,Biryani,2,0,2,4.500000,,,
CUST182694,Pune,Pizza,3,1,2,5.000000,,,19.000000
CUST024754,Mumbai,Pizza,2,0,2,4.000000,,,
CUST140350,Bengaluru,Fast Food,3,1,2,5.000000,,,18.000000
CUST058811,Delhi,Biryani,2,0,2,5.000000,,,
CUST059496,Mumbai,Chinese,2,0,2,5.000000,,,
CUST178636,Pune,Biryani,2,0,2,5.000000,,,
CUST007938,Chennai,South Indian,2,0,2,5.000000,,,
CUST000190,Pune,Desserts,2,0,2,5.000000,,,
CUST015417,Mumbai,South Indian,2,0,2,4.000000,,,
CUST154160,Mumbai,Chinese,3,1,2,4.000000,,,-5.000000
CUST007612,Hyderabad,Biryani,2,0,2,4.000000,,,
CUST015411,Bengaluru,North Indian,2,0,2,4.500000,,,
CUST067689,Delhi,North Indian,2,0,2,4.500000,,,
CUST091737,Bengaluru,North Indian,2,0,2,4.500000,,,
CUST062030,Hyderabad,South Indian,3,1,2,5.000000,1.000000,4.000000,25.000000
CUST058469,Hyderabad,Pizza,3,1,2,4.500000,1.000000,3.500000,7.000000
CUST096821,Bengaluru,Chinese,3,1,2,5.000000,2.000000,3.000000,3.000000
CUST134255,Chennai,Chinese,3,1,2,5.000000,2.000000,3.000000,31.000000
CUST080385,Bengaluru,Chinese,3,1,2,5.000000,2.000000,3.000000,30.000000
CUST044945,Delhi,Chinese,3,1,2,5.000000,2.000000,3.000000,39.000000
CUST074003,Pune,Chinese,3,1,2,5.000000,2.000000,3.000000,16.000000
CUST070278,Delhi,Desserts,3,1,2,5.000000,2.000000,3.000000,49.000000
CUST046096,Hyderabad,North Indian,3,1,2,5.000000,2.000000,3.000000,-5.000000
CUST188743,Mumbai,Biryani,3,1,2,5.000000,2.000000,3.000000,30.000000
CUST008118,Hyderabad,Desserts,3,1,2,5.000000,2.000000,3.000000,6.000000
CUST006192,Mumbai,North Indian,3,1,2,5.000000,2.000000,3.000000,11.000000
CUST199652,Mumbai,South Indian,3,1,2,5.000000,2.000000,3.000000,28.000000
CUST187097,Delhi,Biryani,3,1,2,5.000000,2.000000,3.000000,42.000000
CUST066744,Mumbai,Pizza,3,1,2,5.000000,2.000000,3.000000,33.000000
CUST001662,Kolkata,Desserts,3,1,2,5.000000,2.000000,3.000000,21.000000
CUST151146,Bengaluru,Pizza,4,2,2,5.000000,2.000000,3.000000,14.500000
CUST108711,Delhi,Chinese,3,1,2,5.000000,2.000000,3.000000,15.000000
CUST095783,Mumbai,Pizza,3,1,2,5.000000,2.000000,3.000000,29.000000
CUST058544,Bengaluru,North Indian,3,1,2,5.000000,2.000000,3.000000,22.000000
CUST030546,Hyderabad,Pizza,3,1,2,5.000000,2.000000,3.000000,22.000000
CUST074053,Hyderabad,North Indian,3,1,2,5.000000,2.000000,3.000000,44.000000
CUST103702,Kolkata,Pizza,3,1,2,5.000000,2.000000,3.000000,-4.000000
CUST139713,Ahmedabad,North Indian,3,1,2,5.000000,2.000000,3.000000,12.000000
CUST077281,Delhi,South Indian,3,1,2,4.000000,1.000000,3.000000,-5.000000
CUST191160,Delhi,Pizza,3,1,2,5.000000,2.000000,3.000000,17.000000
CUST047758,Mumbai,North Indian,3,1,2,5.000000,2.000000,3.000000,16.000000
CUST177100,Ahmedabad,Chinese,3,1,2,4.666667,2.000000,2.666667,34.000000
CUST110149,Delhi,South Indian,3,1,2,4.666667,2.000000,2.666667,12.000000
CUST059389,Chennai,South Indian,3,1,2,4.666667,2.000000,2.666667,35.000000
CUST182781,Bengaluru,North Indian,3,1,2,4.666667,2.000000,2.666667,45.000000
CUST084388,Kolkata,North Indian,3,1,2,4.500000,2.000000,2.500000,17.000000
CUST123930,Bengaluru,Fast Food,3,1,2,4.500000,2.000000,2.500000,4.000000
CUST089541,Chennai,Biryani,3,1,2,4.500000,2.000000,2.500000,19.000000
CUST176819,Bengaluru,North Indian,3,1,2,4.500000,2.000000,2.500000,20.000000
CUST026189,Delhi,North Indian,3,1,2,4.500000,2.000000,2.500000,31.000000
CUST075866,Delhi,North Indian,3,1,2,4.500000,2.000000,2.500000,15.000000
CUST126773,Delhi,Biryani,3,1,2,4.500000,2.000000,2.500000,31.000000
CUST093176,Chennai,Fast Food,3,1,2,4.500000,2.000000,2.500000,21.000000
CUST100901,Mumbai,Chinese,3,1,2,4.500000,2.000000,2.500000,9.000000
CUST161984,Hyderabad,Chinese,3,1,2,4.500000,2.000000,2.500000,6.000000
CUST124149,Chennai,Chinese,3,1,2,4.500000,2.000000,2.500000,1.000000
CUST193489,Pune,South Indian,3,1,2,4.500000,2.000000,2.500000,12.000000
CUST196884,Delhi,Biryani,3,1,2,4.500000,2.000000,2.500000,10.000000
CUST099873,Bengaluru,Biryani,3,1,2,4.500000,2.000000,2.500000,6.000000
CUST175342,Pune,South Indian,3,1,2,4.500000,2.000000,2.500000,31.000000
CUST119464,Ahmedabad,Pizza,3,1,2,4.500000,2.000000,2.500000,32.000000
CUST060917,Bengaluru,North Indian,3,1,2,5.000000,3.000000,2.000000,40.000000
CUST056171,Delhi,Biryani,3,1,2,5.000000,3.000000,2.000000,32.000000
CUST082995,Mumbai,Desserts,4,2,2,4.000000,2.000000,2.000000,24.000000
CUST159188,Hyderabad,North Indian,3,1,2,4.000000,2.000000,2.000000,27.000000
CUST160990,Delhi,Fast Food,3,1,2,4.000000,2.000000,2.000000,34.000000
CUST039824,Chennai,Biryani,3,1,2,4.000000,2.000000,2.000000,33.000000
CUST099404,Delhi,Biryani,3,1,2,4.000000,2.000000,2.000000,28.000000
CUST050349,Bengaluru,Pizza,3,1,2,5.000000,3.000000,2.000000,38.000000
CUST117193,Mumbai,South Indian,3,1,2,5.000000,3.000000,2.000000,21.000000
CUST044071,Mumbai,Fast Food,3,1,2,4.000000,2.000000,2.000000,-3.000000
CUST108155,Hyderabad,South Indian,3,1,2,5.000000,3.000000,2.000000,40.000000
CUST046667,Chennai,Chinese,3,1,2,5.000000,3.000000,2.000000,34.000000
CUST191724,Chennai,Biryani,3,1,2,5.000000,3.000000,2.000000,-8.000000
CUST057698,Bengaluru,Healthy,3,1,2,5.000000,3.000000,2.000000,27.000000
CUST093068,Delhi,South Indian,3,1,2,5.000000,3.000000,2.000000,19.000000
CUST135227,Bengaluru,Desserts,3,1,2,5.000000,3.000000,2.000000,9.000000
CUST175346,Bengaluru,Healthy,3,1,2,4.000000,2.000000,2.000000,14.000000
CUST024631,Chennai,Biryani,3,1,2,4.000000,2.000000,2.000000,26.000000
CUST182645,Kolkata,Pizza,3,1,2,4.000000,2.000000,2.000000,-2.000000
CUST185649,Bengaluru,Desserts,3,1,2,5.000000,3.000000,2.000000,36.000000
CUST052273,Hyderabad,North Indian,3,1,2,5.000000,3.000000,2.000000,25.000000
CUST073377,Ahmedabad,Pizza,4,2,2,4.333333,2.500000,1.833333,9.500000
CUST161650,Bengaluru,Fast Food,3,1,2,4.666667,3.000000,1.666667,-7.000000
CUST167337,Delhi,Pizza,3,1,2,4.500000,3.000000,1.500000,-1.000000
CUST186121,Hyderabad,Desserts,3,1,2,4.500000,3.000000,1.500000,35.000000
CUST180579,Pune,Biryani,3,1,2,4.500000,3.000000,1.500000,24.000000
CUST171113,Bengaluru,Biryani,3,1,2,4.500000,3.000000,1.500000,34.000000
CUST043198,Mumbai,North Indian,3,1,2,4.500000,3.000000,1.500000,2.000000
CUST173495,Pune,Chinese,3,1,2,4.500000,3.000000,1.500000,15.000000
CUST008453,Bengaluru,South Indian,3,1,2,4.500000,3.000000,1.500000,10.000000
CUST103046,Mumbai,Biryani,3,1,2,4.500000,3.000000,1.500000,18.000000
CUST087845,Bengaluru,Biryani,3,1,2,4.500000,3.000000,1.500000,36.000000
CUST138088,Mumbai,Pizza,3,1,2,4.500000,3.000000,1.500000,7.000000
CUST158764,Bengaluru,South Indian,3,1,2,4.500000,3.000000,1.500000,18.000000
CUST077309,Bengaluru,North Indian,3,1,2,4.500000,3.000000,1.500000,-4.000000
CUST072366,Bengaluru,Fast Food,3,1,2,4.500000,3.000000,1.500000,49.000000
CUST094401,Delhi,North Indian,3,1,2,4.500000,3.000000,1.500000,11.000000
CUST081584,Mumbai,Healthy,3,1,2,4.500000,3.000000,1.500000,32.000000
CUST158992,Mumbai,Chinese,3,1,2,4.500000,3.000000,1.500000,30.000000
CUST008043,Pune,Fast Food,3,1,2,4.500000,3.000000,1.500000,19.000000
CUST087660,Kolkata,North Indian,3,1,2,4.500000,3.000000,1.500000,8.000000
CUST068487,Bengaluru,Chinese,3,1,2,4.000000,3.000000,1.000000,12.000000
CUST027589,Bengaluru,South Indian,3,1,2,4.000000,3.000000,1.000000,5.000000
CUST074036,Ahmedabad,North Indian,3,1,2,4.000000,3.000000,1.000000,-8.000000
CUST192385,Bengaluru,Fast Food,3,1,2,4.000000,3.000000,1.000000,-7.000000
CUST163999,Bengaluru,Chinese,3,1,2,5.000000,4.000000,1.000000,21.000000
CUST124366,Bengaluru,Pizza,3,1,2,4.000000,3.000000,1.000000,0.000000
CUST179983,Chennai,Fast Food,3,1,2,4.000000,3.000000,1.000000,13.000000
CUST109850,Mumbai,North Indian,3,1,2,4.000000,3.000000,1.000000,12.000000
CUST151665,Chennai,Healthy,3,1,2,5.000000,4.000000,1.000000,20.000000
CUST134572,Ahmedabad,Desserts,3,1,2,4.000000,3.000000,1.000000,9.000000
CUST029602,Mumbai,North Indian,3,1,2,4.000000,3.000000,1.000000,22.000000
CUST045758,Chennai,South Indian,3,1,2,5.000000,4.000000,1.000000,8.000000
CUST054735,Chennai,Pizza,3,1,2,5.000000,4.000000,1.000000,1.000000
CUST071458,Delhi,South Indian,3,1,2,4.000000,3.000000,1.000000,21.000000
CUST021649,Hyderabad,Chinese,3,1,2,4.000000,3.000000,1.000000,11.000000
CUST191166,Ahmedabad,Biryani,3,1,2,4.000000,3.000000,1.000000,38.000000
CUST125559,Hyderabad,Fast Food,3,1,2,4.000000,3.000000,1.000000,38.000000
CUST087471,Ahmedabad,South Indian,3,1,2,4.000000,3.000000,1.000000,1.000000
CUST139216,Mumbai,South Indian,3,1,2,4.000000,3.000000,1.000000,29.000000
CUST143231,Chennai,North Indian,3,1,2,5.000000,4.000000,1.000000,23.000000
CUST066488,Chennai,North Indian,3,1,2,4.666667,4.000000,0.666667,9.000000
CUST004340,Mumbai,North Indian,3,1,2,4.500000,4.000000,0.500000,16.000000
CUST078522,Bengaluru,Biryani,3,1,2,3.500000,3.000000,0.500000,24.000000
CUST151306,Mumbai,Biryani,3,1,2,4.500000,4.000000,0.500000,30.000000
CUST153725,Delhi,North Indian,3,1,2,4.000000,4.000000,0.000000,22.000000
CUST055227,Hyderabad,Biryani,3,1,2,4.000000,4.000000,0.000000,16.000000
CUST042121,Delhi,Chinese,2,0,2,5.000000,5.000000,0.000000,
CUST000269,Delhi,Pizza,3,1,2,4.000000,4.000000,0.000000,0.000000
CUST158431,Mumbai,South Indian,3,1,2,4.000000,4.000000,0.000000,0.000000
CUST058818,Delhi,Desserts,3,1,2,4.000000,4.000000,0.000000,43.000000
CUST057885,Delhi,South Indian,1,0,1,5.000000,,,
CUST093358,Chennai,South Indian,2,1,1,,,,32.000000
CUST002235,Kolkata,Healthy,3,2,1,4.500000,,,17.500000
CUST007762,Kolkata,North Indian,2,1,1,4.000000,,,7.000000
CUST023061,Chennai,South Indian,2,1,1,,3.000000,,9.000000
CUST176347,Kolkata,Biryani,2,1,1,5.000000,,,3.000000
CUST121860,Bengaluru,North Indian,2,1,1,5.000000,,,6.000000
CUST024468,Delhi,Pizza,1,0,1,5.000000,,,
CUST158388,Mumbai,North Indian,2,1,1,4.000000,,,22.000000
CUST078960,Hyderabad,Healthy,2,1,1,5.000000,,,14.000000
CUST058195,Delhi,North Indian,2,1,1,5.000000,,,14.000000
CUST005040,Chennai,Chinese,2,1,1,,3.000000,,32.000000
CUST027588,Mumbai,Pizza,2,1,1,4.500000,,,0.000000
CUST076392,Chennai,North Indian,2,1,1,,3.000000,,3.000000
CUST064945,Chennai,Chinese,2,1,1,4.000000,,,38.000000
CUST141264,Bengaluru,North Indian,3,2,1,,3.500000,,32.000000
CUST127242,Bengaluru,Chinese,3,2,1,4.000000,,,14.500000
CUST126627,Mumbai,Desserts,2,1,1,4.000000,,,23.000000
CUST141831,Kolkata,North Indian,2,1,1,,,,-7.000000
CUST108731,Delhi,Chinese,2,1,1,5.000000,,,14.000000
CUST107379,Bengaluru,South Indian,1,0,1,,,,
CUST096818,Bengaluru,North Indian,2,1,1,,,,4.000000
CUST043065,Hyderabad,Desserts,2,1,1,,,,33.000000
CUST085115,Bengaluru,Fast Food,2,1,1,4.500000,,,3.000000
CUST199272,Chennai,Fast Food,2,1,1,,,,30.000000
CUST029013,Ahmedabad,South Indian,2,1,1,5.000000,,,-1.000000
CUST163469,Bengaluru,Biryani,2,1,1,5.000000,,,36.000000
CUST055516,Kolkata,Biryani,1,0,1,4.000000,,,
CUST044474,Chennai,Biryani,2,1,1,,,,10.000000
CUST134561,Hyderabad,North Indian,2,1,1,4.000000,,,18.000000
CUST027438,Kolkata,Biryani,2,1,1,5.000000,,,-9.000000
CUST082450,Pune,Healthy,2,1,1,,,,52.000000
CUST117162,Hyderabad,South Indian,2,1,1,,,,2.000000
CUST087977,Bengaluru,Chinese,2,1,1,,,,21.000000
CUST076149,Bengaluru,Healthy,3,2,1,5.000000,,,20.500000
CUST140811,Bengaluru,North Indian,2,1,1,,,,4.000000
CUST087174,Bengaluru,Pizza,2,1,1,5.000000,,,19.000000
CUST065814,Bengaluru,Biryani,2,1,1,4.000000,,,6.000000
CUST177663,Ahmedabad,North Indian,2,1,1,5.000000,,,1.000000
CUST069603,Pune,Desserts,2,1,1,5.000000,,,-1.000000
CUST176995,Hyderabad,Desserts,2,1,1,4.500000,,,24.000000
CUST100126,Pune,Fast Food,2,1,1,,,,15.000000
CUST111070,Pune,Biryani,1,0,1,,,,
CUST110438,Hyderabad,Fast Food,2,1,1,4.500000,,,11.000000
CUST105400,Delhi,Chinese,2,1,1,,,,41.000000
CUST006620,Bengaluru,Biryani,2,1,1,4.000000,,,17.000000
CUST108664,Mumbai,North Indian,2,1,1,4.000000,,,28.000000
CUST033308,Mumbai,North Indian,2,1,1,5.000000,,,6.000000
CUST194001,Pune,Chinese,2,1,1,4.000000,,,19.000000
CUST049168,Bengaluru,Fast Food,2,1,1,4.000000,,,26.000000
CUST041161,Hyderabad,Chinese,1,0,1,5.000000,,,
CUST097818,Bengaluru,Biryani,2,1,1,4.500000,,,1.000000
CUST180129,Kolkata,North Indian,2,1,1,,,,26.000000
CUST168049,Pune,North Indian,2,1,1,4.500000,,,12.000000
CUST178091,Delhi,Pizza,2,1,1,5.000000,,,9.000000
CUST094789,Mumbai,North Indian,1,0,1,4.000000,,,
CUST097958,Kolkata,Pizza,2,1,1,,,,9.000000
CUST025963,Hyderabad,Pizza,2,1,1,4.000000,,,-8.000000
CUST168198,Bengaluru,Biryani,2,1,1,5.000000,,,20.000000
CUST189695,Mumbai,North Indian,2,1,1,4.500000,,,-9.000000
CUST149871,Mumbai,Pizza,2,1,1,,,,10.000000
CUST056275,Pune,North Indian,2,1,1,,2.000000,,24.000000
CUST069699,Bengaluru,Chinese,1,0,1,5.000000,,,
CUST174505,Pune,Fast Food,2,1,1,5.000000,,,21.000000
CUST117400,Bengaluru,North Indian,1,0,1,,,,
CUST124505,Bengaluru,Chinese,2,1,1,5.000000,,,18.000000
CUST024687,Pune,Chinese,2,1,1,,3.000000,,2.000000
CUST011444,Delhi,Biryani,1,0,1,4.000000,,,
CUST022723,Bengaluru,Chinese,2,1,1,,,,12.000000
CUST005858,Bengaluru,Pizza,2,1,1,4.000000,,,23.000000
CUST162023,Ahmedabad,North Indian,1,0,1,4.000000,,,
CUST198783,Mumbai,Biryani,2,1,1,5.000000,,,4.000000
CUST019691,Pune,Biryani,2,1,1,,3.000000,,-3.000000
CUST046931,Delhi,North Indian,2,1,1,4.000000,,,22.000000
CUST021346,Pune,Desserts,2,1,1,4.000000,,,30.000000
CUST176657,Ahmedabad,Pizza,2,1,1,,,,17.000000
CUST136549,Ahmedabad,North Indian,2,1,1,5.000000,,,9.000000
CUST154028,Delhi,Pizza,2,1,1,,4.000000,,-4.000000
CUST129289,Mumbai,Chinese,1,0,1,5.000000,,,
CUST124517,Bengaluru,Biryani,2,1,1,5.000000,,,32.000000
CUST187234,Hyderabad,North Indian,2,1,1,,3.000000,,20.000000
CUST056284,Bengaluru,Desserts,2,1,1,4.000000,,,-6.000000
CUST041281,Chennai,Biryani,2,1,1,5.000000,,,26.000000
CUST183052,Delhi,North Indian,2,1,1,4.000000,,,35.000000
CUST199215,Chennai,Biryani,1,0,1,5.000000,,,
CUST098465,Kolkata,Pizza,2,1,1,,,,18.000000
CUST123209,Bengaluru,North Indian,2,1,1,4.000000,,,21.000000
CUST122024,Chennai,Chinese,2,1,1,5.000000,,,-1.000000
CUST119379,Mumbai,Healthy,2,1,1,5.000000,,,2.000000
CUST195885,Chennai,South Indian,2,1,1,,,,18.000000
CUST089137,Bengaluru,North Indian,2,1,1,4.500000,,,0.000000
CUST002933,Delhi,South Indian,2,1,1,,4.000000,,40.000000
CUST123436,Mumbai,Biryani,2,1,1,5.000000,,,53.000000
CUST053446,Delhi,North Indian,2,1,1,4.500000,,,3.000000
CUST116267,Hyderabad,Chinese,2,1,1,,4.000000,,24.000000
CUST195029,Ahmedabad,South Indian,2,1,1,,,,-8.000000
CUST156192,Delhi,North Indian,3,2,1,4.666667,,,15.000000
CUST019189,Chennai,North Indian,2,1,1,4.500000,,,9.000000
CUST116317,Bengaluru,South Indian,2,1,1,,,,-5.000000
CUST169203,Mumbai,Desserts,2,1,1,4.000000,,,39.000000
CUST128456,Bengaluru,Chinese,3,2,1,5.000000,,,17.500000
CUST086000,Bengaluru,Desserts,2,1,1,,3.000000,,-4.000000
CUST118579,Ahmedabad,Chinese,2,1,1,4.000000,,,16.000000
CUST104937,Hyderabad,Fast Food,1,0,1,5.000000,,,
CUST080585,Bengaluru,North Indian,1,0,1,5.000000,,,
CUST035344,Mumbai,Fast Food,3,2,1,,2.000000,,23.000000
CUST144802,Bengaluru,South Indian,2,1,1,,,,7.000000
CUST069002,Bengaluru,Pizza,2,1,1,5.000000,,,28.000000
CUST031434,Bengaluru,Desserts,2,1,1,,,,6.000000
CUST142974,Pune,Desserts,2,1,1,5.000000,,,26.000000
CUST024422,Hyderabad,Biryani,1,0,1,5.000000,,,
CUST093299,Bengaluru,Biryani,2,1,1,,3.000000,,5.000000
CUST055623,Hyderabad,Fast Food,2,1,1,4.500000,,,0.000000
CUST032138,Delhi,North Indian,2,1,1,5.000000,,,13.000000
CUST059199,Bengaluru,Healthy,2,1,1,,,,15.000000
CUST063490,Mumbai,North Indian,2,1,1,4.000000,,,14.000000
CUST151964,Mumbai,North Indian,2,1,1,,2.000000,,14.000000
CUST139255,Bengaluru,Desserts,2,1,1,5.000000,,,20.000000
CUST155982,Delhi,Healthy,2,1,1,4.000000,,,27.000000
CUST097908,Delhi,Biryani,2,1,1,,,,32.000000
CUST068598,Bengaluru,Desserts,2,1,1,4.000000,,,-9.000000
CUST021236,Delhi,Biryani,2,1,1,4.500000,,,-3.000000
CUST110496,Bengaluru,North Indian,2,1,1,5.000000,,,3.000000
CUST137385,Hyderabad,North Indian,2,1,1,5.000000,,,12.000000
CUST121287,Delhi,North Indian,1,0,1,4.000000,,,
CUST004275,Mumbai,North Indian,2,1,1,5.000000,,,22.000000
CUST142798,Chennai,Chinese,2,1,1,5.000000,,,23.000000
CUST135865,Chennai,North Indian,2,1,1,4.000000,,,33.000000
CUST124797,Bengaluru,Desserts,2,1,1,4.500000,,,34.000000
CUST009429,Bengaluru,South Indian,2,1,1,,,,24.000000
CUST007919,Ahmedabad,Fast Food,2,1,1,5.000000,,,24.000000
CUST078269,Mumbai,North Indian,2,1,1,,4.000000,,41.000000
CUST070816,Bengaluru,North Indian,2,1,1,,2.000000,,19.000000
CUST195281,Pune,Desserts,2,1,1,4.500000,,,15.000000
CUST133241,Hyderabad,Desserts,2,1,1,5.000000,,,10.000000
CUST038194,Delhi,Chinese,2,1,1,5.000000,,,30.000000
CUST025663,Ahmedabad,Chinese,2,1,1,5.000000,,,-5.000000
CUST167609,Hyderabad,Pizza,1,0,1,,,,
CUST093253,Pune,Desserts,2,1,1,5.000000,,,34.000000
CUST105378,Bengaluru,Fast Food,2,1,1,5.000000,,,-3.000000
CUST072890,Bengaluru,Biryani,2,1,1,4.000000,,,33.000000
CUST067655,Delhi,Biryani,2,1,1,,2.000000,,7.000000
CUST087364,Bengaluru,Pizza,3,2,1,5.000000,,,12.000000
CUST132550,Bengaluru,North Indian,2,1,1,4.000000,,,13.000000
CUST087893,Kolkata,North Indian,2,1,1,,,,24.000000
CUST078343,Kolkata,Chinese,2,1,1,5.000000,,,1.000000
CUST051019,Bengaluru,Chinese,2,1,1,5.000000,,,13.000000
CUST082980,Bengaluru,Pizza,1,0,1,,,,
CUST033113,Hyderabad,Fast Food,2,1,1,,2.000000,,16.000000
CUST099305,Kolkata,South Indian,1,0,1,4.000000,,,
CUST123855,Delhi,Biryani,2,1,1,5.000000,,,15.000000
CUST042770,Delhi,Chinese,1,0,1,,,,
CUST038067,Bengaluru,North Indian,2,1,1,4.000000,,,6.000000
CUST078005,Mumbai,Chinese,2,1,1,5.000000,,,23.000000
CUST008418,Mumbai,Desserts,2,1,1,4.500000,,,15.000000
CUST022889,Delhi,Pizza,3,2,1,5.000000,,,35.000000
CUST056289,Mumbai,South Indian,2,1,1,4.500000,,,21.000000
CUST155418,Ahmedabad,Desserts,2,1,1,5.000000,1.000000,4.000000,25.000000
CUST013566,Delhi,North Indian,2,1,1,5.000000,1.000000,4.000000,-3.000000
CUST198616,Ahmedabad,Healthy,2,1,1,5.000000,1.000000,4.000000,15.000000
CUST093718,Chennai,South Indian,2,1,1,4.500000,1.000000,3.500000,2.000000
CUST105953,Hyderabad,Biryani,2,1,1,5.000000,2.000000,3.000000,37.000000
CUST032990,Bengaluru,Desserts,2,1,1,5.000000,2.000000,3.000000,17.000000
CUST090369,Mumbai,Biryani,2,1,1,5.000000,2.000000,3.000000,38.000000
CUST096126,Mumbai,Chinese,2,1,1,5.000000,2.000000,3.000000,22.000000
CUST157879,Bengaluru,Chinese,2,1,1,5.000000,2.000000,3.000000,-3.000000
CUST119374,Delhi,Pizza,2,1,1,5.000000,2.000000,3.000000,5.000000
CUST121638,Chennai,Chinese,2,1,1,5.000000,2.000000,3.000000,24.000000
CUST003179,Chennai,Chinese,2,1,1,5.000000,2.000000,3.000000,38.000000
CUST076678,Hyderabad,Fast Food,2,1,1,5.000000,2.000000,3.000000,24.000000
CUST071159,Ahmedabad,Biryani,2,1,1,5.000000,2.000000,3.000000,51.000000
CUST175839,Mumbai,Chinese,2,1,1,5.000000,2.000000,3.000000,36.000000
CUST061372,Mumbai,South Indian,2,1,1,5.000000,2.000000,3.000000,39.000000
CUST161370,Kolkata,Fast Food,2,1,1,5.000000,2.000000,3.000000,21.000000
CUST115371,Delhi,Chinese,3,2,1,5.000000,2.000000,3.000000,18.000000
CUST007261,Bengaluru,Biryani,2,1,1,5.000000,2.000000,3.000000,26.000000
CUST069892,Chennai,Fast Food,2,1,1,5.000000,2.000000,3.000000,14.000000
CUST110448,Mumbai,Biryani,2,1,1,5.000000,2.000000,3.000000,-5.000000
CUST147866,Mumbai,Biryani,2,1,1,5.000000,2.000000,3.000000,22.000000
CUST041205,Ahmedabad,Biryani,2,1,1,5.000000,2.000000,3.000000,11.000000
CUST096870,Hyderabad,North Indian,3,2,1,4.666667,2.000000,2.666667,8.000000
CUST074493,Kolkata,Biryani,3,2,1,4.666667,2.000000,2.666667,26.000000
CUST149040,Bengaluru,Pizza,3,2,1,5.000000,2.500000,2.500000,25.000000
CUST102948,Bengaluru,South Indian,3,2,1,5.000000,2.500000,2.500000,16.500000
CUST075718,Bengaluru,Desserts,2,1,1,4.500000,2.000000,2.500000,7.000000
CUST045259,Bengaluru,Pizza,2,1,1,4.500000,2.000000,2.500000,20.000000
CUST053374,Chennai,Chinese,2,1,1,4.500000,2.000000,2.500000,15.000000
CUST147335,Chennai,North Indian,2,1,1,4.500000,2.000000,2.500000,32.000000
CUST013920,Hyderabad,Chinese,2,1,1,4.500000,2.000000,2.500000,45.000000
CUST049653,Bengaluru,South Indian,2,1,1,4.500000,2.000000,2.500000,5.000000
CUST030465,Ahmedabad,Pizza,2,1,1,4.500000,2.000000,2.500000,22.000000
CUST018469,Bengaluru,North Indian,2,1,1,4.500000,2.000000,2.500000,42.000000
CUST075351,Chennai,Chinese,2,1,1,5.000000,3.000000,2.000000,10.000000
CUST023302,Pune,Pizza,2,1,1,4.000000,2.000000,2.000000,5.000000
CUST012806,Mumbai,Chinese,2,1,1,4.000000,2.000000,2.000000,38.000000
CUST185640,Mumbai,South Indian,2,1,1,5.000000,3.000000,2.000000,23.000000
CUST074335,Pune,South Indian,2,1,1,5.000000,3.000000,2.000000,0.000000
CUST045803,Kolkata,North Indian,2,1,1,5.000000,3.000000,2.000000,34.000000
CUST180505,Chennai,South Indian,2,1,1,4.000000,2.000000,2.000000,9.000000
CUST161601,Mumbai,Chinese,3,2,1,5.000000,3.000000,2.000000,25.000000
CUST025829,Bengaluru,South Indian,2,1,1,4.000000,2.000000,2.000000,2.000000
CUST164223,Chennai,Biryani,2,1,1,4.000000,2.000000,2.000000,24.000000
CUST012422,Bengaluru,Biryani,2,1,1,4.000000,2.000000,2.000000,17.000000
CUST067125,Ahmedabad,Desserts,2,1,1,5.000000,3.000000,2.000000,31.000000
CUST020700,Bengaluru,Pizza,2,1,1,5.000000,3.000000,2.000000,28.000000
CUST148686,Bengaluru,South Indian,3,2,1,5.000000,3.000000,2.000000,38.500000
CUST182370,Chennai,Chinese,3,2,1,5.000000,3.000000,2.000000,26.000000
CUST109224,Delhi,Biryani,2,1,1,4.000000,2.000000,2.000000,2.000000
CUST112995,Mumbai,North Indian,2,1,1,5.000000,3.000000,2.000000,14.000000
CUST070824,Bengaluru,Biryani,2,1,1,5.000000,3.000000,2.000000,7.000000
CUST065354,Chennai,South Indian,2,1,1,5.000000,3.000000,2.000000,-3.000000
CUST149410,Ahmedabad,Pizza,2,1,1,4.000000,2.000000,2.000000,16.000000
CUST194481,Hyderabad,Chinese,2,1,1,4.000000,2.000000,2.000000,12.000000
CUST131251,Hyderabad,North Indian,2,1,1,4.000000,2.000000,2.000000,8.000000
CUST065204,Bengaluru,Desserts,3,2,1,5.000000,3.000000,2.000000,22.000000
CUST048515,Bengaluru,North Indian,2,1,1,5.000000,3.000000,2.000000,7.000000
CUST006059,Kolkata,South Indian,2,1,1,4.000000,2.000000,2.000000,9.000000
CUST163156,Bengaluru,Biryani,2,1,1,5.000000,3.000000,2.000000,18.000000
CUST147368,Bengaluru,North Indian,2,1,1,5.000000,3.000000,2.000000,-4.000000
CUST153181,Hyderabad,South Indian,2,1,1,5.000000,3.000000,2.000000,-4.000000
CUST193028,Pune,Biryani,3,2,1,4.000000,2.000000,2.000000,25.500000
CUST047748,Bengaluru,North Indian,2,1,1,5.000000,3.000000,2.000000,26.000000
CUST010821,Hyderabad,South Indian,2,1,1,5.000000,3.000000,2.000000,28.000000
CUST097036,Mumbai,North Indian,2,1,1,5.000000,3.000000,2.000000,10.000000
CUST102788,Bengaluru,Fast Food,2,1,1,4.000000,2.000000,2.000000,7.000000
CUST027167,Bengaluru,North Indian,2,1,1,5.000000,3.000000,2.000000,2.000000
CUST169644,Mumbai,Chinese,2,1,1,4.000000,2.000000,2.000000,9.000000
CUST106097,Bengaluru,South Indian,3,2,1,4.500000,3.000000,1.500000,13.500000
CUST027999,Delhi,Biryani,3,2,1,4.500000,3.000000,1.500000,27.500000
CUST042344,Hyderabad,Healthy,3,2,1,5.000000,3.500000,1.500000,24.500000
CUST177348,Delhi,Pizza,2,1,1,4.500000,3.000000,1.500000,17.000000
CUST120615,Bengaluru,South Indian,2,1,1,4.500000,3.000000,1.500000,13.000000
CUST081643,Hyderabad,Pizza,2,1,1,4.500000,3.000000,1.500000,24.000000
CUST054861,Kolkata,Fast Food,2,1,1,4.500000,3.000000,1.500000,17.000000
CUST160650,Mumbai,South Indian,3,2,1,4.333333,3.000000,1.333333,19.500000
CUST020753,Hyderabad,Biryani,2,1,1,4.000000,3.000000,1.000000,17.000000
CUST079759,Mumbai,North Indian,2,1,1,4.000000,3.000000,1.000000,1.000000
CUST050883,Bengaluru,Desserts,2,1,1,4.000000,3.000000,1.000000,19.000000
CUST039069,Mumbai,Biryani,2,1,1,4.000000,3.000000,1.000000,20.000000
CUST148696,Bengaluru,Pizza,2,1,1,4.000000,3.000000,1.000000,5.000000
CUST177644,Bengaluru,North Indian,2,1,1,4.000000,3.000000,1.000000,19.000000
CUST156318,Ahmedabad,Chinese,2,1,1,4.000000,3.000000,1.000000,42.000000
CUST011051,Mumbai,North Indian,3,2,1,4.000000,3.000000,1.000000,14.000000
CUST030795,Bengaluru,Chinese,2,1,1,4.000000,3.000000,1.000000,-1.000000
CUST136158,Delhi,North Indian,2,1,1,4.000000,3.000000,1.000000,28.000000
CUST101229,Bengaluru,Biryani,2,2,0,,,,13.000000
CUST047737,Bengaluru,South Indian,1,1,0,,3.000000,,34.000000
CUST148884,Ahmedabad,Pizza,2,2,0,4.000000,,,9.000000
CUST025958,Bengaluru,Biryani,1,1,0,,,,2.000000
CUST064475,Hyderabad,Pizza,1,1,0,,,,39.000000
CUST157134,Chennai,Healthy,2,2,0,4.000000,1.000000,3.000000,-2.000000
CUST136026,Mumbai,Fast Food,2,2,0,5.000000,2.000000,3.000000,18.500000
CUST117257,Chennai,Chinese,2,2,0,5.000000,2.000000,3.000000,20.500000
CUST142134,Kolkata,Fast Food,2,2,0,5.000000,2.500000,2.500000,7.500000
CUST159977,Bengaluru,Fast Food,2,2,0,4.500000,2.000000,2.500000,42.000000
CUST060446,Mumbai,Desserts,2,2,0,5.000000,2.500000,2.500000,20.500000
CUST035029,Ahmedabad,Biryani,2,2,0,5.000000,2.500000,2.500000,-4.000000
CUST161667,Bengaluru,Pizza,2,2,0,4.000000,2.000000,2.000000,11.000000
CUST035822,Delhi,Desserts,2,2,0,4.000000,2.000000,2.000000,11.000000
CUST027584,Mumbai,North Indian,2,2,0,5.000000,3.000000,2.000000,16.000000
CUST149935,Delhi,South Indian,2,2,0,4.000000,2.000000,2.000000,18.500000
CUST018924,Pune,South Indian,2,2,0,5.000000,3.000000,2.000000,27.000000
CUST181926,Kolkata,Desserts,2,2,0,4.000000,2.000000,2.000000,21.500000
CUST021364,Hyderabad,Chinese,2,2,0,4.500000,2.500000,2.000000,15.500000
CUST117250,Mumbai,Chinese,2,2,0,5.000000,3.000000,2.000000,11.500000
CUST100032,Chennai,Biryani,2,2,0,5.000000,3.000000,2.000000,16.000000
CUST110411,Kolkata,Chinese,2,2,0,4.500000,3.000000,1.500000,22.000000
CUST093191,Kolkata,North Indian,2,2,0,4.000000,3.000000,1.000000,23.000000
CUST171239,Chennai,Desserts,1,1,0,4.000000,3.000000,1.000000,18.000000
CUST064145,Pune,Biryani,2,3,-1,5.000000,,,17.666667
CUST164004,Bengaluru,Biryani,1,2,-1,4.000000,1.000000,3.000000,38.000000
