delivery_partner_id,partner_name,vehicle_type,employment_type,avg_rating,is_active
DP09615,Neha E,Scooter,Full-time,3.77,Y
DP02021,Neha V,Bike,Full-time,3.9,Y
DP05541,Vikas S,Cycle,Part-time,3.33,Y
DP13859,Amit B,Cycle,Part-time,4.07,N
DP08091,Arjun R,Car,Full-time,4.63,Y
DP14063,Divya M,Scooter,Full-time,3.84,Y
DP07728,Ravi O,Scooter,Full-time,4.63,Y
DP01276,Suresh O,Bike,Contract,4.34,Y
DP03078,Deepak E,Bike,Full-time,4.83,Y
DP08227,Sneha W,Scooter,Part-time,4.33,N
DP11625,Meena N,Cycle,Full-time,3.59,Y
DP03817,Sneha U,Bike,Full-time,4.12,Y
DP11899,Priya U,Bike,Part-time,4.33,Y
DP10285,Kiran U,Bike,Contract,3.92,Y
DP06552,Vikas Q,Bike,Part-time,4.64,Y
DP05758,Priya X,Bike,Contract,4.57,Y
DP12003,Manoj M,Cycle,Contract,3.76,Y
DP13191,Arjun Z,Scooter,Contract,4.41,Y
DP13337,Amit M,Scooter,Part-time,4.01,Y
DP07869,Ananya P,Bike,Part-time,3.94,Y
DP14443,Shreya R,Scooter,Contract,4.32,Y
DP13891,Shreya U,Car,Full-time,4,Y
DP13979,Nikhil D,Bike,Contract,4.07,Y
DP01521,Kiran A,Scooter,Contract,4.48,Y
DP04031,Arjun J,Bike,Part-time,4.07,Y
DP09740,Santosh R,Bike,Full-time,3.95,N
DP01258,Meena W,Scooter,Contract,4.24,Y
DP09979,Vikas M,Cycle,Full-time,4.9,Y
DP08630,Sneha B,Scooter,Contract,4.07,Y
DP09746,Vikas Z,Scooter,Contract,4.88,Y
DP09092,Ananya F,Bike,Full-time,4.04,Y
DP03077,Meena G,Bike,Full-time,4.2,Y
DP09794,Sneha C,Bike,Contract,4.22,Y
DP08695,Ananya L,Bike,Full-time,4.01,Y
DP02363,Divya S,Scooter,Contract,4.45,Y
DP02333,Ananya B,Scooter,Part-time,4.69,Y
DP02395,Shreya H,Cycle,Full-time,3.95,Y
DP11158,Meena I,Cycle,Full-time,4.01,Y
DP02663,Divya J,Cycle,Part-time,4.08,Y
DP04968,Pooja Z,Bike,Full-time,5,Y
DP01370,Kiran E,Cycle,Part-time,3.63,Y
DP11740,Deepak G,Scooter,Full-time,3.5,Y
DP02710,Amit M,Car,Part-time,4.38,Y
DP08694,Ravi P,Scooter,Full-time,4.12,Y
DP07695,Divya V,Scooter,Full-time,4.27,Y
DP12739,Vikas K,Bike,Contract,4.13,Y
DP12185,Rahul B,Bike,Full-time,4.25,N
DP05973,Meena L,Bike,Part-time,4.47,Y
DP10806,Pooja M,Bike,Full-time,4.52,Y
DP04226,Neha Z,Bike,Part-time,4.69,Y
DP07785,Sneha S,Scooter,Full-time,4.06,Y
DP09098,Sneha E,Cycle,Contract,4.22,Y
DP10704,Nikhil N,Scooter,Contract,3.17,Y
DP14836,Rahul G,Cycle,Contract,4.46,Y
DP06599,Sneha Q,Bike,Full-time,4.04,Y
DP09559,Suresh U,Scooter,Contract,4.2,Y
DP08783,Rakesh R,Bike,Contract,4.24,N
DP04638,Shreya A,Scooter,Full-time,4.36,Y
DP13301,Rakesh H,Scooter,Full-time,4.27,Y
DP09301,Sneha H,Bike,Part-time,4.12,Y
DP12066,Divya D,Bike,Part-time,3.68,N
DP03478,Santosh O,Bike,Contract,4.73,Y
DP09056,Kiran J,Bike,Part-time,3.99,Y
DP01330,Divya B,Bike,Full-time,3.76,N
DP09316,Kiran O,Bike,Full-time,3.77,Y
DP05808,Kiran D,Bike,Full-time,4.56,N
DP00239,Amit O,Bike,Part-time,3.85,Y
DP07942,Nikhil Q,Bike,Part-time,4.62,Y
DP08710,Arjun W,Scooter,Full-time,4.14,Y
DP10749,Meena K,Bike,Part-time,4.55,Y
DP06199,Nikhil X,Scooter,Part-time,4.06,Y
DP08431,Arjun B,Bike,Full-time,4.39,N
DP12551,Pooja S,Scooter,Part-time,4.17,Y
DP09730,Nikhil W,Scooter,Part-time,4.29,Y
DP12883,Rakesh H,Bike,Full-time,4.07,N
DP12304,Vikas T,Cycle,Part-time,4.49,Y
DP08383,Priya Q,Bike,Full-time,4.15,N
DP06741,Meena K,Bike,Full-time,3.97,Y
DP08105,Deepak S,Bike,Full-time,4.62,Y
DP11517,Deepak I,Scooter,Full-time,3.97,Y
DP08216,Suresh H,Cycle,Full-time,4.2,Y
DP09801,Ananya Y,Bike,Part-time,4.02,Y
DP14440,Meena N,Car,Full-time,4.39,Y
DP13391,Ananya J,Scooter,Full-time,4.47,Y
DP01217,Ravi N,Bike,Full-time,4.53,Y
DP12919,Priya R,Bike,Contract,3.79,Y
DP00437,Shreya T,Car,Contract,4.28,Y
DP05019,Divya P,Scooter,Full-time,3.8,Y
DP12561,Vikas C,Bike,Full-time,4.04,Y
DP06832,Arjun D,Car,Full-time,4.02,Y
DP00398,Manoj R,Scooter,Full-time,4.19,Y
DP11426,Kiran O,Scooter,Part-time,4.09,Y
DP01740,Deepak H,Cycle,Part-time,3.31,Y
DP03778,Neha I,Bike,Part-time,4.13,Y
DP00001,Manoj S,Scooter,Contract,3.96,Y
DP14237,Ananya G,Bike,Part-time,4.34,Y
DP11242,Neha B,Cycle,Full-time,4.2,Y
DP02206,Rakesh Y,Scooter,Contract,4.37,N
DP03809,Shreya B,Scooter,Part-time,3.81,Y
DP13772,Ravi J,Cycle,Full-time,4.32,Y
DP08640,Suresh C,Bike,Full-time,4.1,Y
DP13121,Neha V,Bike,Full-time,3.89,Y
DP13852,Meena S,Bike,Contract,4.7,Y
DP05845,Pooja P,Bike,Full-time,4.07,Y
DP06238,Manoj U,Bike,Full-time,3.97,Y
DP02795,Arjun W,Scooter,Full-time,4.07,Y
DP06738,Neha E,Scooter,Full-time,4.25,Y
DP11383,Shreya R,Scooter,Full-time,4.28,Y
DP02677,Kiran Q,Bike,Contract,4.51,Y
DP03566,Rakesh W,Bike,Contract,4.79,Y
DP01238,Sneha T,Scooter,Contract,4.46,Y
DP09346,Suresh F,Scooter,Full-time,4.75,Y
DP12235,Manoj U,Bike,Full-time,3.85,Y
DP11594,Amit G,Bike,Full-time,4.03,Y
DP04616,Rakesh D,Bike,Part-time,3.95,Y
DP01366,Deepak L,Scooter,Part-time,4.38,Y
DP12916,Rahul N,Bike,Contract,4.45,N
DP05524,Ananya W,Car,Full-time,4.5,Y
DP01631,Meena N,Scooter,Full-time,4.2,Y
DP01114,Amit W,Bike,Full-time,4.04,Y
DP13768,Rahul Q,Scooter,Part-time,4.08,Y
DP10807,Nikhil H,Scooter,Full-time,3.56,Y
DP09586,Neha Z,Bike,Part-time,4.51,Y
DP04127,Ravi A,Bike,Contract,4.17,Y
DP06383,Pooja E,Scooter,Contract,4.54,Y
DP01828,Ravi O,Cycle,Full-time,3.98,Y
DP02507,Manoj S,Scooter,Full-time,4.5,Y
DP04469,Santosh K,Scooter,Part-time,4.05,Y
DP10063,Rakesh X,Car,Contract,4.09,Y
DP13817,Kiran S,Bike,Contract,3.85,Y
DP01947,Priya Z,Scooter,Full-time,3.89,Y
DP14074,Santosh A,Cycle,Full-time,4.14,Y
DP07410,Nikhil U,Bike,Full-time,3.97,Y
DP13135,Meena J,Bike,Part-time,4.03,Y
DP14357,Pooja F,Scooter,Full-time,4.22,Y
DP07367,Rahul R,Scooter,Part-time,4,Y
DP11743,Amit Q,Scooter,Contract,3.65,Y
DP05853,Ravi V,Cycle,Full-time,4.4,Y
DP02217,Kiran A,Scooter,Contract,4.1,Y
DP03159,Vikas N,Bike,Contract,4.1,Y
DP08164,Nikhil T,Bike,Full-time,4.51,N
DP03869,Nikhil H,Bike,Part-time,4.41,Y
DP06956,Shreya X,Bike,Full-time,3.97,Y
DP03991,Kiran P,Scooter,Full-time,4.16,Y
DP10714,Deepak U,Bike,Full-time,3.88,Y
DP06617,Ravi Q,Scooter,Full-time,4.2,Y
DP13830,Santosh U,Bike,Full-time,4.43,Y
DP00254,Suresh F,Scooter,Full-time,3.7,Y
DP01837,Deepak C,Scooter,Full-time,4.37,Y
DP07067,Nikhil K,Car,Contract,3.91,Y
DP14904,Rakesh R,Bike,Part-time,4.2,Y
DP07343,Priya K,Scooter,Contract,4.09,Y
DP08718,Arjun D,Cycle,Full-time,4.68,N
DP01467,Vikas A,Bike,Full-time,3.84,Y
DP08426,Vikas H,Scooter,Contract,4.01,Y
DP06466,Deepak D,Cycle,Full-time,4.47,Y
DP06470,Sneha S,Car,Contract,4.43,Y
DP12880,Rahul N,Cycle,Contract,4.88,Y
DP11348,Divya L,Bike,Part-time,4.31,Y
DP03210,Manoj D,Cycle,Full-time,4.16,Y
DP04101,Priya L,Scooter,Part-time,4.92,Y
DP07859,Ananya Y,Bike,Full-time,4.28,Y
DP04035,Neha R,Bike,Contract,4.23,Y
DP07644,Divya W,Car,Part-time,3.86,Y
DP07317,Manoj Z,Scooter,Contract,4.1,N
DP06928,Suresh B,Bike,Full-time,3.73,Y
DP13939,Santosh H,Scooter,Part-time,4.06,Y
DP03101,Neha Q,Bike,Part-time,4.22,Y
DP02304,Arjun F,Car,Full-time,3.97,Y
DP13601,Deepak U,Scooter,Full-time,4.23,Y
DP06527,Neha B,Car,Contract,4.09,Y
DP00566,Priya I,Scooter,Full-time,4.48,Y
DP02231,Deepak F,Bike,Full-time,4.15,Y
DP14554,Santosh G,Scooter,Contract,4.52,Y
DP13763,Vikas F,Cycle,Contract,4.08,Y
DP08483,Ananya A,Scooter,Part-time,4.36,Y
DP07072,Priya Y,Bike,Full-time,4.32,Y
DP04203,Arjun R,Bike,Contract,4.5,Y
DP10903,Divya H,Scooter,Full-time,4.36,Y
DP01362,Ananya B,Scooter,Full-time,4.37,Y
DP04745,Vikas F,Bike,Full-time,4.24,Y
DP12226,Shreya B,Scooter,Part-time,4.44,N
DP10991,Rahul S,Bike,Full-time,4.64,Y
DP01588,Rakesh Y,Bike,Full-time,4.48,Y
DP12096,Vikas C,Bike,Contract,4.77,N
DP03193,Suresh C,Scooter,Part-time,4.43,Y
DP12884,Meena K,Bike,Full-time,4.79,Y
DP06739,Ananya O,Bike,Full-time,3.78,N
DP00448,Sneha K,Bike,Part-time,4.24,Y
DP06195,Vikas F,Bike,Full-time,4.08,Y
DP12961,Shreya N,Bike,Full-time,4.35,Y
DP00982,Divya Y,Scooter,Contract,4.6,Y
DP14849,Rahul F,Scooter,Full-time,3.83,Y
DP09540,Ravi L,Scooter,Part-time,4.45,Y
DP13463,Meena R,Bike,Part-time,4.35,Y
DP01300,Pooja F,Bike,Full-time,4.42,Y
DP12866,Amit L,Cycle,Full-time,4.64,Y
DP14037,Santosh Z,Cycle,Full-time,4.01,Y
DP02380,Rahul M,Bike,Part-time,4.11,Y
DP00901,Deepak P,Scooter,Contract,4.01,Y
DP07479,Pooja B,Bike,Part-time,4.08,Y
DP10638,Neha K,Cycle,Part-time,3.94,Y
DP13238,Neha H,Bike,Part-time,4.5,Y
DP03707,Meena P,Bike,Full-time,4.16,Y
DP01209,Ananya K,Scooter,Contract,4.52,Y
DP07627,Manoj Q,Cycle,Part-time,4.01,Y
DP04094,Pooja C,Scooter,Contract,4.2,N
DP12860,Ravi X,Bike,Full-time,4.58,Y
DP09305,Kiran B,Cycle,Part-time,4.16,Y
DP09437,Vikas M,Scooter,Full-time,4.26,Y
DP01955,Arjun P,Cycle,Contract,3.94,Y
DP01303,Arjun T,Bike,Full-time,4.6,Y
DP09166,Amit O,Scooter,Full-time,3.65,Y
DP05117,Manoj N,Scooter,Contract,4.45,Y
DP04008,Priya I,Bike,Full-time,4.26,Y
DP13086,Shreya A,Scooter,Full-time,4.32,Y
DP06092,Rakesh J,Scooter,Contract,4.18,Y
DP09661,Shreya E,Bike,Part-time,4.41,Y
DP07093,Nikhil H,Scooter,Contract,4.01,Y
DP04245,Amit W,Cycle,Part-time,4.22,Y
DP08358,Vikas N,Scooter,Full-time,4.65,Y
DP02485,Divya T,Scooter,Full-time,4.34,Y
DP08360,Meena W,Bike,Full-time,3.95,Y
DP06989,Ravi K,Bike,Full-time,4.21,Y
DP07023,Divya R,Bike,Contract,4.01,Y
DP05775,Manoj P,Bike,Part-time,3.61,Y
DP00934,Rahul A,Scooter,Contract,3.9,Y
DP11767,Priya Y,Bike,Part-time,3.68,N
DP12627,Meena A,Cycle,Full-time,4.35,Y
DP10676,Deepak G,Scooter,Part-time,4.12,Y
DP12114,Deepak F,Bike,Full-time,4.4,Y
DP08432,Arjun K,Car,Full-time,4.1,Y
DP05086,Vikas S,Cycle,Contract,3.85,Y
DP12418,Sneha K,Bike,Full-time,3.84,N
DP07948,Rahul H,Bike,Part-time,3.96,Y
DP12542,Nikhil Q,Bike,Full-time,4.59,Y
DP03466,Shreya A,Scooter,Contract,4.16,Y
DP10476,Deepak G,Bike,Part-time,4.66,Y
DP11118,Arjun B,Cycle,Part-time,4.29,Y
DP04639,Kiran S,Scooter,Contract,4.12,N
DP13821,Ravi U,Bike,Full-time,4.18,Y
DP14389,Manoj J,Scooter,Contract,4.3,Y
DP11959,Arjun I,Bike,Part-time,4.71,Y
DP13016,Deepak I,Bike,Full-time,3.53,Y
DP02488,Amit F,Bike,Full-time,3.92,Y
DP13415,Meena V,Bike,Full-time,3.97,Y
DP10284,Ravi I,Scooter,Full-time,4.48,Y
DP12552,Rahul E,Bike,Contract,4.63,Y
DP08403,Amit C,Scooter,Full-time,4.4,Y
DP07007,Priya W,Cycle,Part-time,4.11,Y
DP01381,Rahul D,Scooter,Part-time,3.99,N
DP08476,Meena H,Scooter,Full-time,4.26,Y
DP12798,Shreya I,Bike,Full-time,4.21,Y
DP10089,Priya R,Scooter,Full-time,4.37,Y
DP12546,Vikas Q,Bike,Part-time,4.13,Y
DP05531,Ananya C,Bike,Part-time,4.53,Y
DP10831,Kiran D,Cycle,Full-time,3.92,N
DP07623,Nikhil V,Car,Full-time,3.94,Y
DP05721,Amit H,Scooter,Contract,3.61,Y
DP11684,Santosh F,Bike,Full-time,4.45,Y
DP11694,Vikas D,Bike,Part-time,4.25,Y
DP09647,Deepak E,Scooter,Contract,4.46,Y
DP01309,Priya H,Scooter,Part-time,5,Y
DP06331,Santosh G,Scooter,Full-time,3.98,Y
DP05558,Kiran S,Scooter,Full-time,4.31,Y
DP02679,Sneha T,Scooter,Full-time,3.86,Y
DP14059,Deepak C,Bike,Full-time,4.34,Y
DP10225,Priya D,Scooter,Part-time,4.15,Y
DP03085,Manoj V,Scooter,Part-time,4.83,Y
DP02087,Sneha F,Scooter,Part-time,3.48,Y
DP12903,Suresh I,Bike,Part-time,4.49,N
DP09011,Rakesh U,Bike,Part-time,4.19,Y
DP01731,Vikas M,Cycle,Part-time,4.19,Y
DP00723,Suresh C,Scooter,Contract,4.38,Y
DP01184,Ananya F,Car,Part-time,4.63,Y
DP04664,Sneha T,Scooter,Contract,4.51,Y
DP03311,Kiran T,Scooter,Part-time,4.36,Y
DP05593,Shreya T,Cycle,Part-time,4.01,Y
DP05097,Pooja A,Scooter,Contract,4.23,N
DP00583,Nikhil E,Scooter,Full-time,4.17,Y
DP13879,Ravi G,Scooter,Full-time,3.66,Y
DP01894,Ravi L,Scooter,Full-time,4.29,Y
DP04354,Sneha Y,Bike,Part-time,3.88,Y
DP11223,Ravi F,Scooter,Part-time,4.13,Y
DP14526,Amit N,Car,Full-time,4.77,Y
DP12018,Sneha B,Car,Part-time,4.31,Y
DP06855,Santosh M,Scooter,Part-time,4.35,Y
DP03960,Meena C,Bike,Full-time,4.36,Y
DP08067,Sneha T,Cycle,Full-time,4.29,N
DP04506,Santosh O,Bike,Contract,4.18,Y
DP14859,Vikas N,Bike,Full-time,4.15,Y
DP06001,Deepak F,Cycle,Full-time,3.81,Y
DP08414,Amit X,Bike,Part-time,3.91,Y
DP04086,Ravi B,Cycle,Full-time,4.17,Y
DP03836,Pooja D,Cycle,Part-time,3.99,Y
DP11964,Kiran U,Scooter,Full-time,3.84,N
DP00324,Amit Y,Car,Full-time,4.47,Y
DP00946,Neha Y,Bike,Full-time,4.46,Y
DP05247,Kiran W,Bike,Contract,3.89,Y
DP14758,Deepak N,Bike,Part-time,4.72,Y
DP04336,Rakesh H,Bike,Part-time,4.15,Y
DP08923,Rahul F,Bike,Contract,4.46,Y
DP11029,Meena U,Bike,Part-time,4.22,Y
DP14960,Rahul S,Scooter,Part-time,4.29,Y
DP11329,Suresh H,Car,Full-time,4.37,Y
DP09450,Vikas Z,Cycle,Full-time,4.18,Y
DP04931,Shreya S,Scooter,Part-time,4.41,Y
DP03833,Priya D,Bike,Part-time,3.41,Y
DP00564,Rahul E,Bike,Full-time,4.04,Y
DP04262,Neha N,Bike,Contract,4.24,Y
DP11568,Priya U,Scooter,Part-time,4.51,Y
DP10216,Santosh K,Scooter,Full-time,3.97,Y
DP09880,Kiran P,Car,Part-time,4.21,Y
DP04986,Neha Y,Car,Full-time,4.2,Y
DP02938,Rahul G,Scooter,Full-time,4.17,Y
DP13389,Sneha X,Bike,Part-time,4.75,Y
DP01784,Divya Z,Scooter,Full-time,4.05,Y
DP05572,Priya Y,Scooter,Full-time,4.35,Y
DP14734,Rakesh X,Scooter,Full-time,4.12,Y
DP02691,Priya N,Bike,Part-time,4.42,Y
DP11341,Sneha F,Car,Part-time,3.81,Y
DP11381,Meena Z,Cycle,Full-time,3.97,Y
DP03060,Ravi O,Scooter,Full-time,4.4,Y
DP10119,Neha R,Bike,Full-time,4.02,Y
DP04018,Santosh Z,Bike,Part-time,4.55,Y
DP07549,Divya Q,Scooter,Full-time,4.31,Y
DP02966,Amit J,Car,Full-time,4.09,Y
DP02438,Arjun O,Bike,Contract,3.87,Y
DP02003,Sneha Z,Car,Contract,4.21,N
DP11628,Deepak S,Scooter,Contract,4.13,Y
DP14424,Divya F,Car,Contract,4.13,N
DP07180,Sneha R,Scooter,Full-time,4.33,Y
DP02887,Arjun T,Scooter,Part-time,4.19,Y
DP04970,Ananya T,Bike,Full-time,4.67,Y
DP06876,Shreya B,Bike,Full-time,3.82,Y
DP03547,Manoj K,Scooter,Full-time,3.95,Y
DP05523,Pooja E,Scooter,Full-time,4.12,Y
DP13090,Vikas Z,Car,Part-time,4.03,N
DP03450,Meena Y,Cycle,Part-time,3.96,Y
DP14279,Ravi Y,Scooter,Full-time,4.07,Y
DP08013,Kiran T,Cycle,Part-time,4.15,Y
DP12931,Nikhil C,Scooter,Full-time,4.7,Y
DP07847,Divya B,Scooter,Part-time,4.06,N
DP09565,Meena Z,Bike,Contract,4.46,Y
DP11992,Manoj J,Scooter,Full-time,4.64,Y
DP03879,Amit M,Scooter,Full-time,4.37,Y
DP14325,Rahul F,Scooter,Part-time,4.37,Y
DP02491,Sneha H,Car,Full-time,4.46,Y
DP13533,Vikas C,Bike,Part-time,3.84,Y
DP04875,Amit V,Scooter,Contract,4.03,Y
DP10845,Vikas A,Scooter,Full-time,3.64,Y
DP08763,Rahul I,Car,Full-time,4.67,Y
DP09240,Priya J,Scooter,Full-time,5,Y
DP00806,Ananya C,Scooter,Part-time,4.41,Y
DP03348,Arjun K,Bike,Full-time,4.35,Y
DP13449,Santosh T,Bike,Contract,4.09,Y
DP12190,Nikhil G,Bike,Full-time,4.46,Y
DP05310,Sneha K,Scooter,Full-time,4.15,Y
DP11074,Neha F,Bike,Full-time,4.1,Y
DP00874,Sneha Y,Bike,Part-time,4.21,Y
DP13125,Pooja U,Car,Contract,4.4,Y
DP10679,Santosh X,Scooter,Full-time,4.05,Y
DP14142,Santosh O,Scooter,Full-time,4.62,Y
DP07734,Neha Q,Bike,Full-time,3.99,Y
DP10838,Shreya J,Cycle,Full-time,4.01,Y
DP10430,Neha Y,Bike,Full-time,3.81,N
DP08724,Ravi Z,Scooter,Full-time,4.02,Y
DP10096,Kiran D,Cycle,Contract,3.95,Y
DP03299,Santosh B,Scooter,Full-time,4.32,Y
DP13570,Shreya U,Car,Full-time,4,Y
DP06892,Ravi O,Scooter,Full-time,4.65,Y
DP12095,Nikhil Y,Scooter,Full-time,4.93,Y
DP05486,Kiran J,Scooter,Contract,4.15,Y
DP10895,Pooja P,Scooter,Part-time,4.35,N
DP00303,Manoj M,Scooter,Full-time,3.84,N
DP14723,Priya L,Scooter,Contract,4.61,Y
DP10376,Divya Q,Cycle,Full-time,3.87,Y
DP05092,Nikhil U,Scooter,Part-time,4.25,Y
DP14335,Santosh W,Cycle,Full-time,4.25,Y
DP07813,Meena D,Scooter,Contract,4.46,Y
DP12960,Santosh N,Scooter,Part-time,4.14,Y
DP10884,Rakesh Z,Scooter,Part-time,3.8,N
DP02503,Suresh Z,Car,Full-time,3.91,Y
DP03440,Pooja J,Bike,Full-time,3.91,Y
DP06190,Deepak W,Bike,Part-time,4.14,Y
DP03769,Manoj F,Bike,Contract,4.59,N
DP03736,Deepak Q,Scooter,Part-time,4.06,Y
DP03660,Sneha V,Cycle,Full-time,4.08,Y
DP04516,Kiran P,Bike,Part-time,4.48,Y
DP03066,Deepak I,Scooter,Contract,3.46,Y
DP09348,Kiran H,Bike,Contract,4.16,Y
DP14634,Pooja N,Scooter,Part-time,4.48,Y
DP12009,Manoj Y,Scooter,Contract,4.05,N
DP13127,Nikhil K,Scooter,Full-time,4.44,N
DP12950,Pooja M,Scooter,Part-time,4.19,Y
DP04017,Kiran T,Cycle,Part-time,4.38,Y
DP05112,Nikhil V,Cycle,Full-time,4.33,N
DP05927,Pooja E,Scooter,Contract,4.07,Y
DP11027,Neha J,Scooter,Contract,4.58,Y
DP11335,Priya B,Scooter,Contract,4.04,Y
DP03563,Vikas V,Bike,Full-time,4.39,Y
DP03995,Rahul L,Scooter,Full-time,4.82,Y
DP08896,Vikas M,Scooter,Full-time,4.35,Y
DP12143,Rakesh L,Scooter,Full-time,4.25,Y
DP03898,Deepak H,Bike,Part-time,4.82,Y
DP14720,Rahul Y,Scooter,Part-time,4.4,N
DP07717,Priya L,Bike,Full-time,4.31,Y
DP04441,Neha J,Bike,Part-time,4.78,Y
DP11910,Shreya N,Scooter,Part-time,4.35,Y
DP06579,Arjun P,Car,Full-time,4.26,N
DP02016,Shreya H,Scooter,Full-time,4.3,Y
DP00860,Divya B,Cycle,Full-time,4.35,Y
DP14256,Nikhil R,Scooter,Part-time,4.18,Y
DP10342,Deepak Y,Bike,Full-time,4.4,N
DP10538,Arjun I,Scooter,Full-time,3.91,Y
DP03624,Rahul P,Cycle,Full-time,4.18,Y
DP00769,Meena J,Cycle,Full-time,4.29,Y
DP11877,Rahul T,Scooter,Full-time,4.03,N
DP06010,Santosh T,Scooter,Part-time,4.68,Y
DP12621,Kiran B,Cycle,Part-time,4.33,Y
DP14026,Manoj V,Bike,Part-time,4.11,Y
DP10123,Manoj Q,Scooter,Contract,3.89,Y
DP02248,Pooja B,Bike,Full-time,4.11,N
DP10797,Deepak I,Car,Contract,4.07,Y
DP04662,Arjun X,Bike,Contract,4.26,N
DP11825,Rakesh V,Bike,Full-time,3.65,Y
DP07052,Priya V,Bike,Full-time,4.78,Y
DP12243,Sneha H,Scooter,Full-time,4.2,Y
DP14826,Neha I,Cycle,Full-time,4.17,Y
DP06263,Sneha K,Bike,Part-time,4.02,Y
DP04509,Priya J,Scooter,Full-time,4.4,Y
DP14614,Ravi N,Scooter,Part-time,3.78,Y
DP13929,Rakesh U,Cycle,Contract,4.43,N
DP01151,Priya D,Bike,Full-time,4.07,N
DP10723,Priya S,Bike,Contract,3.94,Y
DP03957,Ananya I,Bike,Full-time,4.01,N
DP05289,Amit D,Scooter,Contract,4.4,Y
DP01666,Nikhil Y,Scooter,Part-time,3.4,Y
DP11555,Priya N,Scooter,Full-time,4.59,Y
DP07373,Shreya A,Scooter,Full-time,3.97,Y
DP03802,Meena J,Bike,Full-time,4.06,Y
DP12239,Ananya S,Scooter,Contract,3.96,Y
DP09329,Santosh C,Cycle,Contract,4.26,Y
DP10468,Deepak T,Car,Part-time,4.32,Y
DP07634,Neha S,Scooter,Part-time,4.01,N
DP12819,Divya P,Scooter,Full-time,4.36,Y
DP13578,Rakesh G,Bike,Part-time,3.85,N
DP13528,Rakesh X,Bike,Part-time,4.12,Y
DP01591,Manoj U,Bike,Part-time,4.36,Y
DP04981,Vikas J,Bike,Part-time,4.61,Y
DP01992,Kiran W,Bike,Full-time,4.31,Y
DP10708,Arjun U,Scooter,Part-time,4.27,Y
DP01935,Priya T,Bike,Full-time,4.3,Y
DP12987,Amit P,Scooter,Contract,4.14,Y
DP02334,Ravi P,Scooter,Full-time,4.31,Y
DP12124,Santosh W,Scooter,Part-time,4.3,Y
DP08302,Kiran R,Cycle,Full-time,4.57,Y
DP00164,Meena B,Bike,Full-time,3.93,Y
DP04965,Amit M,Scooter,Part-time,3.68,Y
DP04730,Suresh N,Bike,Full-time,3.89,Y
DP06598,Nikhil K,Bike,Full-time,3.76,Y
DP07907,Shreya B,Scooter,Part-time,4.21,Y
DP14980,Priya E,Bike,Part-time,4.16,Y
DP11764,Amit N,Scooter,Full-time,4.07,Y
DP02397,Rahul L,Bike,Part-time,4.64,Y
DP03850,Ananya E,Bike,Full-time,4.52,N
DP09226,Shreya F,Bike,Contract,3.61,Y
DP02913,Ravi J,Cycle,Full-time,3.84,Y
DP11988,Meena N,Scooter,Full-time,4.11,Y
DP00913,Sneha F,Scooter,Full-time,3.92,Y
DP10102,Vikas W,Scooter,Contract,4.31,N
DP12266,Shreya P,Cycle,Contract,4.19,Y
DP00248,Suresh S,Bike,Full-time,3.87,Y
DP07527,Kiran A,Car,Contract,3.77,Y
DP14683,Ravi Q,Scooter,Part-time,3.92,N
DP00609,Meena O,Scooter,Full-time,3.72,Y
DP05778,Deepak D,Bike,Full-time,4.19,Y
DP13818,Ravi B,Scooter,Full-time,4.2,Y
DP02992,Manoj C,Scooter,Full-time,4.01,N
DP08344,Priya G,Cycle,Full-time,4.19,Y
DP14274,Vikas W,Bike,Contract,4.14,Y
DP10805,Pooja W,Bike,Contract,4.08,Y
DP07213,Shreya D,Cycle,Part-time,4.49,Y
DP00624,Nikhil C,Cycle,Full-time,4.45,Y
DP06675,Nikhil K,Bike,Full-time,4.08,Y
DP12685,Ravi N,Scooter,Part-time,3.76,Y
DP09645,Neha L,Car,Contract,4.14,Y
DP12482,Manoj U,Bike,Part-time,3.84,Y
DP13005,Pooja O,Bike,Full-time,4.34,Y
DP04954,Pooja U,Cycle,Full-time,4.15,Y
DP09567,Shreya M,Scooter,Contract,3.34,Y
DP01872,Ravi M,Bike,Contract,4.15,Y
DP02850,Santosh A,Scooter,Full-time,4.03,Y
DP10276,Rahul T,Scooter,Part-time,4.11,Y
DP00080,Suresh K,Bike,Contract,4.39,Y
DP06710,Suresh N,Scooter,Part-time,4.36,Y
DP09198,Ananya F,Bike,Part-time,3.98,Y
DP11378,Vikas R,Scooter,Full-time,4.4,Y
DP13128,Deepak V,Car,Full-time,3.93,Y
DP10210,Meena T,Scooter,Part-time,4.02,N
DP01647,Rakesh V,Scooter,Full-time,3.96,Y
DP10178,Amit H,Scooter,Contract,4.26,Y
DP08886,Suresh C,Car,Part-time,3.8,Y
DP11527,Priya E,Bike,Full-time,3.97,Y
DP03806,Neha Q,Bike,Part-time,4.28,N
DP12262,Sneha G,Scooter,Part-time,3.5,Y
DP14011,Ravi E,Bike,Full-time,4.52,Y
DP08753,Santosh D,Scooter,Contract,4.48,N
DP04690,Ravi F,Scooter,Full-time,4.86,Y
DP04165,Santosh B,Cycle,Full-time,4.52,Y
DP04422,Ravi D,Cycle,Full-time,3.75,N
DP00490,Vikas F,Scooter,Full-time,4.33,N
DP02212,Rahul W,Scooter,Full-time,3.82,Y
DP03571,Deepak K,Cycle,Contract,4.22,Y
DP13977,Amit U,Scooter,Contract,4.46,Y
DP02516,Shreya R,Bike,Part-time,4.16,Y
DP11406,Deepak B,Bike,Contract,4.21,Y
DP14538,Manoj H,Scooter,Contract,4.74,Y
DP04371,Pooja R,Car,Full-time,4.58,Y
DP10125,Santosh S,Bike,Part-time,4.27,Y
DP00439,Vikas U,Bike,Part-time,4.2,Y
DP04241,Pooja O,Scooter,Full-time,4.28,Y
DP12790,Rahul A,Cycle,Full-time,3.94,Y
DP01974,Nikhil O,Bike,Full-time,4.19,Y
DP06506,Ananya D,Scooter,Full-time,3.81,Y
DP05981,Priya S,Bike,Part-time,4.34,Y
DP04738,Deepak T,Bike,Full-time,4.22,Y
DP01405,Ravi V,Bike,Contract,3.53,Y
DP11536,Deepak Q,Bike,Contract,4.39,Y
DP07831,Nikhil K,Scooter,Part-time,3.99,Y
DP08052,Arjun G,Bike,Part-time,4.8,Y
DP09870,Divya R,Scooter,Part-time,3.85,Y
DP05606,Sneha Z,Scooter,Part-time,4.25,N
DP01749,Divya C,Bike,Full-time,4.22,Y
DP11991,Kiran Y,Scooter,Part-time,4.23,Y
DP11036,Kiran R,Cycle,Contract,4.14,Y
DP00069,Deepak H,Scooter,Full-time,3.93,Y
DP05555,Ananya I,Scooter,Full-time,4.07,N
DP10079,Manoj Y,Scooter,Full-time,4.1,N
DP14756,Divya P,Bike,Full-time,4.22,Y
DP05216,Divya B,Bike,Full-time,3.9,Y
DP02260,Meena J,Bike,Full-time,4.5,Y
DP14196,Ravi T,Cycle,Full-time,3.94,Y
DP07702,Meena Z,Cycle,Full-time,4.35,Y
DP06236,Vikas X,Car,Contract,4.42,Y
DP08920,Santosh U,Scooter,Full-time,3.58,Y
DP05898,Meena Z,Scooter,Full-time,4.24,Y
DP09754,Arjun K,Scooter,Part-time,4.2,Y
DP06113,Ravi A,Scooter,Full-time,4,Y
DP00128,Rahul S,Bike,Part-time,4.6,Y
DP05565,Priya R,Bike,Part-time,3.8,Y
DP02286,Rahul L,Car,Part-time,4.19,Y
DP03276,Suresh R,Bike,Full-time,4.31,Y
DP09239,Ananya L,Bike,Full-time,4.12,Y
DP09973,Deepak Z,Bike,Full-time,4.15,Y
DP14504,Deepak L,Scooter,Contract,4.35,Y
DP02113,Meena G,Scooter,Full-time,4.25,Y
DP00016,Santosh X,Bike,Part-time,3.77,Y
DP00711,Deepak K,Scooter,Full-time,3.98,Y
DP09027,Vikas I,Scooter,Full-time,3.56,Y
DP04198,Kiran R,Bike,Part-time,4.22,Y
DP13150,Deepak F,Scooter,Full-time,3.97,Y
DP12595,Neha E,Scooter,Contract,3.48,Y
DP09816,Kiran R,Scooter,Part-time,4.03,Y
DP02332,Ravi Y,Scooter,Full-time,4.13,Y
DP01290,Nikhil S,Scooter,Part-time,3.92,Y
DP06827,Ananya D,Bike,Full-time,4.52,Y
DP12951,Vikas F,Bike,Part-time,4.02,Y
DP14788,Shreya P,Cycle,Full-time,3.93,N
DP12382,Manoj K,Bike,Contract,4.21,Y
DP06407,Vikas P,Cycle,Full-time,4.21,Y
DP04560,Meena G,Scooter,Full-time,4.2,Y
DP12464,Neha M,Bike,Full-time,3.78,Y
DP04014,Rahul N,Cycle,Full-time,4.12,Y
DP13398,Santosh Y,Bike,Part-time,4.14,Y
DP11237,Neha L,Scooter,Full-time,3.89,Y
DP00173,Manoj O,Cycle,Part-time,4,Y
DP00072,Kiran O,Scooter,Full-time,4.3,Y
DP10635,Meena O,Bike,Full-time,3.99,Y
DP08203,Kiran W,Bike,Part-time,4.62,Y
DP07685,Amit N,Bike,Part-time,4.57,Y
DP05625,Pooja Z,Bike,Full-time,4.55,Y
DP02435,Shreya B,Car,Full-time,4.04,Y
DP13696,Shreya O,Bike,Part-time,4.35,N
DP05929,Rakesh C,Cycle,Contract,4.28,Y
DP02688,Manoj L,Scooter,Part-time,4.41,Y
DP02305,Meena N,Bike,Part-time,4.4,Y
DP10375,Santosh X,Scooter,Part-time,3.78,Y
DP00673,Priya J,Cycle,Part-time,4.28,Y
DP13573,Rakesh Y,Scooter,Part-time,4.28,Y
DP04183,Santosh H,Cycle,Full-time,3.8,N
DP07203,Rakesh E,Scooter,Contract,4.05,Y
DP08008,Pooja V,Scooter,Full-time,4.51,Y
DP09823,Rakesh C,Scooter,Part-time,4.79,Y
DP01456,Neha O,Scooter,Contract,3.85,Y
DP06040,Ravi P,Scooter,Contract,4.42,Y
DP01628,Pooja V,Bike,Part-time,4.33,Y
DP02244,Rahul N,Bike,Full-time,4.25,Y
DP08035,Amit A,Cycle,Full-time,4.11,Y
DP02418,Neha N,Bike,Full-time,3.87,Y
DP07239,Kiran I,Car,Full-time,3.95,Y
DP11579,Ananya E,Bike,Part-time,4.51,Y
DP10893,Ravi W,Scooter,Part-time,4.76,Y
DP04744,Deepak L,Bike,Full-time,3.91,Y
DP06261,Vikas U,Bike,Full-time,4.78,Y
DP02704,Deepak B,Scooter,Full-time,4.54,Y
DP07959,Nikhil Q,Scooter,Full-time,4,N
DP07331,Ravi I,Cycle,Part-time,3.94,Y
DP09424,Rakesh G,Scooter,Full-time,3.79,Y
DP13622,Vikas F,Scooter,Full-time,4.11,Y
DP03350,Nikhil E,Scooter,Full-time,4.26,Y
DP03094,Manoj D,Bike,Full-time,3.82,Y
DP00476,Kiran M,Scooter,Full-time,3.83,Y
DP11855,Vikas U,Bike,Full-time,4.66,Y
DP10344,Rakesh X,Bike,Part-time,4.65,Y
DP14768,Manoj L,Scooter,Part-time,4.37,Y
DP10249,Ravi O,Bike,Full-time,4.07,Y
DP05448,Vikas S,Bike,Contract,4.63,Y
DP02058,Amit H,Scooter,Full-time,3.85,Y
DP12868,Meena G,Scooter,Part-time,4.06,Y
DP00314,Manoj E,Scooter,Contract,4.38,Y
DP05589,Shreya O,Bike,Full-time,3.85,N
DP08529,Meena G,Scooter,Part-time,4.35,Y
DP11449,Sneha S,Scooter,Contract,3.84,Y
DP07899,Pooja R,Scooter,Full-time,4.45,Y
DP04657,Rakesh W,Cycle,Part-time,3.98,N
DP02783,Meena F,Bike,Full-time,4.43,Y
DP14126,Shreya T,Car,Contract,4.22,Y
DP01839,Rakesh H,Scooter,Part-time,4.25,Y
DP01168,Pooja X,Car,Contract,3.89,N
DP11721,Santosh O,Scooter,Full-time,4.46,Y
DP07130,Pooja A,Bike,Full-time,3.69,Y
DP00284,Nikhil L,Scooter,Full-time,4.01,Y
DP00399,Shreya F,Cycle,Contract,4.86,Y
DP03641,Amit Y,Bike,Part-time,3.95,N
DP06897,Deepak B,Bike,Contract,4.42,Y
DP06621,Deepak Y,Scooter,Part-time,4.44,Y
DP05099,Neha I,Scooter,Part-time,4.9,Y
DP00679,Neha D,Bike,Full-time,3.69,Y
DP10236,Shreya U,Cycle,Contract,3.66,Y
DP02215,Arjun Z,Scooter,Part-time,4.56,Y
DP06032,Deepak D,Cycle,Full-time,4.24,Y
DP14123,Arjun D,Scooter,Part-time,4.27,N
DP13678,Arjun T,Scooter,Contract,4.14,Y
DP06950,Shreya S,Bike,Full-time,4.45,Y
DP05381,Sneha S,Scooter,Contract,3.72,Y
DP06778,Sneha J,Cycle,Part-time,4.47,Y
DP03522,Neha K,Bike,Full-time,4.27,Y
DP00681,Shreya R,Scooter,Full-time,4.64,Y
DP07837,Manoj T,Bike,Contract,3.5,Y
DP11553,Ravi L,Scooter,Contract,3.59,Y
DP07385,Priya H,Cycle,Contract,4.61,Y
DP10238,Divya Q,Bike,Part-time,3.94,Y
DP04365,Ananya O,Bike,Full-time,4.21,Y
DP06098,Meena D,Bike,Part-time,4.07,Y
DP01875,Amit H,Scooter,Full-time,4.54,Y
DP13474,Manoj C,Bike,Full-time,3.98,Y
DP00331,Ananya C,Cycle,Full-time,3.79,N
DP05139,Rakesh Y,Scooter,Full-time,4.26,Y
DP07222,Rakesh G,Bike,Full-time,3.99,Y
DP07297,Vikas Y,Bike,Contract,4.07,Y
DP14644,Meena Q,Bike,Part-time,3.58,Y
DP09186,Arjun Z,Scooter,Contract,4.57,Y
DP03731,Rahul F,Scooter,Full-time,4.8,Y
DP02651,Deepak Y,Bike,Full-time,4.13,Y
DP07319,Nikhil I,Scooter,Part-time,4.26,Y
DP01096,Suresh Z,Cycle,Full-time,4.25,Y
DP14608,Ananya G,Scooter,Full-time,4.17,Y
DP02957,Sneha O,Bike,Contract,4.57,Y
DP04072,Rakesh X,Cycle,Full-time,3.83,Y
DP01384,Amit C,Bike,Full-time,4.74,Y
DP10819,Suresh V,Cycle,Full-time,3.76,Y
DP04568,Arjun R,Cycle,Full-time,4.39,Y
DP09775,Ananya Y,Bike,Part-time,4.15,Y
DP10180,Santosh Z,Bike,Part-time,4.23,Y
DP05939,Priya M,Cycle,Full-time,3.96,Y
DP02935,Divya V,Bike,Part-time,3.81,Y
DP04601,Amit A,Scooter,Full-time,4.09,Y
DP09952,Shreya V,Scooter,Part-time,3.99,Y
DP13701,Neha Z,Scooter,Contract,4.33,N
DP09604,Kiran L,Cycle,Full-time,4.12,Y
DP08335,Rakesh D,Scooter,Full-time,3.89,Y
DP02981,Manoj B,Bike,Full-time,3.98,Y
DP06907,Nikhil U,Scooter,Full-time,3.83,Y
DP09535,Kiran W,Bike,Full-time,5,Y
DP11929,Deepak Z,Cycle,Full-time,3.8,Y
DP05205,Meena G,Scooter,Full-time,4.02,N
DP03477,Meena T,Scooter,Full-time,4.45,Y
DP09347,Nikhil A,Scooter,Part-time,4.15,N
DP04043,Suresh U,Bike,Part-time,4.14,Y
DP07217,Amit X,Scooter,Full-time,4.7,Y
DP10054,Sneha G,Bike,Full-time,4.03,Y
DP01436,Ravi U,Cycle,Full-time,3.8,Y
DP03516,Ananya Z,Scooter,Full-time,4.13,Y
DP14545,Rahul M,Scooter,Full-time,3.82,Y
DP11589,Manoj O,Cycle,Full-time,4.19,Y
DP09817,Amit M,Cycle,Part-time,4.08,Y
DP01742,Santosh T,Bike,Contract,4.32,Y
DP05179,Deepak Y,Scooter,Part-time,4.64,Y
DP09571,Arjun W,Cycle,Part-time,4.33,Y
DP11822,Divya Q,Scooter,Full-time,4.08,Y
DP06425,Shreya B,Bike,Full-time,4.23,N
DP04691,Arjun X,Scooter,Part-time,4.22,Y
DP00201,Vikas P,Bike,Part-time,4.34,N
DP06962,Kiran Y,Bike,Contract,4.18,N
DP07323,Rakesh Y,Scooter,Full-time,4.75,Y
DP12801,Vikas T,Bike,Full-time,4.34,Y
DP06899,Pooja J,Bike,Full-time,4.01,Y
DP06410,Rakesh P,Scooter,Part-time,4.48,Y
DP11332,Ananya W,Scooter,Full-time,4.95,Y
DP06022,Meena H,Scooter,Part-time,3.8,Y
DP14180,Amit P,Scooter,Contract,4.47,Y
DP02828,Priya D,Bike,Contract,4.28,N
DP02727,Rakesh Y,Scooter,Full-time,4.31,Y
DP08964,Shreya D,Bike,Contract,3.86,Y
DP14368,Rakesh E,Bike,Contract,3.6,Y
DP05175,Santosh Q,Scooter,Full-time,4.43,Y
DP00617,Ananya M,Cycle,Full-time,4.59,Y
DP08924,Manoj K,Cycle,Full-time,3.91,Y
DP00826,Priya F,Scooter,Full-time,3.88,N
DP00424,Nikhil H,Scooter,Part-time,4.61,Y
DP13805,Nikhil G,Bike,Part-time,4.41,Y
DP13006,Neha O,Scooter,Full-time,4.15,Y
DP13757,Rahul J,Bike,Full-time,4.45,Y
DP11598,Meena B,Bike,Contract,3.76,Y
DP14897,Divya O,Scooter,Full-time,4.19,Y
DP11852,Deepak U,Scooter,Full-time,4.33,Y
DP14394,Manoj I,Bike,Full-time,4.19,Y
DP05287,Meena G,Scooter,Full-time,4.59,Y
DP09364,Neha Z,Car,Full-time,4.41,Y
DP01451,Meena G,Scooter,Full-time,4.38,Y
DP04725,Santosh M,Scooter,Full-time,4.16,Y
DP09182,Vikas B,Scooter,Part-time,3.95,Y
DP00099,Divya X,Bike,Contract,4.55,Y
DP07661,Priya X,Cycle,Part-time,4.07,Y
DP12963,Manoj N,Bike,Full-time,3.56,Y
DP14920,Pooja A,Scooter,Full-time,4.23,Y
DP00899,Pooja I,Scooter,Contract,4.54,Y
DP08905,Deepak V,Cycle,Full-time,4.01,Y
DP12442,Meena X,Cycle,Full-time,4.12,Y
DP02430,Rahul X,Cycle,Contract,4.07,Y
DP03497,Sneha M,Cycle,Full-time,3.95,Y
DP11236,Ravi Y,Bike,Full-time,4.23,Y
DP13231,Amit H,Scooter,Full-time,4.16,Y
DP08820,Amit Q,Bike,Part-time,4.11,Y
DP11670,Amit U,Bike,Full-time,4.47,Y
DP09658,Divya L,Bike,Full-time,3.74,N
DP05494,Manoj E,Bike,Part-time,3.94,Y
DP00964,Manoj O,Scooter,Contract,3.68,Y
DP05951,Divya P,Scooter,Part-time,3.44,Y
DP04508,Amit H,Car,Contract,4.03,Y
DP06094,Sneha Q,Bike,Contract,4.37,Y
DP00050,Meena B,Bike,Full-time,3.76,Y
DP04894,Divya X,Scooter,Contract,4.37,Y
DP04761,Priya X,Scooter,Full-time,4.16,Y
DP00753,Meena T,Bike,Part-time,4.69,Y
DP07670,Divya B,Scooter,Contract,4.34,Y
DP07000,Kiran N,Car,Full-time,4.1,Y
DP04495,Pooja E,Scooter,Full-time,4.43,N
DP07850,Vikas R,Scooter,Full-time,4.19,Y
DP11485,Meena G,Bike,Contract,3.81,Y
DP11759,Amit R,Scooter,Full-time,4.05,Y
DP02659,Meena O,Bike,Full-time,4.39,N
DP05514,Sneha U,Scooter,Part-time,4.31,N
DP06303,Vikas C,Cycle,Part-time,4.29,Y
DP05440,Pooja I,Cycle,Part-time,4.88,Y
DP06696,Suresh J,Scooter,Full-time,4.6,Y
DP07116,Priya H,Bike,Part-time,3.93,N
DP14473,Rahul L,Bike,Contract,4.06,Y
DP11640,Rakesh W,Bike,Contract,4.16,N
DP10018,Shreya G,Car,Full-time,4.06,Y
DP14313,Manoj L,Cycle,Contract,3.65,N
DP04789,Santosh W,Scooter,Full-time,4.05,Y
DP08516,Ananya B,Scooter,Part-time,4.22,Y
DP11031,Arjun W,Bike,Full-time,4.06,Y
DP03095,Rahul F,Cycle,Full-time,3.87,Y
DP10619,Santosh I,Scooter,Part-time,4.07,Y
DP12754,Sneha L,Bike,Full-time,3.75,Y
DP13153,Shreya M,Bike,Part-time,4.14,Y
DP09606,Nikhil H,Bike,Contract,4.57,Y
DP00654,Meena L,Bike,Part-time,3.86,N
DP11659,Ravi X,Scooter,Part-time,4.3,Y
DP13359,Rakesh T,Bike,Full-time,4.23,Y
DP00129,Priya O,Scooter,Part-time,3.89,Y
DP06891,Rahul O,Cycle,Contract,4.26,Y
DP01799,Vikas Z,Cycle,Part-time,3.97,N
DP07065,Santosh T,Cycle,Full-time,4.07,Y
DP09038,Ravi E,Bike,Full-time,3.96,Y
DP00634,Vikas T,Scooter,Full-time,4.26,Y
DP14193,Manoj M,Scooter,Full-time,4.28,Y
DP11042,Kiran G,Scooter,Part-time,4.4,Y
DP04935,Divya U,Scooter,Full-time,4.21,Y
DP06680,Rahul S,Cycle,Contract,3.7,N
DP00339,Nikhil Q,Scooter,Full-time,4.23,Y
DP05968,Suresh E,Scooter,Part-time,4.4,Y
DP13097,Amit W,Scooter,Full-time,4.56,Y
DP04945,Pooja G,Bike,Full-time,3.74,Y
DP00397,Divya J,Bike,Part-time,4.14,N
DP07076,Priya I,Bike,Part-time,4.15,N
DP08127,Rakesh P,Bike,Part-time,4.43,Y
DP01723,Priya P,Scooter,Full-time,3.86,Y
DP03575,Manoj A,Scooter,Full-time,3.98,Y
DP06419,Suresh D,Scooter,Contract,4.65,Y
DP02471,Shreya D,Scooter,Contract,4.29,Y
DP14701,Priya B,Cycle,Part-time,4.14,Y
DP09105,Divya E,Scooter,Contract,3.87,Y
DP09525,Vikas K,Cycle,Contract,4.37,Y
DP07261,Meena D,Cycle,Contract,4.42,Y
DP04369,Kiran I,Bike,Full-time,4.55,Y
DP05201,Manoj P,Scooter,Full-time,4.15,Y
DP09764,Meena R,Scooter,Full-time,4.77,Y
DP11100,Rahul E,Bike,Contract,4.05,Y
DP08732,Kiran E,Cycle,Full-time,4.35,Y
DP13496,Santosh R,Cycle,Contract,3.58,Y
DP00029,Ravi E,Scooter,Full-time,3.85,Y
DP09001,Pooja D,Cycle,Full-time,3.55,Y
DP07559,Santosh K,Cycle,Contract,3.86,Y
DP00315,Kiran O,Bike,Full-time,4.11,Y
DP10403,Manoj O,Cycle,Full-time,3.83,Y
DP08284,Rakesh T,Bike,Full-time,3.78,Y
DP14067,Shreya M,Bike,Part-time,3.9,Y
DP12477,Deepak I,Scooter,Full-time,4.26,Y
DP14330,Ananya W,Bike,Full-time,3.73,Y
DP07341,Priya E,Scooter,Full-time,3.94,Y
DP04558,Meena Q,Scooter,Full-time,4.1,Y
DP09684,Rakesh B,Scooter,Contract,4.06,Y
DP09624,Neha C,Scooter,Full-time,4.29,Y
DP03464,Arjun K,Cycle,Contract,4.77,Y
DP11327,Meena E,Bike,Part-time,4.46,Y
DP02756,Neha X,Scooter,Full-time,4.08,Y
DP03381,Rahul T,Bike,Contract,3.86,N
DP13556,Rakesh B,Bike,Contract,4.59,Y
DP01202,Suresh B,Bike,Full-time,3.94,Y
DP06909,Priya T,Bike,Contract,4.01,Y
DP07904,Divya M,Scooter,Contract,4.68,Y
DP06926,Divya B,Scooter,Full-time,4.17,Y
DP11478,Shreya S,Scooter,Part-time,4.1,Y
DP14315,Shreya C,Car,Part-time,4.24,Y
DP14146,Ananya A,Scooter,Contract,4.13,Y
DP06003,Deepak F,Car,Contract,3.97,Y
DP00702,Ananya Y,Bike,Part-time,4.11,Y
DP05130,Divya H,Scooter,Full-time,4.05,Y
DP14905,Suresh Y,Cycle,Part-time,4.19,Y
DP04104,Arjun H,Scooter,Full-time,4.71,Y
DP12515,Ravi K,Bike,Part-time,4.54,Y
DP00184,Divya R,Bike,Full-time,4.82,Y
DP09629,Santosh N,Bike,Part-time,4.01,Y
DP11095,Priya E,Bike,Part-time,4.22,N
DP13324,Vikas X,Scooter,Contract,4.36,N
DP05830,Sneha G,Bike,Full-time,4.5,Y
DP14474,Kiran Y,Cycle,Part-time,4.51,Y
DP05556,Pooja G,Scooter,Contract,3.54,Y
DP14342,Meena N,Bike,Full-time,4.46,Y
DP14670,Arjun W,Bike,Full-time,4.99,N
DP13436,Priya L,Bike,Full-time,4.35,Y
DP08433,Priya C,Bike,Contract,4.15,Y
DP05316,Arjun A,Bike,Full-time,4.18,Y
DP08946,Meena E,Scooter,Part-time,4.32,Y
DP08542,Arjun T,Scooter,Full-time,4.33,Y
DP10560,Deepak K,Bike,Full-time,4.31,Y
DP08057,Priya G,Scooter,Full-time,4.12,Y
DP07362,Amit K,Car,Full-time,4.41,Y
DP06031,Rakesh B,Car,Full-time,4.4,Y
DP02047,Amit S,Scooter,Full-time,3.99,Y
DP03089,Rahul E,Bike,Full-time,4,Y
DP05610,Vikas P,Cycle,Full-time,3.88,Y
DP08929,Priya K,Bike,Full-time,3.93,Y
DP03019,Sneha E,Bike,Part-time,4.48,Y
DP03179,Ravi A,Bike,Contract,4.1,Y
DP00321,Vikas X,Scooter,Part-time,4.56,Y
DP09163,Ravi S,Bike,Part-time,4.09,Y
DP06923,Deepak C,Bike,Full-time,4.25,Y
DP00065,Vikas F,Bike,Full-time,4.14,Y
DP11512,Suresh S,Cycle,Contract,4.5,Y
DP04263,Kiran B,Scooter,Full-time,4.05,Y
DP11012,Manoj D,Car,Full-time,4.25,Y
DP10163,Vikas W,Cycle,Full-time,3.96,Y
DP06442,Shreya K,Scooter,Part-time,4.23,Y
DP10899,Neha N,Scooter,Contract,4,Y
DP11093,Santosh Z,Cycle,Contract,3.85,Y
DP11218,Suresh A,Bike,Contract,4.44,Y
DP13253,Neha V,Scooter,Contract,4.34,Y
DP02773,Ananya M,Scooter,Part-time,4.83,Y
DP02147,Meena X,Car,Part-time,4.69,Y
DP04941,Shreya W,Car,Full-time,4.16,Y
DP06686,Suresh B,Bike,Contract,4.43,Y
DP13641,Amit Z,Bike,Part-time,4.18,Y
DP09059,Manoj R,Scooter,Contract,3.8,Y
DP08149,Suresh T,Bike,Part-time,4.26,Y
DP12639,Neha T,Cycle,Full-time,4.44,Y
DP06013,Neha M,Bike,Full-time,4.68,Y
DP12993,Ananya M,Scooter,Part-time,4.04,Y
DP14898,Arjun P,Bike,Full-time,3.92,Y
DP06175,Nikhil B,Scooter,Full-time,3.85,N
DP01302,Neha Y,Bike,Part-time,4.05,Y
DP03393,Amit F,Bike,Full-time,3.99,N
DP08922,Ravi I,Scooter,Contract,4.03,Y
DP03297,Ravi J,Bike,Contract,4.55,Y
DP00019,Ananya C,Scooter,Full-time,4.41,Y
DP00788,Neha M,Scooter,Full-time,3.87,Y
DP07391,Pooja T,Scooter,Contract,4.78,Y
DP12352,Meena W,Cycle,Part-time,4.16,Y
DP09723,Ravi U,Scooter,Contract,4.39,Y
DP12421,Sneha K,Scooter,Full-time,4.13,N
DP06895,Vikas W,Bike,Part-time,4.33,Y
DP04311,Neha T,Scooter,Full-time,3.92,Y
DP02615,Divya D,Bike,Full-time,4.34,Y
DP08097,Nikhil H,Bike,Full-time,4.57,Y
DP08221,Vikas B,Car,Part-time,3.7,Y
DP13362,Amit K,Scooter,Full-time,4.45,Y
DP00264,Rakesh Q,Bike,Part-time,4.05,N
DP12969,Meena J,Bike,Full-time,4.24,Y
DP13886,Ravi G,Scooter,Part-time,4.08,Y
DP08025,Rakesh F,Bike,Part-time,4.18,Y
DP07561,Suresh A,Bike,Full-time,3.65,Y
DP05059,Shreya G,Cycle,Part-time,4.02,Y
DP01952,Ravi K,Scooter,Full-time,4.77,N
DP04532,Vikas J,Bike,Contract,4.12,N
DP11248,Priya Z,Bike,Part-time,4.07,Y
DP14131,Santosh P,Bike,Part-time,4.48,Y
DP06205,Shreya S,Scooter,Contract,4.34,Y
DP04162,Rahul R,Scooter,Full-time,4.16,N
DP04522,Suresh I,Bike,Part-time,4.28,N
DP02461,Suresh Q,Scooter,Full-time,3.94,Y
DP02945,Vikas W,Bike,Full-time,3.8,Y
DP13558,Ravi O,Bike,Full-time,4.47,Y
DP06723,Rakesh F,Bike,Full-time,4.51,Y
DP01140,Ravi I,Bike,Full-time,4.2,Y
DP09095,Shreya Z,Scooter,Part-time,4.32,Y
DP10680,Amit X,Car,Full-time,4.39,Y
DP04721,Arjun W,Scooter,Part-time,4.47,Y
DP09783,Shreya A,Scooter,Contract,4.28,Y
DP05172,Manoj H,Bike,Part-time,4.57,Y
DP05449,Manoj U,Cycle,Full-time,4.53,Y
DP09184,Nikhil U,Bike,Full-time,4.14,N
DP08717,Arjun I,Scooter,Full-time,4.46,Y
DP10641,Neha T,Cycle,Full-time,4.04,Y
DP05942,Priya H,Bike,Full-time,4.44,Y
DP13632,Divya F,Scooter,Full-time,4.26,Y
DP05728,Priya U,Scooter,Full-time,4.24,Y
DP09673,Kiran K,Scooter,Part-time,4.42,Y
DP09516,Deepak M,Bike,Part-time,4.21,Y
DP02835,Arjun X,Scooter,Full-time,4.23,Y
DP00557,Deepak G,Bike,Part-time,4.32,Y
DP14369,Santosh H,Scooter,Full-time,3.93,Y
DP02073,Sneha D,Scooter,Full-time,3.5,Y
DP08110,Amit H,Scooter,Part-time,4.9,Y
DP09718,Vikas T,Bike,Full-time,4.41,Y
DP00504,Amit M,Cycle,Part-time,4.47,Y
DP06004,Rakesh W,Cycle,Full-time,4.45,Y
DP06540,Nikhil A,Car,Part-time,4.31,Y
DP04090,Rahul C,Scooter,Part-time,3.64,Y
DP14828,Amit O,Cycle,Contract,4.16,N
DP11607,Ravi L,Scooter,Full-time,4.33,Y
DP09731,Neha N,Bike,Part-time,4.56,Y
DP06475,Deepak Y,Bike,Full-time,4.13,Y
DP04438,Neha N,Cycle,Full-time,4.05,Y
DP04812,Neha D,Scooter,Part-time,4.5,Y
DP10290,Rahul L,Scooter,Contract,4.14,Y
DP04555,Arjun W,Scooter,Part-time,4.57,Y
DP12338,Amit T,Bike,Contract,3.91,Y
DP07896,Deepak D,Scooter,Part-time,4.16,Y
DP13370,Amit F,Bike,Contract,4.39,N
DP06728,Kiran Y,Bike,Part-time,3.89,Y
DP13388,Priya V,Scooter,Contract,4.64,Y
DP08602,Manoj C,Bike,Full-time,4.32,Y
DP08496,Neha M,Cycle,Full-time,4.27,Y
DP06526,Ravi D,Scooter,Full-time,4.05,Y
DP02746,Sneha P,Scooter,Full-time,3.82,Y
DP06753,Suresh J,Bike,Full-time,4.2,Y
DP04122,Divya P,Scooter,Part-time,4.27,N
DP14913,Manoj K,Cycle,Full-time,4.33,Y
DP09552,Manoj C,Cycle,Part-time,4.44,Y
DP14302,Nikhil W,Scooter,Part-time,4.26,Y
DP00571,Suresh I,Bike,Full-time,3.93,Y
DP03826,Ravi M,Scooter,Part-time,4.34,Y
DP08953,Ravi Z,Scooter,Part-time,4.34,Y
DP13553,Suresh A,Car,Full-time,3.91,Y
DP09197,Rahul K,Cycle,Full-time,4.19,Y
DP03204,Nikhil N,Bike,Full-time,4.13,N
DP07345,Rahul V,Scooter,Part-time,3.68,Y
DP12492,Shreya F,Scooter,Full-time,4.09,Y
DP00134,Suresh F,Scooter,Part-time,4.54,N
DP06591,Suresh M,Bike,Part-time,4.22,N
DP05987,Suresh W,Car,Contract,4.65,Y
DP09386,Rahul Z,Bike,Contract,4.85,N
DP14736,Sneha R,Scooter,Contract,4.44,Y
DP00138,Kiran M,Cycle,Contract,4.18,Y
DP05277,Ravi Z,Scooter,Full-time,4.27,Y
DP07741,Arjun H,Cycle,Contract,4.49,Y
DP08020,Priya M,Cycle,Full-time,4.52,N
DP08899,Santosh I,Scooter,Part-time,4.28,Y
DP11272,Kiran K,Scooter,Full-time,4.37,Y
DP08632,Pooja N,Bike,Part-time,3.66,Y
DP14778,Nikhil B,Cycle,Contract,3.96,Y
DP07709,Kiran C,Scooter,Contract,4.12,Y
DP12393,Deepak Q,Bike,Full-time,3.86,Y
DP12031,Priya O,Scooter,Part-time,4.55,Y
DP07730,Deepak Z,Bike,Contract,4.67,Y
DP04920,Amit C,Bike,Contract,3.98,Y
DP11700,Kiran N,Bike,Contract,4.39,Y
DP14494,Pooja G,Bike,Part-time,4.06,Y
DP13377,Priya K,Cycle,Part-time,4.17,Y
DP08981,Sneha I,Bike,Part-time,4.18,N
DP06240,Neha Q,Scooter,Contract,3.78,N
DP06103,Arjun U,Cycle,Full-time,4.58,Y
DP01510,Suresh E,Bike,Contract,4.49,Y
DP02466,Nikhil J,Scooter,Part-time,4.62,Y
DP02932,Amit B,Cycle,Full-time,4.36,Y
DP08489,Sneha R,Cycle,Full-time,4.13,Y
DP13980,Shreya X,Scooter,Contract,4.86,Y
DP02549,Santosh C,Bike,Full-time,3.88,Y
DP08897,Nikhil H,Bike,Full-time,4.36,Y
DP10734,Pooja C,Cycle,Contract,3.67,Y
DP14511,Kiran Y,Bike,Part-time,4.63,Y
DP13376,Sneha Q,Car,Contract,4.64,Y
DP03930,Rahul P,Bike,Part-time,4.37,N
DP06954,Neha E,Scooter,Full-time,4.27,Y
DP12416,Rahul E,Scooter,Contract,4.55,Y
DP09725,Meena W,Bike,Contract,4.01,N
DP05852,Manoj B,Scooter,Contract,4.75,N
DP04687,Shreya N,Scooter,Part-time,4.11,N
DP00291,Sneha M,Scooter,Part-time,3.83,Y
DP00101,Manoj T,Cycle,Contract,3.91,Y
DP05562,Suresh D,Bike,Full-time,4.17,Y
DP06761,Amit E,Cycle,Contract,3.65,Y
DP08185,Pooja V,Bike,Contract,4.28,Y
DP04845,Neha W,Scooter,Full-time,4.49,Y
DP01420,Deepak T,Car,Full-time,4.06,Y
DP01975,Nikhil B,Bike,Part-time,3.89,Y
DP03719,Suresh J,Scooter,Part-time,4.29,Y
DP10052,Sneha L,Car,Contract,4.4,Y
DP10800,Divya F,Scooter,Contract,3.96,Y
DP11739,Meena U,Bike,Part-time,4.04,Y
DP06008,Rakesh Z,Bike,Full-time,4.41,Y
DP00453,Rahul J,Bike,Part-time,3.82,Y
DP05425,Pooja J,Scooter,Full-time,4.19,Y
DP11817,Deepak I,Bike,Full-time,3.99,Y
DP00880,Ravi W,Cycle,Part-time,4.28,Y
DP05193,Ravi P,Scooter,Part-time,4.24,N
DP06840,Ravi G,Scooter,Part-time,4.57,Y
DP05438,Nikhil B,Scooter,Part-time,4.01,Y
DP05398,Kiran B,Cycle,Part-time,3.86,Y
DP03356,Rahul U,Scooter,Full-time,4.38,Y
DP05751,Vikas J,Scooter,Full-time,4.34,Y
DP11490,Pooja V,Cycle,Full-time,4.11,Y
DP05763,Ravi O,Cycle,Contract,4.78,Y
DP10517,Rakesh Q,Scooter,Part-time,4.05,Y
DP14427,Pooja K,Bike,Contract,4.3,Y
DP14320,Meena F,Cycle,Part-time,4.08,Y
DP07757,Santosh A,Scooter,Full-time,4.16,Y
DP00829,Vikas E,Cycle,Full-time,4.45,Y
DP01340,Sneha K,Bike,Full-time,4.13,Y
DP07022,Sneha Q,Scooter,Full-time,3.75,N
DP12274,Santosh Y,Cycle,Contract,4.48,Y
DP07402,Pooja M,Bike,Full-time,3.97,Y
DP02089,Kiran K,Cycle,Contract,3.91,Y
DP14651,Kiran W,Scooter,Full-time,3.96,N
DP04999,Priya B,Scooter,Full-time,4.31,Y
DP01795,Manoj P,Scooter,Contract,4.45,N
DP13687,Suresh H,Bike,Contract,4.56,N
DP09363,Rakesh L,Scooter,Part-time,4.32,Y
DP10469,Manoj F,Scooter,Full-time,4.17,Y
DP13700,Deepak B,Scooter,Contract,4.35,N
DP07830,Neha A,Cycle,Full-time,4.17,N
DP04679,Divya O,Scooter,Full-time,4.1,Y
DP14214,Deepak U,Car,Full-time,4.31,Y
DP00498,Ananya M,Scooter,Full-time,4.61,Y
DP00637,Divya P,Bike,Full-time,4.41,N
DP07742,Kiran A,Bike,Contract,4.23,Y
DP04103,Pooja K,Cycle,Full-time,4.18,Y
DP03681,Deepak G,Scooter,Full-time,4.65,Y
DP03151,Sneha O,Scooter,Part-time,4.3,Y
DP05960,Neha K,Cycle,Contract,4.01,Y
DP03586,Meena T,Scooter,Full-time,4.35,Y
DP05109,Priya E,Bike,Full-time,4.25,Y
DP00719,Sneha O,Bike,Full-time,4.02,Y
DP04254,Santosh J,Scooter,Full-time,4.1,Y
DP10685,Pooja B,Cycle,Part-time,4.29,Y
DP11420,Divya Q,Bike,Part-time,4.37,Y
DP10955,Amit J,Bike,Full-time,4.25,Y
DP03768,Neha U,Bike,Full-time,4.05,Y
DP10353,Divya S,Scooter,Full-time,4.09,Y
DP06317,Ananya K,Bike,Part-time,3.79,Y
DP05142,Priya V,Bike,Full-time,4.14,Y
DP02811,Ananya S,Scooter,Part-time,4.43,Y
DP07673,Rakesh S,Bike,Part-time,4.29,Y
DP13308,Pooja B,Scooter,Full-time,3.87,Y
DP01994,Ananya E,Bike,Part-time,4.41,Y
DP08415,Deepak T,Car,Full-time,4.26,Y
DP08941,Divya K,Scooter,Contract,3.75,Y
DP02099,Meena V,Bike,Contract,4.37,Y
DP11814,Sneha M,Cycle,Full-time,4.11,Y
DP01808,Neha A,Bike,Contract,4.42,Y
DP08115,Rahul F,Scooter,Full-time,4.21,Y
DP13497,Divya A,Scooter,Full-time,4.59,Y
DP04148,Priya D,Bike,Part-time,4.5,Y
DP00787,Kiran B,Bike,Part-time,4.62,Y
DP10400,Deepak V,Bike,Full-time,4.61,Y
DP14305,Pooja Q,Scooter,Part-time,3.99,Y
DP08254,Arjun K,Cycle,Part-time,4.26,Y
DP04333,Divya E,Scooter,Part-time,4.35,Y
DP06165,Suresh Z,Scooter,Contract,4.19,Y
DP01293,Amit V,Cycle,Full-time,4.56,Y
DP05517,Santosh O,Cycle,Full-time,4.1,Y
DP03481,Amit V,Bike,Full-time,4.06,Y
DP11388,Pooja L,Scooter,Contract,3.94,Y
DP06828,Divya C,Bike,Contract,3.85,Y
DP09995,Pooja H,Cycle,Contract,4.28,Y
DP12830,Suresh P,Car,Full-time,4.18,Y
DP04535,Amit Z,Scooter,Full-time,4.76,Y
DP01240,Ravi K,Scooter,Full-time,3.92,Y
DP08882,Rakesh Q,Scooter,Part-time,3.97,Y
DP02849,Pooja C,Scooter,Full-time,4.44,Y
DP03679,Amit F,Cycle,Part-time,3.69,N
DP05374,Deepak T,Bike,Full-time,4.34,N
DP11674,Santosh G,Scooter,Full-time,4.33,Y
DP01029,Arjun T,Bike,Contract,3.81,Y
DP10191,Arjun G,Car,Contract,3.63,Y
DP12260,Kiran S,Bike,Part-time,4.25,Y
DP14328,Sneha Q,Cycle,Full-time,4.63,Y
DP01758,Amit J,Bike,Full-time,4.11,Y
DP14697,Divya J,Cycle,Part-time,4.56,Y
DP13188,Meena G,Scooter,Full-time,4.05,N
DP01965,Sneha Q,Scooter,Full-time,4.43,N
DP09397,Meena Y,Bike,Part-time,4.34,Y
DP08714,Ravi J,Car,Full-time,4.45,Y
DP10083,Arjun Z,Bike,Full-time,4.22,Y
DP04643,Ananya T,Scooter,Part-time,3.77,Y
DP04752,Rakesh C,Scooter,Part-time,4.3,Y
DP09026,Santosh K,Bike,Part-time,4.17,Y
DP07441,Sneha Z,Car,Contract,3.95,Y
DP09650,Nikhil B,Bike,Full-time,4.45,Y
DP14383,Nikhil D,Bike,Part-time,3.99,Y
DP00093,Meena L,Scooter,Part-time,4.32,Y
DP09669,Rahul K,Scooter,Part-time,3.59,Y
DP02188,Vikas K,Scooter,Full-time,4.44,Y
DP07841,Nikhil L,Bike,Full-time,4.6,Y
DP12344,Vikas Z,Bike,Part-time,3.64,Y
DP03491,Santosh Y,Cycle,Contract,4.62,Y
DP00727,Rakesh F,Scooter,Contract,3.89,Y
DP00998,Vikas D,Bike,Full-time,4.53,Y
DP04367,Vikas C,Scooter,Full-time,3.96,Y
DP02241,Arjun E,Bike,Full-time,3.99,Y
DP06387,Priya R,Scooter,Full-time,4.48,Y
DP09400,Rakesh H,Car,Full-time,4.17,Y
DP09052,Kiran F,Bike,Full-time,4.38,Y
DP01012,Shreya S,Bike,Full-time,3.93,Y
DP05031,Amit Z,Bike,Full-time,3.82,Y
DP14233,Deepak Q,Bike,Full-time,4.43,Y
DP03632,Nikhil K,Scooter,Part-time,4.15,Y
DP07931,Suresh S,Scooter,Contract,3.69,Y
DP05994,Nikhil T,Cycle,Part-time,4.18,Y
DP06985,Neha W,Car,Contract,4.26,Y
DP11183,Santosh V,Scooter,Full-time,4.66,Y
DP11872,Ravi C,Scooter,Part-time,4.35,N
DP08114,Arjun J,Scooter,Full-time,4.5,Y
DP00302,Vikas P,Scooter,Contract,4.15,N
DP05539,Rahul T,Car,Full-time,4.11,Y
DP04617,Kiran A,Scooter,Contract,3.89,N
DP09019,Divya V,Cycle,Part-time,4.12,Y
DP07659,Neha D,Cycle,Full-time,4.56,Y
DP08087,Sneha B,Bike,Part-time,4.28,Y
DP01967,Vikas A,Scooter,Full-time,3.97,Y
DP02277,Neha J,Scooter,Part-time,3.64,Y
DP08118,Divya O,Bike,Full-time,4.44,Y
DP01849,Rakesh H,Cycle,Contract,4.1,Y
DP06202,Suresh Q,Scooter,Full-time,4.18,Y
DP07381,Manoj T,Bike,Contract,4.48,Y
DP06750,Sneha D,Cycle,Full-time,4.16,Y
DP00759,Sneha E,Bike,Part-time,4.08,Y
DP06866,Rakesh T,Scooter,Contract,4.38,N
DP09393,Divya N,Scooter,Full-time,4.35,Y
DP04306,Suresh B,Scooter,Part-time,4.18,Y
DP10791,Vikas Z,Bike,Full-time,4.54,Y
DP11893,Arjun L,Scooter,Full-time,4.2,Y
DP11835,Amit K,Scooter,Part-time,4.43,Y
DP02154,Manoj E,Scooter,Full-time,3.79,Y
DP01812,Rahul P,Bike,Part-time,4.09,Y
DP12977,Neha V,Scooter,Full-time,4.24,Y
DP06547,Arjun K,Car,Part-time,4.39,Y
DP10709,Manoj Y,Bike,Full-time,3.19,Y
DP02343,Ravi S,Cycle,Part-time,4.27,Y
DP12396,Sneha S,Scooter,Full-time,4.18,N
DP05278,Kiran N,Bike,Part-time,3.8,Y
DP10989,Ananya Z,Bike,Part-time,4.49,N
DP03902,Meena U,Scooter,Full-time,3.98,Y
DP05377,Kiran A,Cycle,Full-time,3.73,N
DP12077,Neha C,Bike,Part-time,3.91,Y
DP11051,Deepak U,Bike,Full-time,4.26,Y
DP06135,Meena D,Scooter,Part-time,4.01,Y
DP11155,Vikas M,Bike,Full-time,4.17,Y
DP08728,Arjun Y,Scooter,Full-time,4.75,Y
DP02046,Nikhil R,Cycle,Contract,4.11,Y
DP01018,Ravi N,Bike,Part-time,4.05,Y
DP02301,Ananya E,Bike,Full-time,3.85,Y
DP13610,Arjun L,Bike,Full-time,5,Y
DP06207,Neha L,Scooter,Full-time,3.93,Y
DP12332,Divya J,Bike,Contract,4.38,N
DP09840,Neha C,Bike,Part-time,4.29,Y
DP07805,Sneha R,Cycle,Full-time,4.29,Y
DP01363,Amit U,Bike,Full-time,4.02,Y
DP07252,Kiran W,Scooter,Contract,4.31,Y
DP03652,Rahul O,Bike,Full-time,4.89,N
DP06622,Deepak Q,Car,Full-time,4.27,Y
DP07532,Rahul F,Bike,Part-time,4.25,Y
DP04906,Shreya N,Scooter,Full-time,3.7,Y
DP00473,Nikhil C,Bike,Full-time,4.09,Y
DP05081,Suresh W,Bike,Full-time,3.91,Y
DP09998,Rahul N,Scooter,Full-time,4.2,Y
DP00861,Pooja D,Bike,Part-time,4.26,Y
DP04419,Deepak M,Cycle,Contract,4.4,Y
DP00672,Amit L,Bike,Full-time,3.74,Y
DP08137,Manoj X,Bike,Full-time,4.33,Y
DP12163,Suresh C,Scooter,Contract,4.62,Y
DP07760,Sneha G,Scooter,Full-time,4.53,Y
DP07365,Arjun T,Bike,Contract,3.79,Y
DP02621,Arjun I,Cycle,Part-time,4.64,Y
DP07230,Sneha V,Scooter,Contract,4.68,Y
DP12657,Rahul A,Scooter,Contract,3.79,Y
DP03277,Amit B,Cycle,Full-time,3.91,Y
DP09698,Kiran I,Cycle,Full-time,4.17,Y
DP09729,Neha O,Scooter,Part-time,3.81,Y
DP02543,Pooja G,Bike,Part-time,4.08,N
DP03308,Meena O,Cycle,Part-time,4.21,Y
DP14803,Ananya C,Scooter,Part-time,4.02,Y
DP05401,Suresh T,Scooter,Full-time,3.73,Y
DP14595,Meena B,Bike,Contract,3.87,Y
DP12413,Kiran O,Car,Full-time,4,N
DP12365,Ananya Y,Scooter,Contract,4.21,Y
DP10049,Arjun B,Scooter,Full-time,3.84,Y
DP14379,Rakesh N,Bike,Full-time,3.69,Y
DP02228,Arjun P,Car,Full-time,4.12,Y
DP11792,Meena R,Scooter,Full-time,4.04,Y
DP03929,Priya X,Cycle,Contract,4.2,Y
DP00295,Vikas I,Bike,Contract,4.67,Y
DP02308,Rakesh W,Bike,Full-time,3.98,Y
DP08485,Amit Q,Scooter,Part-time,4.23,Y
DP01928,Ananya I,Bike,Full-time,4.38,Y
DP06531,Meena V,Scooter,Part-time,3.98,Y
DP02179,Amit Q,Scooter,Full-time,4.42,Y
DP12321,Vikas Z,Scooter,Part-time,4.35,N
DP02656,Sneha X,Cycle,Contract,4.44,Y
DP10857,Shreya U,Bike,Full-time,3.87,Y
DP13360,Rahul R,Scooter,Full-time,4.1,Y
DP01000,Santosh O,Bike,Contract,4.54,Y
DP00323,Ravi H,Scooter,Full-time,4.5,Y
DP05366,Arjun M,Bike,Full-time,4.14,Y
DP12287,Neha H,Cycle,Contract,4.02,Y
DP00325,Amit J,Cycle,Contract,3.9,Y
DP03050,Neha Q,Bike,Full-time,3.91,N
DP01868,Amit G,Scooter,Full-time,4.46,Y
DP09476,Shreya X,Bike,Full-time,4.45,Y
DP05221,Ravi G,Scooter,Part-time,4.2,N
DP11017,Amit B,Scooter,Full-time,3.65,N
DP07978,Nikhil G,Bike,Full-time,4.09,N
DP04270,Santosh E,Bike,Contract,3.7,Y
DP11927,Nikhil Q,Cycle,Part-time,4.1,Y
DP06826,Rahul E,Cycle,Full-time,4.16,Y
DP13134,Vikas E,Cycle,Part-time,4.16,N
DP13782,Pooja P,Scooter,Full-time,4.45,Y
DP11443,Meena V,Bike,Full-time,4.13,Y
DP14559,Kiran K,Car,Full-time,4.04,Y
DP10230,Sneha C,Car,Full-time,4.84,Y
DP09929,Pooja O,Scooter,Part-time,4.25,Y
DP12444,Deepak W,Scooter,Full-time,3.85,Y
DP05214,Divya A,Bike,Full-time,4.36,Y
DP09862,Neha G,Scooter,Contract,4.05,Y
DP05080,Vikas S,Scooter,Full-time,4.2,Y
DP01312,Rahul V,Car,Part-time,4.8,Y
DP05397,Divya F,Scooter,Full-time,4.12,N
DP11878,Deepak X,Bike,Part-time,4.36,Y
DP03903,Kiran L,Car,Part-time,4.36,Y
DP01532,Suresh K,Bike,Full-time,4.62,Y
DP05362,Rakesh C,Scooter,Full-time,4.22,N
DP00969,Amit U,Scooter,Full-time,4.17,Y
DP06971,Priya K,Cycle,Full-time,4.1,N
DP08235,Suresh Z,Scooter,Full-time,4.06,N
DP00429,Priya R,Bike,Full-time,4.22,Y
DP06632,Ananya V,Bike,Full-time,4.18,N
DP01692,Neha G,Cycle,Full-time,3.71,Y
DP04309,Suresh U,Scooter,Full-time,4.05,Y
DP11847,Sneha C,Cycle,Full-time,4,Y
DP14842,Shreya R,Bike,Full-time,4.33,Y
DP11224,Priya Y,Car,Contract,4.49,Y
DP12402,Manoj D,Bike,Full-time,4.31,Y
DP14661,Ravi M,Scooter,Contract,4.08,Y
DP04772,Deepak L,Bike,Contract,4.12,Y
DP05123,Deepak T,Cycle,Part-time,4.25,Y
DP03916,Ananya X,Car,Part-time,4.01,Y
DP04107,Deepak T,Bike,Full-time,4.57,N
DP00705,Vikas A,Bike,Part-time,4.34,N
DP09909,Sneha K,Bike,Full-time,4.19,Y
DP08650,Shreya S,Bike,Part-time,4.63,Y
DP07952,Vikas H,Bike,Full-time,4.31,Y
DP13784,Rahul Q,Scooter,Contract,4.24,Y
DP02683,Manoj T,Bike,Contract,4.11,Y
DP09018,Suresh Q,Scooter,Full-time,4.48,Y
DP08363,Shreya Z,Bike,Part-time,4.16,Y
DP14056,Rahul J,Cycle,Part-time,4.3,Y
DP10809,Kiran S,Bike,Full-time,3.81,Y
DP10022,Pooja D,Bike,Full-time,4.82,Y
DP11346,Vikas C,Cycle,Part-time,3.82,Y
DP10647,Neha Q,Bike,Full-time,4.03,Y
DP08298,Neha U,Cycle,Full-time,4.25,Y
DP00761,Ravi P,Scooter,Full-time,4.14,Y
DP08155,Meena T,Scooter,Part-time,4.18,Y
DP09613,Neha J,Scooter,Full-time,4.16,Y
DP11293,Manoj J,Bike,Full-time,4.45,Y
DP09748,Santosh J,Bike,Full-time,4.29,N
DP03501,Priya N,Bike,Full-time,3.96,Y
DP09245,Vikas N,Bike,Full-time,4.02,Y
DP05437,Amit V,Bike,Full-time,4.24,Y
DP04119,Manoj L,Bike,Full-time,3.97,Y
DP01877,Arjun C,Cycle,Part-time,4.1,Y
DP06200,Kiran T,Scooter,Part-time,4.62,Y
DP10536,Kiran M,Bike,Full-time,4.37,Y
DP11024,Pooja G,Scooter,Full-time,4.38,Y
DP09274,Deepak Y,Scooter,Full-time,4.28,Y
DP12791,Suresh I,Scooter,Full-time,3.83,Y
DP07396,Rakesh M,Scooter,Contract,4.07,Y
DP11757,Neha N,Bike,Full-time,3.67,N
DP01026,Kiran F,Scooter,Part-time,4.28,Y
DP07250,Meena T,Cycle,Full-time,4.01,Y
DP14612,Ravi R,Bike,Full-time,4.23,Y
DP02681,Ravi C,Bike,Full-time,4.03,Y
DP00416,Priya X,Bike,Full-time,4.56,Y
DP11077,Nikhil J,Scooter,Part-time,4.72,Y
DP04009,Vikas O,Bike,Full-time,4.45,Y
DP14754,Priya Z,Bike,Part-time,4.29,Y
DP11437,Divya N,Scooter,Contract,4.09,Y
DP06515,Pooja W,Scooter,Contract,4.51,Y
DP04751,Meena O,Scooter,Contract,4.3,N
DP12217,Shreya G,Scooter,Part-time,4.05,Y
DP06726,Vikas D,Cycle,Part-time,3.83,Y
DP04947,Rahul X,Cycle,Full-time,4.55,Y
DP03611,Manoj W,Car,Part-time,4.08,N
DP06608,Neha Y,Bike,Full-time,3.88,Y
DP02409,Arjun O,Bike,Full-time,4.68,Y
DP06817,Rakesh I,Scooter,Full-time,4.12,N
DP13379,Priya Q,Cycle,Part-time,4.19,N
DP02815,Arjun Q,Bike,Part-time,4.32,Y
DP07688,Rahul F,Bike,Contract,4.01,Y
DP00974,Rahul P,Cycle,Full-time,4.29,Y
DP12020,Shreya U,Bike,Full-time,4.22,Y
DP12193,Priya S,Cycle,Full-time,4.3,Y
DP03845,Amit A,Cycle,Full-time,4.77,Y
DP13189,Arjun H,Scooter,Part-time,4.27,Y
DP05032,Shreya T,Scooter,Contract,4.27,Y
DP01021,Divya H,Cycle,Full-time,3.98,Y
DP02719,Kiran V,Bike,Full-time,4.23,Y
DP09085,Deepak V,Bike,Full-time,4.45,Y
DP05820,Manoj O,Cycle,Full-time,3.99,N
DP01076,Rakesh B,Cycle,Contract,4.07,Y
DP06777,Divya Z,Bike,Part-time,4.72,N
DP07921,Suresh T,Scooter,Full-time,4.38,Y
DP05013,Pooja O,Bike,Full-time,4.17,Y
DP09481,Deepak P,Scooter,Full-time,4.27,Y
DP08943,Nikhil J,Cycle,Full-time,4.36,Y
DP08258,Nikhil B,Scooter,Contract,4.28,Y
DP07336,Arjun V,Bike,Full-time,3.92,Y
DP07450,Ravi Z,Cycle,Part-time,4.21,N
DP05984,Suresh M,Scooter,Full-time,3.95,Y
DP06767,Arjun Y,Scooter,Contract,4.05,N
DP03370,Ravi M,Scooter,Full-time,4.38,Y
DP09482,Deepak D,Car,Full-time,4.21,Y
DP13799,Amit B,Scooter,Full-time,3.81,Y
DP00450,Neha K,Bike,Part-time,4.6,Y
DP08262,Neha H,Bike,Part-time,4.31,Y
DP04093,Ananya L,Scooter,Full-time,4.67,N
DP06020,Amit N,Bike,Full-time,3.95,Y
DP06349,Ananya A,Scooter,Contract,4.04,Y
DP08264,Pooja P,Bike,Full-time,3.99,Y
DP10535,Ravi S,Bike,Contract,4.23,Y
DP10173,Arjun W,Cycle,Full-time,4.49,Y
DP11320,Nikhil A,Scooter,Contract,4.08,N
DP09359,Nikhil I,Bike,Part-time,4.31,N
DP14928,Pooja W,Bike,Full-time,3.93,Y
DP12594,Kiran P,Bike,Full-time,4,N
DP01882,Rakesh E,Bike,Contract,4.17,Y
DP06762,Divya W,Bike,Full-time,4.08,Y
DP01504,Meena S,Bike,Part-time,4.25,Y
DP12660,Rakesh O,Scooter,Full-time,4.01,Y
DP10953,Pooja G,Scooter,Full-time,3.53,N
DP04803,Vikas J,Cycle,Part-time,4.01,Y
DP03208,Meena J,Bike,Full-time,3.48,Y
DP08072,Rahul N,Bike,Full-time,4.24,N
DP05869,Pooja I,Bike,Full-time,4.04,Y
DP07833,Kiran H,Bike,Full-time,3.8,Y
DP12668,Ananya M,Scooter,Part-time,3.59,Y
DP14516,Vikas F,Scooter,Full-time,4.26,Y
DP11571,Manoj L,Scooter,Full-time,4.36,Y
DP11986,Vikas T,Scooter,Full-time,3.75,Y
DP12688,Rakesh X,Cycle,Part-time,3.96,N
DP01171,Pooja E,Bike,Full-time,4.14,Y
DP01316,Pooja I,Bike,Contract,4.39,Y
DP07472,Suresh Y,Cycle,Full-time,4.49,Y
DP13044,Deepak K,Scooter,Full-time,4.47,Y
DP06209,Pooja I,Bike,Full-time,4.13,Y
DP09690,Rahul D,Scooter,Contract,4.43,Y
DP11797,Meena F,Scooter,Contract,4.43,Y
DP06699,Priya X,Bike,Full-time,4.25,Y
DP11783,Suresh F,Scooter,Contract,4.57,N
DP14108,Amit Z,Cycle,Part-time,4.41,N
DP13545,Meena M,Bike,Full-time,4.3,N
DP11338,Rahul C,Scooter,Full-time,4.04,Y
DP13530,Suresh Y,Scooter,Contract,4.02,Y
DP09247,Sneha H,Bike,Full-time,4.05,Y
DP09403,Arjun V,Bike,Part-time,4.26,Y
DP10546,Kiran L,Bike,Part-time,3.98,Y
DP02451,Sneha K,Bike,Full-time,3.5,Y
DP02989,Amit D,Scooter,Full-time,4.36,Y
DP10058,Pooja S,Scooter,Full-time,4.22,Y
DP02097,Amit T,Bike,Part-time,4.26,Y
DP03435,Divya R,Bike,Full-time,4.24,Y
DP11179,Priya Y,Bike,Full-time,4.08,Y
DP13132,Amit Y,Scooter,Full-time,4.06,Y
DP05896,Ananya F,Scooter,Contract,4.25,Y
DP13364,Rakesh J,Scooter,Contract,4.28,Y
DP00243,Rakesh H,Bike,Part-time,3.33,N
DP01410,Divya Z,Scooter,Contract,4.36,Y
DP11549,Rahul H,Scooter,Full-time,3.85,Y
DP07312,Santosh Q,Car,Full-time,4.22,Y
DP09675,Santosh L,Scooter,Full-time,4.5,Y
DP10093,Pooja R,Scooter,Part-time,4.62,Y
DP02324,Divya C,Cycle,Full-time,4.53,Y
DP00621,Meena L,Bike,Full-time,4.55,Y
DP06935,Meena M,Bike,Full-time,4.48,Y
DP13954,Rahul T,Bike,Full-time,3.92,Y
DP12923,Sneha U,Cycle,Contract,4.01,Y
DP07073,Vikas W,Bike,Part-time,4.45,N
DP08583,Neha W,Car,Part-time,4.26,Y
DP13602,Manoj R,Scooter,Full-time,4.51,Y
DP08161,Ananya K,Bike,Part-time,4,Y
DP06802,Rakesh E,Bike,Part-time,4.41,Y
DP06670,Amit R,Scooter,Full-time,4.46,Y
DP14464,Vikas Z,Scooter,Full-time,4.74,Y
DP01744,Shreya Y,Bike,Full-time,4.32,Y
DP06435,Kiran L,Bike,Part-time,3.85,Y
DP06841,Pooja W,Bike,Full-time,4.59,Y
DP08191,Rakesh F,Bike,Part-time,4.14,Y
DP06986,Neha A,Bike,Full-time,4.34,Y
DP02983,Deepak J,Bike,Full-time,3.76,N
DP13208,Shreya B,Scooter,Full-time,4.81,Y
DP12411,Arjun F,Cycle,Full-time,4.03,Y
DP14356,Sneha P,Bike,Contract,4.3,Y
DP05476,Amit A,Scooter,Contract,3.94,Y
DP09125,Arjun N,Bike,Part-time,3.74,Y
DP14500,Nikhil I,Scooter,Part-time,4.25,Y
DP13519,Pooja M,Bike,Part-time,3.98,N
DP04414,Nikhil W,Car,Contract,4.58,Y
DP09561,Vikas V,Bike,Part-time,3.97,Y
DP12973,Manoj G,Bike,Full-time,4.42,Y
DP01743,Rakesh U,Scooter,Full-time,3.96,Y
DP12434,Rakesh G,Cycle,Contract,3.73,Y
DP01674,Priya D,Cycle,Full-time,3.47,Y
DP13439,Sneha Z,Cycle,Part-time,4.05,Y
DP04736,Rakesh V,Scooter,Full-time,4.42,Y
DP13499,Pooja Q,Bike,Part-time,4.19,Y
DP11543,Divya S,Bike,Part-time,3.71,N
DP14807,Ananya V,Cycle,Full-time,4.35,Y
DP04859,Divya B,Bike,Part-time,4.04,N
DP13906,Rakesh I,Scooter,Full-time,4.66,N
DP00775,Manoj G,Scooter,Full-time,4.11,Y
DP12694,Deepak O,Bike,Contract,4.2,Y
DP14912,Nikhil Q,Car,Full-time,4.15,Y
DP02287,Arjun J,Bike,Full-time,4.24,Y
DP03067,Arjun Q,Car,Contract,4.08,Y
DP10176,Ananya U,Scooter,Part-time,4.37,Y
DP03146,Meena M,Bike,Part-time,4.14,Y
DP01044,Rahul F,Bike,Full-time,3.95,N
DP08472,Meena D,Scooter,Part-time,3.82,Y
DP01476,Priya R,Scooter,Contract,3.87,Y
DP14699,Nikhil U,Cycle,Contract,3.97,N
DP02919,Pooja J,Bike,Part-time,3.96,Y
DP03531,Priya F,Scooter,Full-time,5,Y
DP03883,Shreya W,Bike,Full-time,3.87,N
DP01602,Amit O,Scooter,Part-time,4.2,Y
DP13181,Vikas Q,Bike,Full-time,4.22,Y
DP12356,Suresh C,Cycle,Part-time,4.44,Y
DP00260,Rakesh G,Cycle,Full-time,3.83,Y
DP04382,Santosh P,Scooter,Part-time,4.17,Y
DP13072,Santosh X,Cycle,Part-time,4.65,Y
DP12905,Kiran U,Scooter,Contract,3.95,Y
DP03250,Vikas F,Scooter,Part-time,4.03,Y
DP11153,Manoj J,Bike,Full-time,4.33,Y
DP06230,Shreya V,Bike,Full-time,4.32,Y
DP06127,Santosh W,Bike,Part-time,4.43,Y
DP04089,Arjun B,Bike,Full-time,4.21,Y
DP08830,Neha Y,Scooter,Part-time,4.05,Y
DP05391,Ravi D,Scooter,Contract,4.2,Y
DP12989,Nikhil O,Scooter,Contract,4.39,Y
DP08902,Deepak J,Scooter,Full-time,4.7,Y
DP13515,Suresh S,Scooter,Contract,4.39,Y
DP13736,Rahul J,Cycle,Full-time,4.57,Y
DP02080,Neha C,Scooter,Contract,4.53,Y
DP07376,Manoj Z,Scooter,Part-time,4.12,Y
DP02052,Nikhil A,Bike,Full-time,4.07,Y
DP00372,Ravi Y,Bike,Full-time,4.04,Y
DP05402,Priya N,Bike,Full-time,3.55,Y
DP04358,Manoj E,Scooter,Contract,4.82,Y
DP13338,Neha Z,Bike,Part-time,4.32,Y
DP02970,Sneha K,Scooter,Full-time,4.22,Y
DP05053,Santosh I,Scooter,Full-time,4.51,Y
DP02378,Amit Q,Scooter,Contract,3.96,Y
DP06080,Vikas M,Scooter,Full-time,4.66,Y
DP09872,Rakesh E,Bike,Full-time,3.44,Y
DP08889,Amit O,Bike,Contract,3.8,N
DP14089,Meena I,Car,Full-time,4.01,Y
DP13502,Rahul C,Bike,Full-time,4.21,Y
DP12481,Suresh K,Bike,Part-time,4.49,Y
DP08619,Meena Q,Scooter,Part-time,4.22,Y
DP08492,Amit M,Bike,Full-time,4,Y
DP10640,Pooja H,Scooter,Full-time,4.46,Y
DP02419,Ananya P,Scooter,Part-time,3.75,Y
DP10057,Manoj Y,Bike,Contract,3.98,Y
DP01016,Suresh O,Scooter,Part-time,3.53,Y
DP08581,Suresh W,Cycle,Part-time,4.56,Y
DP12820,Sneha B,Scooter,Part-time,4.09,Y
DP01724,Ravi J,Bike,Part-time,4.47,Y
DP00056,Suresh E,Bike,Part-time,4.71,Y
DP02933,Ananya G,Bike,Part-time,3.96,Y
DP01027,Sneha B,Scooter,Full-time,4.38,Y
DP06048,Nikhil B,Cycle,Full-time,4.17,Y
DP03157,Shreya L,Scooter,Full-time,4.08,Y
DP11853,Ravi D,Scooter,Full-time,4.34,Y
DP02455,Arjun T,Scooter,Contract,4.06,Y
DP08611,Rahul F,Cycle,Part-time,4.38,Y
DP06949,Santosh H,Car,Full-time,4.4,N
DP08232,Divya B,Scooter,Contract,4.43,Y
DP14946,Amit X,Scooter,Full-time,3.92,N
DP09294,Rahul Z,Scooter,Contract,3.93,Y
DP08320,Amit X,Bike,Full-time,4.1,N
DP11287,Divya K,Bike,Full-time,4.22,N
DP10424,Kiran T,Scooter,Contract,4.07,Y
DP10553,Ravi F,Scooter,Contract,4.7,Y
DP07005,Ravi M,Cycle,Full-time,3.99,Y
DP00926,Neha J,Cycle,Full-time,4.82,Y
DP03284,Shreya K,Bike,Full-time,4.68,Y
DP03304,Deepak H,Bike,Part-time,3.78,Y
DP04537,Deepak H,Scooter,Part-time,4.25,Y
DP04409,Meena K,Bike,Part-time,4.34,Y
DP04062,Divya W,Bike,Part-time,4.7,Y
DP01280,Rakesh G,Bike,Full-time,4.09,N
DP09244,Rahul O,Cycle,Part-time,4.1,Y
DP12443,Meena D,Bike,Full-time,3.84,Y
DP09099,Ananya Z,Scooter,Full-time,4.19,Y
DP10289,Meena J,Cycle,Full-time,4.36,Y
DP00403,Ananya M,Bike,Full-time,3.78,Y
DP03417,Nikhil C,Cycle,Full-time,4.82,Y
DP01712,Ananya S,Scooter,Full-time,4.29,Y
DP01772,Ravi L,Bike,Full-time,4.04,Y
DP11742,Shreya N,Bike,Part-time,3.62,Y
DP05382,Neha B,Bike,Contract,4,Y
DP14513,Pooja Q,Scooter,Part-time,4.59,Y
DP10747,Neha B,Scooter,Part-time,4.35,Y
DP02356,Ananya A,Scooter,Contract,4.13,Y
DP11588,Amit C,Scooter,Contract,4.42,N
DP00081,Meena J,Cycle,Full-time,4.44,Y
DP01966,Divya S,Scooter,Part-time,4.27,Y
DP05060,Meena S,Scooter,Part-time,4.42,Y
DP07264,Suresh J,Cycle,Full-time,4.81,Y
DP13148,Ravi E,Bike,Part-time,4.21,Y
DP07137,Ananya T,Cycle,Full-time,3.87,Y
DP09970,Manoj L,Bike,Full-time,4.45,Y
DP13714,Ravi M,Cycle,Full-time,4.23,Y
DP00664,Meena T,Scooter,Contract,4.33,N
DP01650,Priya H,Scooter,Part-time,4.14,Y
DP02778,Pooja P,Bike,Full-time,3.91,Y
DP04534,Rahul C,Scooter,Part-time,4.26,Y
DP10864,Santosh O,Bike,Part-time,4.1,Y
DP03510,Ravi N,Scooter,Part-time,3.85,N
DP02329,Arjun T,Cycle,Full-time,4.4,Y
DP03882,Nikhil Z,Cycle,Part-time,4.36,Y
DP09538,Suresh D,Cycle,Contract,4.38,Y
DP11092,Rakesh V,Bike,Full-time,3.96,N
DP02962,Sneha W,Car,Part-time,4.37,Y
DP02373,Priya P,Scooter,Contract,4.25,Y
DP06337,Kiran A,Scooter,Full-time,3.88,Y
DP00214,Rahul P,Scooter,Part-time,4.37,Y
DP13484,Santosh F,Bike,Part-time,4.5,Y
DP11387,Rahul A,Cycle,Contract,4.55,Y
DP07918,Ananya C,Bike,Full-time,4.49,Y
DP14344,Manoj T,Bike,Part-time,4.31,N
DP06647,Meena X,Scooter,Part-time,3.63,N
DP08536,Nikhil U,Bike,Part-time,4.58,Y
DP00703,Suresh I,Scooter,Full-time,3.64,Y
DP04322,Kiran L,Car,Full-time,4.53,Y
DP12682,Ravi I,Scooter,Contract,3.97,N
DP09600,Nikhil A,Cycle,Full-time,4.74,Y
DP04048,Sneha L,Scooter,Full-time,4.14,N
DP00796,Pooja U,Bike,Full-time,4.7,Y
DP02433,Arjun Y,Scooter,Part-time,4.18,Y
DP10646,Neha P,Scooter,Full-time,4.51,Y
DP07762,Rakesh P,Scooter,Full-time,3.93,Y
DP03032,Rahul F,Bike,Part-time,4.39,Y
DP05385,Rahul I,Bike,Part-time,4.48,Y
DP12450,Vikas X,Scooter,Full-time,4.29,Y
DP11142,Arjun O,Cycle,Contract,4.15,Y
DP14501,Neha A,Scooter,Full-time,4.48,Y
DP10185,Ananya J,Scooter,Full-time,4.16,Y
DP13459,Rakesh G,Bike,Full-time,4.45,N
DP03987,Rahul I,Scooter,Full-time,4.28,Y
DP01911,Sneha P,Scooter,Full-time,3.82,Y
DP04991,Suresh H,Scooter,Contract,4.34,Y
DP10923,Pooja U,Bike,Full-time,4.26,Y
DP10642,Kiran C,Cycle,Full-time,4.16,N
DP13380,Arjun L,Bike,Full-time,4.53,Y
DP05271,Ravi D,Scooter,Part-time,4.85,Y
DP08777,Priya I,Scooter,Full-time,3.62,Y
DP00891,Sneha O,Scooter,Contract,3.95,N
DP14446,Rakesh B,Bike,Part-time,4.18,N
DP03733,Shreya Q,Cycle,Full-time,4.01,N
DP01821,Ravi N,Bike,Full-time,3.98,Y
DP06055,Sneha M,Scooter,Part-time,4.46,Y
DP06999,Sneha K,Scooter,Part-time,4.01,Y
DP02447,Kiran H,Scooter,Full-time,3.8,Y
DP10115,Vikas S,Scooter,Full-time,4.22,Y
DP01192,Pooja P,Bike,Full-time,3.98,Y
DP04113,Meena N,Cycle,Full-time,4.31,Y
DP04896,Meena K,Bike,Contract,4.36,Y
DP11264,Deepak N,Scooter,Part-time,4.68,Y
DP10437,Rahul L,Scooter,Full-time,4.44,Y
DP13930,Amit X,Scooter,Full-time,4.48,N
DP03149,Vikas C,Bike,Full-time,4.34,Y
DP10014,Suresh G,Bike,Contract,4.6,Y
DP08972,Priya Q,Scooter,Part-time,3.88,Y
DP14896,Ravi R,Bike,Part-time,3.88,Y
DP11749,Ananya I,Scooter,Contract,3.76,Y
DP12383,Amit O,Bike,Full-time,4.42,Y
DP01138,Rakesh F,Scooter,Full-time,3.69,Y
DP13950,Pooja A,Cycle,Full-time,4.22,Y
DP10069,Suresh V,Cycle,Contract,3.56,Y
DP00206,Ravi D,Bike,Part-time,4.36,N
DP10025,Neha Q,Bike,Full-time,4.31,Y
DP03118,Manoj U,Cycle,Full-time,4.57,Y
DP14785,Shreya K,Scooter,Full-time,3.97,Y
DP03092,Sneha A,Cycle,Part-time,4.65,Y
DP14931,Amit E,Bike,Part-time,4.42,Y
DP14004,Amit I,Bike,Full-time,4.2,N
DP14130,Ananya V,Bike,Part-time,4.16,Y
DP00396,Santosh V,Cycle,Contract,4.41,N
DP11279,Arjun A,Bike,Part-time,4.57,Y
DP13910,Ravi N,Cycle,Part-time,4.14,Y
DP12462,Arjun P,Bike,Full-time,4.52,N
DP03951,Rahul U,Bike,Full-time,4.4,Y
DP03363,Divya E,Bike,Full-time,4.09,Y
DP03037,Divya N,Bike,Contract,4.02,Y
DP08082,Rahul W,Bike,Part-time,3.94,Y
DP13727,Meena C,Cycle,Full-time,4.23,Y
DP04597,Manoj T,Scooter,Part-time,4.05,Y
DP08979,Sneha S,Bike,Full-time,4.48,Y
DP03173,Ananya F,Cycle,Part-time,3.9,Y
DP04580,Kiran Q,Car,Full-time,3.61,Y
DP08271,Suresh B,Bike,Part-time,3.88,N
DP10915,Manoj D,Bike,Full-time,4.17,Y
DP12479,Santosh E,Cycle,Part-time,4.06,Y
DP00178,Ravi C,Bike,Contract,3.43,Y
DP14574,Nikhil N,Scooter,Full-time,4.14,Y
DP08832,Deepak V,Scooter,Contract,4.29,Y
DP06053,Rahul S,Bike,Full-time,4.02,Y
DP08833,Priya H,Scooter,Part-time,4.27,N
DP01621,Rakesh U,Bike,Full-time,4.22,Y
DP10862,Nikhil N,Car,Contract,4.67,Y
DP14231,Nikhil U,Bike,Full-time,4.48,N
DP05785,Rahul Y,Cycle,Contract,4.7,Y
DP05058,Rahul A,Scooter,Full-time,4.22,Y
DP08130,Arjun N,Bike,Contract,4.42,Y
DP07842,Sneha X,Bike,Contract,4.53,Y
DP11763,Rahul H,Cycle,Full-time,4.2,Y
DP02079,Meena N,Scooter,Part-time,4.57,Y
DP08420,Pooja Z,Cycle,Full-time,4,Y
DP10586,Deepak R,Car,Contract,5,Y
DP04648,Amit V,Scooter,Part-time,4.21,Y
DP02786,Amit H,Bike,Part-time,3.77,Y
DP02852,Vikas X,Bike,Full-time,4.15,Y
DP08790,Amit W,Bike,Full-time,4.3,Y
DP12112,Sneha F,Bike,Part-time,4.23,Y
DP05807,Rakesh I,Scooter,Part-time,3.98,Y
DP00346,Vikas B,Cycle,Full-time,4.5,Y
DP00385,Arjun M,Scooter,Contract,4.56,Y
DP02040,Amit Y,Bike,Contract,4.33,Y
DP00849,Amit E,Cycle,Full-time,4.34,Y
DP10784,Santosh X,Scooter,Contract,4.35,Y
DP07703,Rakesh X,Scooter,Full-time,4.56,Y
DP12619,Arjun H,Bike,Contract,4.61,Y
DP10388,Arjun Q,Cycle,Part-time,4.43,Y
DP01733,Kiran Q,Scooter,Contract,4.43,Y
DP12557,Shreya M,Bike,Contract,4.15,Y
DP03441,Nikhil W,Cycle,Full-time,4.62,Y
DP09012,Suresh A,Bike,Full-time,4.45,Y
DP05851,Neha V,Scooter,Part-time,4.23,Y
DP11090,Shreya Y,Cycle,Part-time,4.32,N
DP01190,Santosh A,Scooter,Full-time,4.41,Y
DP04802,Rakesh P,Cycle,Part-time,3.84,Y
DP07227,Meena G,Bike,Contract,4.56,Y
DP02758,Arjun A,Scooter,Full-time,3.73,Y
DP08108,Priya D,Scooter,Full-time,4.55,Y
DP04710,Santosh F,Scooter,Contract,4.25,Y
DP09373,Manoj I,Cycle,Contract,3.87,Y
DP11022,Kiran F,Bike,Part-time,4.16,N
DP07935,Rakesh N,Scooter,Full-time,4.14,Y
DP10402,Priya A,Bike,Full-time,4.03,Y
DP03462,Ravi B,Cycle,Full-time,3.95,Y
DP14101,Rakesh G,Cycle,Part-time,4.43,N
DP04614,Divya P,Bike,Part-time,3.79,Y
DP06668,Rakesh G,Bike,Full-time,3.86,Y
DP02278,Suresh I,Bike,Part-time,4.9,Y
DP08538,Priya J,Scooter,Contract,4.38,Y
DP02335,Rakesh C,Bike,Part-time,4.02,Y
DP14081,Rakesh S,Scooter,Part-time,4.51,Y
DP01469,Divya F,Bike,Full-time,4.42,Y
DP13200,Santosh V,Bike,Part-time,4.21,Y
DP02458,Divya N,Bike,Contract,4.5,Y
DP08392,Deepak H,Bike,Full-time,4.5,Y
DP12999,Sneha Q,Car,Part-time,4.96,Y
DP00195,Neha M,Scooter,Part-time,3.79,Y
DP08568,Meena F,Bike,Full-time,4.25,Y
DP06800,Shreya F,Scooter,Full-time,4.37,Y
DP09904,Amit A,Bike,Full-time,4.22,Y
DP13598,Pooja K,Scooter,Full-time,4.37,Y
DP14482,Ananya M,Cycle,Part-time,4.04,Y
DP08328,Vikas G,Car,Full-time,4.35,Y
DP10756,Shreya I,Scooter,Full-time,3.84,Y
DP03843,Sneha H,Scooter,Full-time,4.25,Y
DP12609,Neha A,Bike,Part-time,4.84,Y
DP04923,Priya Z,Scooter,Full-time,4.15,Y
DP14615,Amit C,Bike,Full-time,4.57,Y
DP14336,Deepak W,Scooter,Full-time,4.79,Y
DP07572,Santosh P,Cycle,Contract,4.17,Y
DP00351,Sneha U,Bike,Part-time,4.12,Y
DP07426,Vikas X,Scooter,Part-time,4.29,Y
DP09074,Pooja P,Scooter,Part-time,3.83,N
DP14407,Ananya S,Scooter,Part-time,4.49,Y
DP00947,Arjun F,Bike,Contract,4.52,Y
DP13594,Deepak D,Bike,Part-time,4.08,Y
DP01357,Arjun K,Cycle,Full-time,4.45,Y
DP08950,Rakesh Y,Scooter,Full-time,3.98,Y
DP07159,Vikas X,Scooter,Part-time,4.46,Y
DP05687,Amit H,Scooter,Contract,4.52,Y
DP11737,Kiran J,Cycle,Contract,3.13,Y
DP11741,Sneha J,Scooter,Full-time,4.66,Y
DP00710,Sneha W,Bike,Part-time,3.65,Y
DP08075,Ravi G,Scooter,Full-time,4.42,Y
DP13938,Divya W,Bike,Part-time,3.62,N
DP09792,Ravi U,Cycle,Part-time,4.24,Y
DP08571,Vikas E,Bike,Full-time,4.22,Y
DP08629,Suresh D,Car,Full-time,4.22,N
DP06480,Amit V,Scooter,Contract,4.13,Y
DP13923,Vikas E,Scooter,Full-time,4.12,Y
DP14985,Santosh M,Scooter,Part-time,3.85,Y
DP07592,Suresh T,Scooter,Contract,3.85,Y
DP10352,Santosh G,Scooter,Full-time,4.11,Y
DP02296,Manoj Y,Bike,Full-time,3.94,Y
DP01665,Meena P,Bike,Full-time,3.71,Y
DP01669,Santosh F,Scooter,Full-time,4.41,Y
DP07240,Arjun P,Bike,Full-time,4.29,Y
DP14578,Nikhil C,Scooter,Part-time,3.81,Y
DP06960,Rakesh J,Scooter,Full-time,4.06,Y
DP10758,Neha B,Bike,Full-time,4.37,Y
DP06602,Pooja H,Scooter,Full-time,4.29,Y
DP06801,Nikhil F,Bike,Part-time,4.29,Y
DP13677,Vikas G,Car,Contract,4.75,Y
DP01463,Rahul Y,Cycle,Full-time,3.74,Y
DP12767,Divya U,Cycle,Part-time,4.78,N
DP08319,Meena G,Scooter,Part-time,4.64,Y
DP08241,Kiran H,Bike,Full-time,4.03,N
DP02993,Divya G,Car,Full-time,4.63,Y
DP14208,Sneha D,Cycle,Full-time,5,N
DP03988,Ananya H,Cycle,Contract,4.6,Y
DP01793,Deepak Q,Bike,Full-time,3.94,Y
DP04338,Divya H,Scooter,Part-time,4.35,Y
DP11525,Divya C,Cycle,Contract,4.02,Y
DP10258,Vikas Y,Scooter,Part-time,4.67,Y
DP11683,Santosh I,Scooter,Full-time,4.12,Y
DP05358,Kiran W,Bike,Part-time,4.06,Y
DP10941,Neha B,Bike,Contract,4.01,Y
DP04393,Rahul U,Scooter,Full-time,3.96,Y
DP03971,Pooja F,Cycle,Full-time,4.06,Y
DP11399,Vikas B,Bike,Contract,4.51,Y
DP02740,Vikas X,Bike,Full-time,4.5,Y
DP09235,Ravi Z,Scooter,Full-time,4.08,Y
DP07519,Kiran G,Bike,Contract,3.88,Y
DP04328,Kiran W,Scooter,Contract,4.26,Y
DP13988,Rakesh P,Scooter,Part-time,4.32,Y
DP10921,Priya R,Cycle,Full-time,4.07,Y
DP06810,Rahul B,Cycle,Full-time,4.44,Y
DP05569,Rakesh K,Car,Full-time,4.5,Y
DP06980,Amit M,Bike,Part-time,3.76,Y
DP11761,Meena E,Bike,Full-time,4.45,Y
DP02547,Ananya B,Scooter,Full-time,4.45,Y
DP11593,Priya A,Car,Part-time,4.21,Y
DP09466,Meena Z,Cycle,Contract,4.27,Y
DP00522,Santosh P,Car,Contract,4.41,Y
DP02699,Nikhil S,Bike,Part-time,3.95,Y
DP11137,Priya O,Bike,Full-time,3.6,Y
DP13866,Suresh I,Scooter,Contract,4.07,N
DP05598,Santosh G,Car,Contract,4.74,Y
DP01611,Deepak E,Scooter,Part-time,4.53,Y
DP09002,Shreya S,Bike,Full-time,4.39,Y
DP06648,Shreya R,Scooter,Full-time,4.25,Y
DP13247,Nikhil O,Scooter,Full-time,3.5,Y
DP00147,Deepak X,Scooter,Full-time,4.77,Y
DP04930,Kiran G,Cycle,Part-time,4.03,Y
DP10378,Vikas Z,Bike,Part-time,4.51,Y
DP08234,Pooja M,Scooter,Full-time,4.35,Y
DP06085,Sneha L,Scooter,Full-time,4.39,Y
DP06691,Amit O,Scooter,Full-time,4.02,Y
DP02854,Shreya Z,Scooter,Full-time,4.07,Y
DP09079,Ravi N,Bike,Contract,4.28,Y
DP11745,Priya P,Scooter,Contract,4,N
DP00100,Rahul B,Cycle,Part-time,4.02,Y
DP02483,Amit D,Cycle,Part-time,3.97,Y
DP11828,Nikhil L,Car,Contract,4.62,Y
DP05497,Suresh F,Bike,Part-time,4.06,Y
DP02814,Santosh G,Scooter,Contract,5,Y
DP04771,Santosh Q,Scooter,Part-time,4.11,Y
DP01739,Santosh K,Scooter,Part-time,4.8,Y
DP06752,Ananya F,Scooter,Full-time,3.88,Y
DP01030,Kiran Z,Bike,Full-time,4,Y
DP00845,Ravi M,Scooter,Full-time,4.24,N
DP06096,Manoj Z,Scooter,Full-time,4.19,Y
DP04314,Divya S,Bike,Contract,4.64,Y
DP13781,Ravi L,Bike,Full-time,3.84,Y
DP13709,Amit Z,Bike,Full-time,4.47,Y
DP01589,Rakesh O,Bike,Full-time,3.81,Y
DP02014,Neha L,Scooter,Part-time,4.48,N
DP02798,Rakesh X,Bike,Part-time,4.03,Y
DP12149,Rakesh X,Cycle,Part-time,3.94,Y
DP05993,Suresh F,Scooter,Contract,4.06,Y
DP06277,Ravi O,Cycle,Full-time,3.99,Y
DP01615,Shreya E,Scooter,Contract,4.03,Y
DP12722,Santosh K,Bike,Full-time,4.41,Y
DP02555,Priya Y,Bike,Full-time,4.5,Y
DP08854,Ananya R,Bike,Contract,4.36,N
DP07444,Manoj G,Cycle,Full-time,4.33,Y
DP09533,Ananya S,Scooter,Contract,4.46,N
DP01125,Ravi V,Bike,Contract,4.37,Y
DP08903,Suresh Z,Scooter,Part-time,4.17,Y
DP02375,Ravi L,Bike,Contract,4.55,Y
DP00695,Vikas E,Bike,Contract,4.63,Y
DP10730,Priya D,Bike,Full-time,4.6,Y
DP05022,Pooja N,Cycle,Full-time,4.22,N
DP05630,Arjun D,Scooter,Full-time,3.91,N
DP12628,Divya P,Cycle,Full-time,4.19,Y
DP01113,Pooja S,Bike,Full-time,4.9,Y
DP10719,Priya T,Bike,Full-time,4.69,Y
DP13393,Pooja K,Scooter,Full-time,3.85,Y
DP07971,Sneha J,Scooter,Full-time,4.41,Y
DP03763,Kiran D,Bike,Full-time,4.88,N
DP06570,Arjun I,Bike,Full-time,3.83,Y
DP13779,Santosh J,Bike,Part-time,4.12,Y
DP09542,Suresh Q,Bike,Full-time,4.26,Y
DP11610,Meena Z,Cycle,Part-time,4.56,Y
DP05254,Arjun J,Bike,Part-time,4.79,Y
DP10931,Meena Y,Bike,Part-time,3.79,Y
DP09855,Amit F,Bike,Full-time,4.37,Y
DP11691,Neha X,Scooter,Part-time,4.77,Y
DP07679,Suresh X,Car,Full-time,4.06,N
DP01283,Kiran P,Bike,Full-time,4.42,Y
DP03486,Ananya Y,Scooter,Part-time,3.82,Y
DP09192,Suresh S,Scooter,Full-time,4.82,Y
DP03529,Vikas Z,Scooter,Full-time,4.01,Y
DP06079,Divya D,Scooter,Full-time,4.01,Y
DP13749,Kiran J,Scooter,Full-time,4.5,Y
DP08528,Sneha G,Bike,Full-time,4.5,Y
DP07387,Rahul E,Cycle,Contract,3.83,Y
DP11258,Suresh P,Bike,Full-time,3.89,Y
DP00154,Pooja X,Cycle,Part-time,4.34,Y
DP11413,Manoj D,Scooter,Contract,4.07,N
DP10308,Vikas D,Scooter,Full-time,4.44,Y
DP12282,Rakesh F,Bike,Full-time,4.05,Y
DP12427,Rakesh A,Cycle,Full-time,4.35,Y
DP04410,Deepak F,Scooter,Full-time,3.97,Y
DP05726,Sneha Z,Scooter,Full-time,4.07,Y
DP04591,Arjun Q,Cycle,Part-time,4.1,Y
DP10081,Arjun X,Cycle,Full-time,3.69,Y
DP00920,Nikhil U,Bike,Part-time,4.25,Y
DP04032,Sneha R,Cycle,Contract,4.39,Y
DP01223,Amit Q,Scooter,Part-time,4.35,Y
DP04448,Ravi S,Scooter,Full-time,4.52,N
DP04526,Vikas D,Scooter,Part-time,4.37,Y
DP09935,Priya O,Scooter,Part-time,3.5,Y
DP10802,Priya E,Car,Full-time,3.89,N
DP12451,Rakesh L,Bike,Contract,4.57,Y
DP09439,Rakesh R,Scooter,Full-time,4.66,Y
DP05912,Rahul C,Bike,Full-time,3.97,Y
DP11668,Sneha V,Bike,Part-time,4.26,Y
DP10286,Rahul M,Scooter,Part-time,4.45,Y
DP14617,Neha G,Cycle,Full-time,4.32,Y
DP02908,Nikhil M,Cycle,Full-time,4.37,Y
DP02616,Rahul F,Cycle,Contract,3.92,Y
DP09501,Rakesh V,Bike,Part-time,4.58,N
DP08017,Manoj B,Bike,Full-time,4.32,Y
DP12886,Nikhil Z,Scooter,Full-time,4.15,N
DP10938,Divya L,Bike,Contract,4.3,Y
DP03693,Priya D,Cycle,Full-time,4.18,Y
DP11902,Kiran L,Bike,Full-time,3.64,Y
DP06735,Vikas C,Bike,Full-time,3.85,Y
DP09739,Deepak D,Scooter,Full-time,4.47,Y
DP06652,Meena N,Bike,Contract,4.31,Y
DP03293,Ananya D,Scooter,Full-time,3.94,Y
DP09050,Kiran V,Bike,Part-time,4.54,N
DP07835,Meena B,Bike,Full-time,4.14,Y
DP08404,Ananya Y,Scooter,Full-time,4.08,Y
DP09674,Neha W,Scooter,Part-time,4.7,Y
DP14066,Priya B,Bike,Contract,4.37,Y
DP01175,Sneha L,Scooter,Contract,4.22,Y
DP07192,Kiran D,Scooter,Contract,3.8,Y
DP01308,Rahul Z,Bike,Part-time,4.57,Y
DP14864,Kiran T,Bike,Contract,4.32,Y
DP09612,Suresh O,Car,Full-time,4.1,Y
DP09916,Manoj N,Bike,Part-time,3.77,N
DP03875,Suresh Z,Car,Full-time,4.15,Y
DP09020,Deepak W,Scooter,Part-time,4.41,Y
DP14687,Ravi I,Scooter,Full-time,3.93,Y
DP10696,Kiran Z,Scooter,Full-time,4.22,Y
DP11690,Nikhil S,Scooter,Full-time,4.17,Y
DP02882,Ravi I,Bike,Full-time,3.94,Y
DP08362,Rahul D,Scooter,Contract,4.03,Y
DP06870,Neha Y,Bike,Full-time,4.71,Y
DP08401,Santosh Y,Cycle,Part-time,4.2,Y
DP12293,Rakesh D,Bike,Full-time,4.05,Y
DP08980,Rakesh P,Scooter,Full-time,4.15,Y
DP02833,Vikas T,Scooter,Full-time,4.21,Y
DP05464,Neha N,Scooter,Full-time,4.03,Y
DP05878,Sneha R,Scooter,Part-time,3.32,Y
DP13412,Deepak K,Scooter,Contract,4.02,Y
DP07004,Amit I,Cycle,Contract,3.56,Y
DP03824,Neha N,Cycle,Full-time,3.65,Y
DP06940,Ravi H,Bike,Part-time,4.74,Y
DP01351,Ravi G,Bike,Part-time,3.7,Y
DP06610,Amit C,Scooter,Full-time,3.88,Y
DP03797,Rakesh J,Scooter,Contract,3.98,Y
DP09338,Meena L,Scooter,Full-time,3.71,Y
DP07470,Pooja B,Bike,Contract,3.67,Y
DP02425,Ravi Y,Car,Full-time,4.54,Y
DP00854,Amit K,Scooter,Part-time,4.11,Y
DP01347,Nikhil H,Bike,Full-time,4.23,Y
DP04436,Ravi C,Cycle,Full-time,3.99,Y
DP03950,Shreya X,Bike,Full-time,4.15,Y
DP01626,Kiran A,Bike,Part-time,4.52,Y
DP03527,Arjun X,Bike,Full-time,3.93,Y
DP08337,Suresh T,Bike,Part-time,4.11,Y
DP12906,Arjun O,Bike,Full-time,4.04,Y
DP00808,Nikhil X,Bike,Full-time,4.08,Y
DP01657,Vikas H,Car,Contract,3.99,Y
DP10256,Suresh N,Scooter,Part-time,4.13,Y
DP02391,Ravi Y,Bike,Full-time,4.32,Y
DP01336,Manoj G,Scooter,Full-time,4.04,Y
DP03599,Pooja M,Bike,Full-time,4.18,Y
DP14939,Arjun I,Scooter,Full-time,4.08,Y
DP03523,Sneha O,Bike,Part-time,4.4,Y
DP00417,Ananya D,Bike,Part-time,4.03,Y
DP04052,Suresh E,Scooter,Contract,4.51,N
DP04266,Pooja X,Bike,Full-time,3.84,Y
DP08681,Kiran L,Scooter,Full-time,4.11,Y
DP12198,Meena D,Car,Full-time,4.3,N
DP07111,Nikhil F,Bike,Part-time,4.1,Y
DP13810,Sneha Z,Bike,Full-time,3.94,Y
DP11026,Rakesh G,Scooter,Full-time,4.01,Y
DP00215,Pooja C,Scooter,Contract,4.41,Y
DP12147,Arjun N,Bike,Full-time,4.73,Y
DP07667,Pooja T,Car,Full-time,3.98,N
DP04907,Divya C,Scooter,Full-time,3.98,Y
DP03147,Arjun M,Bike,Full-time,3.98,Y
DP06201,Rakesh H,Bike,Part-time,4.18,Y
DP03785,Pooja Y,Bike,Full-time,4,Y
DP14165,Priya L,Bike,Contract,4.35,Y
DP00299,Rakesh O,Car,Full-time,4.17,Y
DP07497,Rakesh U,Cycle,Full-time,3.93,N
DP11601,Ananya R,Bike,Full-time,4.01,Y
DP12456,Rahul G,Car,Contract,4.48,Y
DP08259,Rakesh O,Cycle,Part-time,4.07,Y
DP07815,Priya H,Scooter,Full-time,3.55,Y
DP01432,Santosh Z,Scooter,Part-time,3.65,Y
DP05342,Vikas C,Scooter,Full-time,4.33,Y
DP05928,Rakesh A,Bike,Full-time,3.74,Y
DP13476,Amit L,Cycle,Part-time,4.37,Y
DP04635,Pooja Z,Bike,Contract,4.18,Y
DP03428,Vikas Q,Scooter,Contract,4.03,Y
DP04571,Amit Q,Bike,Part-time,4.05,Y
DP10892,Rakesh I,Cycle,Full-time,4.73,Y
DP12088,Arjun F,Bike,Full-time,4.53,N
DP01473,Ananya R,Scooter,Part-time,3.84,Y
DP08318,Ravi J,Cycle,Full-time,4.22,N
DP02322,Vikas D,Scooter,Full-time,3.75,Y
DP08037,Nikhil Q,Bike,Contract,3.82,N
DP12495,Priya R,Cycle,Part-time,3.85,Y
DP13694,Arjun G,Bike,Full-time,4.22,Y
DP07889,Arjun B,Scooter,Part-time,4.27,Y
DP04864,Nikhil J,Scooter,Part-time,4.05,Y
DP08645,Manoj P,Cycle,Full-time,4.48,N
DP14692,Rahul J,Cycle,Full-time,4.04,N
DP02538,Deepak X,Scooter,Contract,4.02,Y
DP04739,Rahul E,Car,Contract,3.85,Y
DP14201,Amit N,Scooter,Contract,3.83,Y
DP07384,Arjun Z,Scooter,Full-time,3.93,Y
DP12208,Rakesh A,Scooter,Full-time,4.18,Y
DP08687,Suresh A,Scooter,Full-time,4.46,Y
DP14267,Pooja B,Car,Full-time,4.38,Y
DP07272,Amit J,Bike,Full-time,4.23,Y
DP08186,Deepak M,Scooter,Full-time,3.83,Y
DP13021,Ananya K,Cycle,Part-time,4.04,N
DP09371,Rahul O,Bike,Contract,3.77,Y
DP14659,Arjun Z,Scooter,Part-time,3.84,Y
DP07920,Santosh B,Bike,Part-time,4.34,Y
DP04216,Shreya Z,Scooter,Part-time,4.33,Y
DP02518,Meena D,Bike,Part-time,4.21,Y
DP11854,Ravi P,Scooter,Full-time,4.09,Y
DP09903,Suresh R,Scooter,Full-time,4.21,Y
DP09165,Shreya M,Scooter,Full-time,4.04,Y
DP10901,Ananya P,Scooter,Part-time,4,Y
DP00148,Vikas P,Scooter,Full-time,4.42,Y
DP06908,Meena H,Bike,Contract,4.52,N
DP06399,Meena H,Scooter,Contract,4.41,Y
DP11890,Sneha G,Scooter,Full-time,4.34,Y
DP08669,Sneha N,Scooter,Full-time,4.58,Y
DP06504,Amit Z,Scooter,Part-time,4.12,Y
DP11351,Santosh F,Bike,Full-time,3.71,Y
DP09215,Neha C,Scooter,Full-time,3.76,Y
DP00312,Rahul O,Cycle,Full-time,4.34,Y
DP01082,Ravi J,Bike,Full-time,4.23,Y
DP13354,Neha P,Bike,Full-time,3.95,Y
DP13164,Ravi G,Bike,Full-time,4.44,Y
DP08491,Arjun Z,Bike,Full-time,4.39,Y
DP09884,Ravi T,Bike,Full-time,4.76,Y
DP09445,Priya E,Cycle,Part-time,4.32,Y
DP08807,Neha K,Bike,Full-time,3.79,Y
DP01811,Deepak T,Bike,Contract,4.22,Y
DP05520,Ravi S,Car,Full-time,4.13,Y
DP13721,Kiran M,Bike,Contract,4.19,Y
DP11091,Arjun B,Scooter,Part-time,4.11,Y
DP06097,Vikas I,Bike,Contract,4.25,Y
DP05250,Rakesh S,Cycle,Full-time,3.81,Y
DP08517,Nikhil G,Scooter,Full-time,4.1,Y
DP03397,Vikas K,Bike,Part-time,4.42,N
DP07521,Meena Y,Scooter,Full-time,4.35,Y
DP03901,Santosh N,Cycle,Full-time,3.82,N
DP07774,Nikhil S,Scooter,Full-time,4.13,Y
DP02660,Priya I,Bike,Full-time,4.61,Y
DP11358,Rakesh J,Scooter,Contract,3.69,Y
DP09232,Nikhil U,Scooter,Full-time,4.37,Y
DP02573,Deepak M,Scooter,Part-time,3.97,Y
DP04654,Shreya P,Cycle,Full-time,4.07,Y
DP13162,Ananya O,Bike,Full-time,3.99,Y
DP09677,Neha A,Bike,Full-time,4.21,Y
DP07834,Kiran N,Scooter,Part-time,4.02,N
DP07289,Divya K,Scooter,Contract,4.11,Y
DP10556,Ravi Y,Scooter,Contract,4.55,Y
DP07465,Divya Z,Car,Part-time,4.06,Y
DP03666,Priya J,Bike,Full-time,4.51,Y
DP11396,Rahul W,Bike,Contract,4.25,Y
DP04969,Manoj K,Scooter,Full-time,3.94,N
DP06406,Rakesh T,Scooter,Contract,4.44,Y
DP04202,Suresh G,Bike,Contract,4.64,N
DP00984,Shreya E,Cycle,Full-time,4.41,Y
DP09623,Pooja T,Bike,Part-time,4.28,N
DP11392,Sneha J,Scooter,Contract,3.85,Y
DP00259,Deepak T,Car,Full-time,4,Y
DP14353,Rakesh Y,Scooter,Full-time,4.22,Y
DP04386,Manoj E,Bike,Full-time,4.55,Y
DP13718,Ananya C,Bike,Full-time,4.37,Y
DP06138,Rakesh K,Bike,Contract,4.22,Y
DP05471,Rahul H,Bike,Part-time,4.12,Y
DP02832,Amit H,Car,Full-time,4.64,Y
DP05298,Deepak M,Bike,Full-time,4.28,Y
DP07008,Arjun B,Bike,Part-time,4.52,Y
DP09818,Neha R,Cycle,Contract,4.34,Y
DP03861,Rahul V,Scooter,Contract,4.4,Y
DP14775,Neha E,Scooter,Full-time,4.42,Y
DP10374,Amit U,Bike,Part-time,4.35,Y
DP02860,Pooja Z,Scooter,Full-time,3.7,Y
DP06418,Rahul N,Scooter,Part-time,3.77,Y
DP03753,Kiran A,Bike,Contract,4.36,Y
DP05858,Rahul A,Scooter,Full-time,4.59,Y
DP12602,Santosh K,Scooter,Full-time,3.68,Y
DP03131,Rakesh R,Bike,Part-time,4.71,Y
DP12922,Rakesh K,Scooter,Full-time,3.78,Y
DP04536,Meena J,Scooter,Full-time,4.73,N
DP04746,Divya O,Bike,Full-time,4.32,Y
DP06646,Rakesh Q,Bike,Full-time,4.13,N
DP13157,Pooja Q,Bike,Part-time,3.89,Y
DP07431,Amit A,Scooter,Part-time,3.83,Y
DP11875,Nikhil U,Scooter,Part-time,4.66,N
DP08373,Divya T,Scooter,Contract,4.03,Y
DP13328,Neha A,Bike,Part-time,3.97,Y
DP12286,Vikas P,Scooter,Part-time,4.36,Y
DP00483,Amit J,Bike,Part-time,4.19,Y
DP11651,Rahul C,Cycle,Full-time,3.92,Y
DP02398,Ananya V,Scooter,Contract,4.41,Y
DP00722,Vikas Z,Scooter,Full-time,4.22,Y
DP04004,Manoj M,Bike,Full-time,4.28,Y
DP13178,Neha C,Bike,Full-time,4.38,Y
DP08548,Nikhil S,Scooter,Full-time,4.31,Y
DP09161,Nikhil K,Bike,Full-time,4.72,N
DP07047,Divya H,Bike,Full-time,3.99,Y
DP14560,Suresh Q,Cycle,Full-time,4.42,Y
DP00350,Nikhil T,Car,Full-time,4.51,Y
DP11892,Divya X,Scooter,Contract,4.41,Y
DP00868,Pooja A,Bike,Part-time,4.33,Y
DP07165,Vikas O,Bike,Contract,4.06,Y
DP05027,Santosh K,Cycle,Part-time,4.13,Y
DP12016,Ravi D,Bike,Full-time,4.76,Y
DP13758,Suresh F,Bike,Part-time,5,Y
DP14364,Meena G,Scooter,Contract,3.89,Y
DP00582,Priya C,Scooter,Part-time,4.25,Y
DP06548,Deepak P,Bike,Part-time,4.04,Y
DP12897,Ravi V,Cycle,Full-time,4,Y
DP07819,Ravi G,Scooter,Part-time,4.62,Y
DP03972,Deepak D,Scooter,Full-time,3.87,Y
DP02528,Suresh R,Bike,Contract,3.86,Y
DP14592,Priya J,Bike,Part-time,4.39,Y
DP10254,Sneha K,Bike,Part-time,4.05,Y
DP00458,Deepak F,Cycle,Full-time,4.26,Y
DP03407,Ravi C,Scooter,Full-time,4.78,Y
DP10658,Suresh A,Bike,Full-time,4.85,Y
DP13350,Suresh K,Bike,Full-time,4.23,Y
DP11337,Deepak I,Bike,Full-time,3.98,Y
DP08604,Rakesh T,Bike,Full-time,4.53,Y
DP01243,Santosh X,Scooter,Contract,3.93,N
DP09010,Shreya A,Bike,Full-time,4.5,Y
DP02078,Rahul Z,Bike,Full-time,3.65,Y
DP01977,Deepak D,Cycle,Part-time,4.06,Y
DP09131,Rakesh O,Scooter,Contract,4.73,Y
DP13568,Suresh D,Car,Contract,4.18,Y
DP04010,Vikas U,Bike,Full-time,4.33,Y
DP02601,Vikas W,Scooter,Full-time,4.12,Y
DP02001,Rakesh T,Bike,Full-time,4.61,Y
DP03224,Kiran M,Bike,Full-time,4.23,Y
DP00742,Meena E,Bike,Contract,3.99,Y
DP13509,Suresh L,Scooter,Part-time,4.2,Y
DP08444,Divya U,Bike,Full-time,4.45,Y
DP01028,Deepak J,Cycle,Part-time,4.51,Y
DP13720,Neha V,Cycle,Part-time,4.28,Y
DP01814,Vikas N,Scooter,Full-time,4.03,Y
DP03900,Ananya G,Car,Full-time,3.66,Y
DP09759,Rakesh P,Scooter,Part-time,4.05,Y
DP11103,Ravi U,Scooter,Part-time,4.04,Y
DP11806,Neha P,Bike,Part-time,4.65,Y
DP09889,Ravi I,Scooter,Part-time,4.11,Y
DP10810,Neha T,Bike,Full-time,3.94,Y
DP00336,Divya N,Bike,Part-time,4.59,Y
DP02665,Kiran U,Bike,Contract,4.43,Y
DP13862,Suresh W,Bike,Full-time,3.51,Y
DP01102,Meena G,Scooter,Part-time,4.21,Y
DP07080,Rakesh I,Bike,Full-time,4.49,Y
DP10070,Neha K,Bike,Part-time,3.95,Y
DP03519,Vikas W,Bike,Full-time,4.48,Y
DP10729,Rakesh K,Bike,Full-time,4.03,Y
DP05864,Meena J,Scooter,Contract,4.38,Y
DP04546,Amit U,Scooter,Full-time,4.21,Y
DP03469,Ananya E,Bike,Full-time,4.72,Y
DP10496,Arjun N,Bike,Part-time,4.28,Y
DP13012,Divya J,Bike,Part-time,4.26,Y
DP13894,Manoj Z,Bike,Part-time,4.81,Y
DP06874,Meena B,Scooter,Contract,4.02,Y
DP11622,Rahul N,Scooter,Full-time,3.8,Y
DP02445,Divya P,Bike,Part-time,4.17,Y
DP04877,Vikas K,Cycle,Part-time,4.11,N
DP00489,Nikhil R,Scooter,Full-time,4.3,Y
DP01767,Rahul A,Bike,Full-time,4.2,Y
DP01559,Santosh A,Bike,Full-time,4.03,Y
DP05801,Ravi Z,Cycle,Full-time,3.9,N
DP03006,Santosh G,Scooter,Contract,3.83,Y
DP00104,Rahul T,Scooter,Contract,4.23,N
DP04047,Priya V,Bike,Contract,4.11,Y
DP01525,Kiran E,Bike,Part-time,3.87,Y
DP13882,Kiran Q,Scooter,Contract,3.94,Y
DP11187,Vikas G,Scooter,Contract,4.18,Y
DP13544,Ananya N,Scooter,Contract,3.83,N
DP09993,Pooja T,Bike,Part-time,4.28,Y
DP07892,Neha A,Scooter,Full-time,3.81,Y
DP06063,Divya F,Scooter,Part-time,3.87,Y
DP07832,Rahul B,Scooter,Full-time,4,Y
DP09169,Priya E,Scooter,Contract,4.19,Y
DP01159,Suresh H,Scooter,Full-time,3.49,N
DP03013,Sneha I,Car,Contract,4.13,Y
DP05488,Kiran O,Scooter,Full-time,4.05,N
DP14674,Meena P,Bike,Part-time,3.72,N
DP12172,Sneha N,Bike,Part-time,3.64,Y
DP09986,Meena L,Cycle,Part-time,4.57,Y
DP01523,Pooja S,Cycle,Full-time,3.94,Y
DP14721,Santosh B,Scooter,Part-time,4.37,Y
DP03405,Manoj L,Bike,Full-time,4.3,Y
DP05285,Priya G,Scooter,Full-time,3.71,Y
DP02819,Ananya A,Bike,Full-time,4.43,Y
DP09214,Deepak A,Scooter,Contract,4.77,Y
DP13163,Suresh C,Scooter,Part-time,4.26,Y
DP07066,Rakesh E,Scooter,Part-time,4.31,Y
DP10255,Arjun N,Scooter,Full-time,4.24,Y
DP01034,Nikhil D,Bike,Full-time,4.11,Y
DP14895,Arjun C,Scooter,Full-time,4.4,N
DP12448,Shreya U,Cycle,Full-time,4.17,Y
DP08730,Pooja I,Bike,Full-time,3.97,Y
DP07932,Arjun G,Bike,Contract,4.41,Y
DP03485,Deepak J,Bike,Part-time,3.91,Y
DP11860,Suresh C,Car,Full-time,3.95,Y
DP07522,Divya Z,Scooter,Full-time,4.76,Y
DP09873,Vikas R,Bike,Part-time,4.22,Y
DP02658,Suresh Y,Scooter,Part-time,4.62,Y
DP08511,Priya D,Scooter,Part-time,4.18,Y
DP07454,Ravi Y,Scooter,Contract,4.22,Y
DP02017,Rahul M,Bike,Full-time,4.24,Y
DP02922,Meena K,Car,Part-time,4.42,Y
DP00261,Rakesh F,Scooter,Part-time,4.27,Y
DP14096,Sneha H,Cycle,Part-time,4.18,Y
DP13761,Shreya R,Cycle,Contract,4.49,Y
DP03574,Arjun B,Scooter,Full-time,4.37,Y
DP05722,Rahul Z,Bike,Part-time,4.66,Y
DP03658,Vikas C,Cycle,Full-time,3.92,Y
DP06830,Nikhil Y,Scooter,Full-time,4.45,N
DP05232,Manoj G,Scooter,Full-time,3.91,N
DP00616,Sneha G,Scooter,Full-time,4.09,Y
DP10752,Santosh D,Bike,Contract,3.81,Y
DP09327,Priya Q,Scooter,Full-time,4.64,Y
DP04046,Suresh M,Car,Contract,4.13,Y
DP09418,Ravi E,Scooter,Full-time,4.09,Y
DP01101,Neha Z,Scooter,Full-time,3.88,Y
DP14551,Sneha U,Cycle,Part-time,4.74,Y
DP12428,Deepak Y,Scooter,Contract,4.27,N
DP03141,Kiran F,Bike,Part-time,4.21,Y
DP11564,Kiran P,Bike,Contract,3.76,Y
DP08379,Shreya R,Car,Full-time,4.03,Y
DP06655,Santosh U,Scooter,Full-time,4.09,Y
DP13997,Ananya C,Scooter,Contract,4.43,Y
DP12509,Priya D,Bike,Full-time,4.61,Y
DP01230,Deepak O,Cycle,Full-time,3.92,Y
DP04452,Vikas Z,Bike,Full-time,4.41,Y
DP14387,Shreya U,Bike,Full-time,4.43,Y
DP00560,Vikas D,Scooter,Full-time,4.19,Y
DP07027,Pooja B,Scooter,Contract,4.28,Y
DP00666,Priya N,Bike,Contract,4.81,Y
DP00888,Pooja I,Scooter,Full-time,4.44,Y
DP12914,Rahul Y,Bike,Full-time,3.77,Y
DP10466,Meena L,Scooter,Full-time,4.18,Y
DP11647,Amit W,Scooter,Part-time,3.99,Y
DP04817,Santosh S,Bike,Contract,4.25,Y
DP10432,Ananya K,Scooter,Full-time,4.39,Y
DP11005,Divya L,Scooter,Full-time,4.25,Y
DP00542,Santosh C,Bike,Full-time,4.12,Y
DP09691,Santosh Q,Bike,Part-time,4.18,Y
DP02959,Priya K,Bike,Contract,4.26,Y
DP02153,Suresh E,Bike,Part-time,4.36,N
DP10472,Manoj A,Scooter,Full-time,4.45,N
DP03638,Rakesh R,Scooter,Contract,4.17,Y
DP10196,Pooja M,Bike,Contract,3.85,Y
DP10227,Manoj F,Bike,Full-time,4.04,Y
DP03480,Ravi K,Bike,Full-time,4.38,Y
DP02619,Meena L,Bike,Full-time,4.12,N
DP13058,Priya K,Bike,Full-time,3.63,Y
DP08983,Ravi R,Bike,Full-time,4.55,Y
DP01552,Santosh M,Bike,Contract,3.75,Y
DP12954,Sneha L,Scooter,Full-time,4.47,Y
DP08707,Manoj T,Scooter,Full-time,4.24,Y
DP06544,Manoj H,Scooter,Full-time,4.1,Y
DP00333,Divya N,Scooter,Part-time,4.01,Y
DP07824,Santosh S,Cycle,Part-time,3.55,Y
DP09630,Santosh W,Scooter,Full-time,4.14,Y
DP04394,Suresh O,Scooter,Part-time,4.29,Y
DP08237,Arjun J,Cycle,Full-time,4.55,Y
DP03866,Sneha K,Bike,Part-time,4.08,Y
DP11497,Rahul E,Bike,Full-time,3.84,Y
DP09023,Pooja D,Scooter,Part-time,4.07,Y
DP11216,Santosh M,Bike,Part-time,3.95,Y
DP03701,Nikhil P,Bike,Full-time,4.4,Y
DP07825,Meena B,Scooter,Contract,4.11,Y
DP05495,Rahul T,Bike,Part-time,4.14,Y
DP08219,Rahul Y,Cycle,Full-time,4.46,Y
DP07748,Vikas E,Scooter,Full-time,4.32,Y
DP01716,Arjun Z,Bike,Part-time,3.95,Y
DP00579,Divya R,Scooter,Part-time,3.95,Y
DP14230,Santosh K,Bike,Contract,4.75,Y
DP10611,Divya D,Bike,Contract,4.27,Y
DP03475,Kiran I,Bike,Part-time,4.25,Y
DP02441,Shreya N,Bike,Full-time,4.3,Y
DP13538,Santosh R,Bike,Part-time,4.04,Y
DP05403,Priya B,Scooter,Full-time,4.36,Y
DP11402,Ravi R,Bike,Contract,4.47,Y
DP01823,Ravi J,Scooter,Full-time,3.98,Y
DP10140,Santosh L,Bike,Part-time,3.89,Y
DP13060,Ravi F,Scooter,Part-time,4.69,Y
DP04732,Kiran R,Car,Full-time,4.1,Y
DP04955,Amit O,Scooter,Part-time,4.63,Y
DP02142,Ananya N,Scooter,Full-time,3.93,Y
DP09867,Nikhil A,Scooter,Full-time,4.04,Y
DP00663,Sneha I,Scooter,Contract,3.89,Y
DP13318,Santosh L,Scooter,Contract,4.06,N
DP03321,Shreya Y,Scooter,Contract,4.62,Y
DP02855,Rakesh C,Cycle,Part-time,4.15,Y
DP00455,Ananya R,Scooter,Part-time,4.78,Y
DP01613,Meena L,Bike,Full-time,4.9,Y
DP09451,Vikas F,Scooter,Part-time,4.01,Y
DP08014,Neha D,Bike,Full-time,4.3,Y
DP02792,Priya J,Bike,Full-time,4.27,Y
DP07804,Shreya Q,Scooter,Contract,3.85,Y
DP00118,Priya A,Bike,Full-time,4.1,Y
DP06066,Shreya X,Scooter,Part-time,4.37,Y
DP01671,Amit G,Bike,Full-time,4.33,Y
DP05734,Manoj C,Bike,Part-time,3.54,Y
DP02817,Amit W,Bike,Part-time,4.31,Y
DP11679,Rakesh X,Bike,Full-time,4.24,N
DP07735,Arjun G,Scooter,Part-time,4.71,Y
DP11307,Divya Y,Scooter,Full-time,3.54,Y
DP08322,Nikhil G,Scooter,Part-time,4.39,N
DP04191,Nikhil L,Bike,Contract,4.2,Y
DP06888,Priya K,Cycle,Part-time,3.82,Y
DP10443,Neha Q,Car,Full-time,4.1,Y
DP02604,Nikhil Y,Scooter,Part-time,4.01,Y
DP01770,Meena P,Scooter,Part-time,3.94,Y
DP11424,Vikas K,Bike,Full-time,3.92,N
DP04242,Neha B,Scooter,Contract,4.3,Y
DP04235,Ananya Z,Bike,Full-time,4.58,Y
DP11046,Ravi W,Bike,Part-time,4.46,Y
DP02714,Rakesh N,Cycle,Full-time,4.27,Y
DP12048,Kiran G,Scooter,Contract,4.7,Y
DP06780,Meena H,Cycle,Part-time,4.05,Y
DP03997,Pooja N,Bike,Part-time,4.32,Y
DP08605,Manoj K,Cycle,Part-time,4.27,Y
DP06684,Nikhil X,Bike,Contract,4.32,N
DP05890,Priya U,Cycle,Full-time,3.95,Y
DP02711,Shreya I,Bike,Full-time,4.52,Y
DP11711,Arjun M,Cycle,Part-time,4.44,Y
DP00811,Priya A,Cycle,Full-time,4.21,Y
DP00956,Deepak P,Cycle,Part-time,4.89,Y
DP08912,Deepak P,Cycle,Full-time,4.21,Y
DP10755,Shreya X,Cycle,Part-time,4.07,Y
DP05261,Divya I,Bike,Full-time,4,Y
DP13653,Rahul G,Bike,Part-time,3.88,N
DP03540,Santosh Y,Scooter,Full-time,4.36,Y
DP09444,Meena E,Scooter,Part-time,4.56,Y
DP04197,Manoj W,Bike,Full-time,4.15,Y
DP03269,Pooja G,Bike,Contract,4.27,Y
DP06894,Rahul O,Bike,Part-time,3.68,Y
DP13710,Sneha M,Bike,Part-time,4.59,Y
DP06270,Rakesh B,Bike,Full-time,4.36,Y
DP06408,Santosh E,Bike,Contract,4.18,Y
DP00278,Kiran F,Scooter,Part-time,4.14,Y
DP04584,Meena W,Cycle,Contract,4.59,N
DP06160,Kiran D,Cycle,Full-time,4.08,Y
DP05079,Priya E,Bike,Full-time,4.42,Y
DP14731,Ravi T,Cycle,Contract,3.6,Y
DP10283,Rahul W,Cycle,Part-time,3.83,Y
DP13804,Ananya Y,Scooter,Full-time,4.04,Y
DP05790,Nikhil O,Scooter,Contract,4.44,Y
DP05312,Ananya L,Bike,Full-time,4.3,N
DP10452,Priya U,Scooter,Part-time,3.98,Y
DP01411,Nikhil I,Bike,Full-time,4.22,Y
DP09252,Suresh H,Bike,Full-time,4.23,Y
DP02213,Neha W,Scooter,Part-time,3.58,N
DP07242,Manoj I,Car,Full-time,4.35,Y
DP06798,Kiran K,Scooter,Part-time,4.6,Y
DP06122,Vikas Y,Bike,Full-time,4.26,Y
DP10942,Ravi W,Bike,Full-time,4.03,Y
DP08463,Sneha U,Scooter,Part-time,4.53,Y
DP11960,Shreya A,Scooter,Full-time,4.03,N
DP14597,Sneha T,Scooter,Part-time,4.55,Y
DP14060,Neha D,Bike,Part-time,4.42,Y
DP04764,Divya C,Scooter,Full-time,4.56,Y
DP05953,Divya P,Scooter,Contract,4.06,Y
DP03588,Rahul D,Scooter,Full-time,4.5,Y
DP07954,Deepak J,Bike,Full-time,4.34,Y
DP10557,Rakesh U,Bike,Contract,4.5,Y
DP01468,Neha I,Bike,Full-time,3.72,Y
DP10999,Nikhil H,Scooter,Contract,4.26,Y
DP14854,Divya V,Bike,Full-time,3.96,Y
DP13143,Vikas Y,Bike,Part-time,4.26,Y
DP00348,Pooja S,Scooter,Part-time,3.92,Y
DP13962,Arjun A,Bike,Contract,3.61,Y
DP13586,Divya X,Bike,Contract,3.96,N
DP05923,Vikas C,Bike,Full-time,4.43,Y
DP10415,Nikhil E,Scooter,Contract,4.55,Y
DP09666,Neha D,Cycle,Part-time,4.28,Y
DP05257,Nikhil U,Bike,Contract,3.85,N
DP03576,Santosh C,Cycle,Part-time,4.51,Y
DP03976,Meena C,Bike,Full-time,4.41,N
DP08978,Manoj L,Scooter,Full-time,3.98,Y
DP10513,Deepak H,Bike,Full-time,4.42,Y
DP07302,Priya Y,Cycle,Full-time,3.97,Y
DP00479,Vikas A,Bike,Contract,4,Y
DP03079,Santosh D,Scooter,Contract,4.25,Y
DP14780,Suresh J,Bike,Full-time,4.2,Y
DP12701,Sneha D,Car,Full-time,4.41,Y
DP04870,Pooja L,Scooter,Full-time,4.03,Y
DP11712,Rahul L,Scooter,Part-time,4.52,N
DP03584,Arjun H,Cycle,Full-time,4.47,Y
DP08785,Meena W,Bike,Part-time,3.83,Y
DP09273,Kiran P,Scooter,Full-time,3.78,N
DP10391,Santosh H,Bike,Full-time,4.02,Y
DP07548,Rakesh X,Bike,Full-time,4.43,Y
DP04677,Suresh K,Bike,Part-time,4.18,Y
DP12345,Ananya S,Bike,Full-time,3.99,Y
DP11519,Amit M,Bike,Part-time,3.73,Y
DP06430,Neha X,Scooter,Part-time,3.92,Y
DP06702,Vikas U,Bike,Part-time,4.22,Y
DP07701,Deepak F,Scooter,Part-time,4.18,Y
DP14409,Sneha M,Cycle,Full-time,4.44,Y
DP09204,Neha Q,Car,Full-time,3.94,Y
DP13488,Arjun B,Cycle,Contract,3.79,N
DP09124,Divya P,Scooter,Part-time,4.03,Y
DP08617,Deepak D,Scooter,Contract,4.12,Y
DP11831,Manoj S,Scooter,Full-time,3.96,Y
DP09961,Rakesh N,Cycle,Full-time,4.28,N
DP12537,Divya U,Scooter,Full-time,4.08,Y
DP07868,Shreya E,Scooter,Full-time,4.1,N
DP04305,Meena N,Bike,Part-time,4.53,N
DP03647,Suresh V,Cycle,Full-time,4.35,Y
DP09741,Vikas C,Scooter,Part-time,4.04,Y
DP02634,Rahul K,Bike,Contract,3.8,Y
DP14219,Neha R,Bike,Full-time,4.17,Y
DP03804,Shreya O,Cycle,Full-time,4.26,Y
DP06919,Rahul H,Bike,Part-time,4.14,Y
DP03004,Arjun F,Scooter,Full-time,4.58,Y
DP10416,Neha C,Scooter,Full-time,4.32,N
DP01649,Meena R,Scooter,Full-time,4.24,Y
DP01587,Pooja F,Cycle,Full-time,4.31,Y
DP04326,Amit U,Car,Full-time,3.99,N
DP06403,Neha W,Bike,Part-time,4.18,Y
DP08375,Santosh W,Cycle,Full-time,3.83,Y
DP01995,Rahul F,Scooter,Full-time,4.21,Y
DP07281,Arjun H,Scooter,Part-time,4.02,Y
DP07669,Arjun B,Scooter,Full-time,3.87,Y
DP02023,Pooja F,Cycle,Full-time,4.56,Y
DP06590,Manoj K,Bike,Full-time,4.22,Y
DP00798,Neha M,Car,Full-time,4.19,Y
DP04866,Rahul K,Scooter,Full-time,4.75,N
DP05566,Amit F,Cycle,Full-time,4.15,Y
DP03002,Ananya F,Bike,Full-time,3.81,Y
DP06071,Sneha C,Bike,Contract,4.1,N
DP03097,Sneha F,Bike,Part-time,3.97,Y
DP13353,Sneha G,Car,Full-time,3.33,Y
DP00220,Santosh A,Scooter,Contract,4.06,Y
DP14012,Kiran X,Scooter,Full-time,4.04,Y
DP06159,Santosh O,Scooter,Contract,4.28,Y
DP11538,Amit N,Bike,Part-time,4.35,Y
DP11119,Rahul J,Bike,Full-time,4.16,Y
DP10043,Kiran J,Car,Part-time,4.41,Y
DP05542,Kiran K,Scooter,Part-time,4.25,Y
DP14386,Ravi J,Bike,Full-time,3.77,Y
DP03057,Divya H,Bike,Full-time,4.84,Y
DP14265,Suresh N,Car,Full-time,4.59,Y
DP02979,Santosh Y,Scooter,Part-time,4.21,N
DP10603,Suresh K,Bike,Contract,4.07,Y
DP13186,Priya T,Scooter,Full-time,4.15,N
DP01752,Neha W,Scooter,Contract,3.55,Y
DP05605,Sneha Z,Cycle,Full-time,4.51,N
DP10006,Santosh R,Bike,Contract,4.31,Y
DP14519,Sneha F,Scooter,Full-time,4.38,Y
DP06437,Rahul I,Bike,Full-time,4.23,Y
DP04919,Sneha R,Scooter,Part-time,4.04,Y
DP09078,Sneha J,Bike,Full-time,4.29,Y
DP13746,Manoj N,Cycle,Full-time,3.46,Y
DP00712,Pooja N,Cycle,Full-time,4.02,Y
DP01899,Meena M,Bike,Contract,4.04,Y
DP07372,Priya T,Scooter,Contract,4.3,Y
DP10856,Priya F,Bike,Contract,4.06,Y
DP04847,Santosh D,Scooter,Full-time,4.2,Y
DP11984,Arjun A,Cycle,Contract,4.09,Y
DP10690,Shreya E,Cycle,Part-time,4.7,Y
DP12328,Deepak Z,Scooter,Part-time,3.74,Y
DP03180,Vikas O,Cycle,Full-time,4.45,Y
DP04243,Rahul Y,Bike,Contract,4.28,Y
DP01796,Nikhil G,Scooter,Contract,3.53,Y
DP08030,Sneha C,Scooter,Full-time,3.95,N
DP13088,Ananya G,Scooter,Contract,4.23,Y
DP09150,Pooja X,Scooter,Full-time,3.84,Y
DP11707,Rahul K,Bike,Contract,3.72,Y
DP01205,Shreya S,Scooter,Contract,4.37,Y
DP00197,Priya S,Bike,Full-time,4.79,Y
DP07445,Rahul B,Scooter,Full-time,4.28,Y
DP11541,Vikas G,Scooter,Full-time,3.97,Y
DP10637,Neha G,Car,Full-time,4.16,Y
DP07168,Deepak D,Scooter,Contract,4.18,Y
DP07923,Pooja E,Bike,Full-time,4.17,Y
DP12051,Amit X,Scooter,Full-time,4.37,Y
DP05004,Amit T,Bike,Full-time,3.92,Y
DP10848,Deepak I,Bike,Full-time,4.34,Y
DP03695,Sneha K,Car,Part-time,4.42,Y
DP11438,Suresh X,Scooter,Full-time,4.15,Y
DP14584,Rakesh H,Scooter,Full-time,4.1,Y
DP14406,Divya B,Bike,Part-time,4.27,Y
DP14092,Meena K,Scooter,Part-time,4.12,Y
DP14654,Priya H,Scooter,Part-time,3.9,Y
DP04737,Vikas N,Scooter,Part-time,4.18,Y
DP11807,Rahul Z,Scooter,Full-time,4.03,Y
DP03267,Pooja F,Scooter,Full-time,4.09,N
DP02428,Ananya O,Cycle,Part-time,4.28,Y
DP09767,Ananya X,Car,Full-time,4.76,Y
DP09714,Arjun N,Bike,Part-time,3.98,Y
DP07163,Arjun I,Bike,Full-time,4.36,N
DP14257,Manoj S,Bike,Contract,4.09,N
DP12231,Suresh I,Cycle,Part-time,4.53,Y
DP05326,Pooja D,Cycle,Part-time,4.27,Y
DP08599,Arjun J,Cycle,Full-time,3.99,Y
DP08696,Sneha E,Scooter,Part-time,3.95,Y
DP06997,Manoj J,Scooter,Full-time,4.46,Y
DP00153,Ananya T,Bike,Full-time,4.42,Y
DP07664,Neha V,Scooter,Full-time,4.18,Y
DP08841,Pooja G,Bike,Full-time,4.34,Y
DP04848,Pooja S,Scooter,Full-time,3.88,Y
DP09209,Divya G,Scooter,Full-time,3.76,Y
DP03682,Shreya R,Cycle,Contract,4.03,Y
DP07360,Amit U,Cycle,Full-time,3.64,N
DP10481,Ananya O,Bike,Full-time,3.97,Y
DP02190,Rakesh G,Scooter,Contract,4.32,Y
DP14179,Divya V,Bike,Full-time,4.45,N
DP09034,Meena Z,Scooter,Part-time,4.52,Y
DP01382,Santosh I,Bike,Contract,3.75,Y
DP04425,Ananya J,Car,Full-time,4.89,Y
DP01622,Suresh Q,Bike,Full-time,4.13,Y
DP01506,Ananya T,Scooter,Part-time,4.07,N
DP12182,Suresh H,Bike,Full-time,4.25,Y
DP13056,Amit U,Bike,Part-time,4.5,Y
DP13900,Santosh X,Scooter,Part-time,4.45,N
DP05985,Sneha I,Scooter,Full-time,4.27,Y
DP12838,Ananya U,Bike,Part-time,4.13,Y
DP06142,Rakesh B,Bike,Full-time,3.65,Y
DP01853,Divya A,Cycle,Full-time,4.1,N
DP12679,Santosh W,Car,Part-time,4.21,Y
DP01193,Divya Z,Cycle,Contract,4.85,Y
DP03553,Sneha H,Scooter,Full-time,4.59,Y
DP13133,Shreya C,Cycle,Part-time,4.75,Y
DP03854,Vikas C,Bike,Part-time,3.69,N
DP01675,Vikas C,Scooter,Full-time,4.03,Y
DP03545,Meena I,Scooter,Part-time,4.56,Y
DP02731,Kiran Q,Scooter,Full-time,4.69,Y
DP00669,Santosh Q,Scooter,Full-time,4.17,Y
DP05681,Neha K,Bike,Part-time,3.63,Y
DP01886,Pooja Z,Bike,Contract,4.28,Y
DP00165,Priya Z,Car,Contract,4.03,Y
DP11096,Pooja G,Bike,Full-time,4.37,Y
DP14169,Ravi M,Bike,Contract,4.22,Y
DP13317,Ananya V,Scooter,Contract,4.5,Y
DP07608,Amit I,Scooter,Full-time,4.44,Y
DP02525,Arjun L,Scooter,Full-time,4.34,Y
DP11974,Ravi S,Scooter,Contract,4.02,Y
DP09080,Vikas L,Bike,Part-time,4.2,Y
DP14887,Ananya U,Car,Contract,4.27,Y
DP13342,Ravi J,Scooter,Full-time,4.14,Y
DP07878,Rakesh Q,Scooter,Part-time,4.16,Y
DP01722,Sneha I,Scooter,Contract,3.83,Y
DP05996,Kiran E,Cycle,Full-time,3.51,N
DP06618,Ravi J,Scooter,Full-time,4.23,Y
DP11294,Vikas N,Scooter,Contract,4.02,Y
DP12527,Meena E,Bike,Part-time,4.4,N
DP00226,Ravi M,Bike,Contract,4.05,Y
DP03984,Ravi Q,Car,Contract,4.36,Y
DP11617,Kiran U,Scooter,Contract,3.98,Y
DP11508,Sneha F,Scooter,Full-time,5,Y
DP10612,Neha Y,Scooter,Full-time,3.98,Y
DP03432,Shreya R,Scooter,Contract,4.64,Y
DP03220,Ananya F,Bike,Part-time,4.68,Y
DP02716,Neha R,Cycle,Full-time,4.58,Y
DP01803,Pooja G,Cycle,Part-time,4.61,Y
DP06081,Nikhil I,Scooter,Part-time,3.77,N
DP02110,Arjun P,Scooter,Full-time,3.93,N
DP02813,Ananya N,Scooter,Part-time,3.91,Y
DP13905,Neha D,Scooter,Full-time,3.83,Y
DP07541,Meena W,Bike,Full-time,3.96,Y
DP01220,Divya W,Scooter,Full-time,4.02,Y
DP10842,Suresh G,Bike,Part-time,4.22,Y
DP07861,Nikhil Q,Bike,Full-time,3.94,N
DP12289,Ananya M,Scooter,Full-time,4.45,Y
DP00451,Rahul F,Scooter,Part-time,4.06,N
DP13771,Rahul S,Bike,Full-time,4.08,Y
DP07157,Ananya H,Bike,Part-time,4.15,Y
DP02650,Amit I,Bike,Full-time,4.32,Y
DP03150,Vikas W,Scooter,Contract,3.99,Y
DP08417,Vikas S,Bike,Full-time,4.3,Y
DP12847,Priya L,Cycle,Full-time,4.17,Y
DP05502,Rakesh T,Scooter,Full-time,3.64,Y
DP02479,Amit V,Car,Part-time,4.26,Y
DP07570,Rakesh T,Scooter,Full-time,4.04,Y
DP10874,Pooja Y,Bike,Part-time,4.39,Y
DP06310,Neha J,Bike,Full-time,4.01,Y
DP09395,Deepak S,Scooter,Contract,4.31,Y
DP04757,Arjun L,Scooter,Part-time,3.91,Y
DP02898,Neha F,Scooter,Full-time,4.05,N
DP12233,Priya O,Scooter,Part-time,3.64,Y
DP10558,Divya D,Scooter,Part-time,4.67,Y
DP09773,Santosh B,Scooter,Full-time,4.3,Y
DP09530,Divya G,Cycle,Contract,4.23,Y
DP14742,Deepak P,Scooter,Full-time,4.07,Y
DP00593,Meena B,Scooter,Part-time,4.27,Y
DP12523,Rahul L,Scooter,Full-time,4.41,Y
DP09103,Pooja R,Bike,Full-time,4.38,N
DP11166,Rakesh A,Scooter,Full-time,4.03,Y
DP10664,Neha M,Scooter,Part-time,4.45,Y
DP08278,Shreya Z,Scooter,Contract,3.98,Y
DP07200,Neha C,Scooter,Full-time,4.19,Y
DP04520,Ravi B,Scooter,Full-time,4.32,Y
DP03152,Neha E,Scooter,Full-time,4.49,Y
DP02775,Priya Y,Bike,Part-time,4.23,Y
DP12755,Sneha S,Scooter,Contract,3.89,Y
DP12615,Suresh R,Bike,Full-time,4,Y
DP09370,Rahul O,Bike,Contract,4.44,Y
DP06450,Suresh K,Bike,Contract,4.11,Y
DP05805,Deepak Q,Scooter,Contract,4.25,Y
DP12792,Vikas S,Bike,Full-time,4.17,Y
DP06353,Santosh H,Scooter,Part-time,4.41,N
DP09423,Pooja L,Cycle,Part-time,3.75,Y
DP14061,Vikas Z,Scooter,Part-time,4.14,Y
DP14182,Divya L,Bike,Part-time,4.52,N
DP10321,Nikhil R,Bike,Full-time,4.06,Y
DP06596,Divya O,Scooter,Contract,3.87,Y
DP08743,Neha J,Bike,Part-time,4.71,Y
DP00075,Deepak R,Scooter,Part-time,3.89,Y
DP11214,Suresh Y,Scooter,Full-time,3.84,Y
DP14436,Amit J,Cycle,Full-time,4.46,Y
DP08269,Kiran A,Cycle,Full-time,4.54,N
DP00729,Arjun A,Cycle,Contract,4.37,Y
DP12187,Rakesh G,Bike,Contract,4.23,Y
DP03054,Rahul Y,Scooter,Full-time,4.16,Y
DP04564,Deepak Y,Scooter,Contract,4.42,N
DP14438,Amit J,Bike,Full-time,3.89,Y
DP07675,Meena F,Scooter,Full-time,4.41,Y
DP03457,Rakesh N,Bike,Contract,4.21,Y
DP04594,Meena Q,Bike,Full-time,4.62,N
DP07927,Amit O,Cycle,Contract,4.31,N
DP06868,Kiran B,Bike,Part-time,4.28,Y
DP06453,Ananya S,Scooter,Contract,4.19,Y
DP05773,Vikas N,Bike,Part-time,4.37,Y
DP10928,Amit L,Bike,Full-time,4.18,Y
DP11203,Suresh O,Bike,Full-time,4.08,N
DP08106,Priya U,Bike,Full-time,4.34,Y
DP10213,Sneha L,Cycle,Part-time,4.51,Y
DP13892,Deepak K,Bike,Full-time,4.26,Y
DP13777,Amit B,Bike,Full-time,4.41,N
DP12929,Meena V,Scooter,Full-time,4.28,Y
DP05487,Divya B,Bike,Full-time,4.17,Y
DP01385,Shreya T,Bike,Full-time,3.98,Y
DP08068,Nikhil F,Bike,Full-time,4.23,Y
DP05091,Priya W,Scooter,Part-time,3.84,Y
DP12270,Ananya K,Bike,Part-time,3.64,Y
DP04642,Divya O,Bike,Full-time,3.84,Y
DP01601,Priya F,Scooter,Full-time,3.64,Y
DP00391,Shreya U,Scooter,Part-time,4.11,Y
DP11671,Deepak R,Scooter,Full-time,4.27,Y
DP02392,Ravi S,Scooter,Contract,4.38,Y
DP12158,Arjun L,Bike,Part-time,4.03,Y
DP03453,Amit F,Bike,Full-time,4.4,Y
DP08166,Priya T,Cycle,Contract,3.41,Y
DP07668,Priya U,Car,Contract,4.53,Y
DP06567,Manoj P,Scooter,Part-time,4.01,Y
DP00659,Kiran A,Bike,Full-time,4.55,Y
DP01805,Divya V,Bike,Full-time,4.94,Y
DP09491,Deepak K,Scooter,Part-time,3.96,N
DP11021,Neha P,Scooter,Full-time,3.78,Y
DP00034,Santosh P,Bike,Contract,4.12,Y
DP02297,Kiran K,Scooter,Full-time,4.3,Y
DP12049,Santosh B,Scooter,Full-time,3.82,N
DP01694,Manoj H,Scooter,Full-time,3.81,Y
DP12140,Meena X,Scooter,Part-time,4.34,Y
DP08058,Rakesh Y,Scooter,Full-time,4.5,N
DP14563,Neha Y,Scooter,Full-time,4.67,Y
DP01725,Priya K,Scooter,Full-time,3.5,Y
DP11943,Ravi L,Bike,Contract,3.95,Y
DP11652,Sneha B,Bike,Contract,4.11,Y
DP10870,Amit L,Cycle,Full-time,4.13,Y
DP10017,Sneha O,Scooter,Full-time,4.76,N
DP07094,Sneha N,Bike,Full-time,3.65,Y
DP08518,Nikhil M,Cycle,Full-time,4.33,Y
DP05900,Kiran P,Bike,Full-time,4.44,N
DP09398,Suresh T,Bike,Contract,3.91,Y
DP06427,Nikhil B,Bike,Part-time,4.28,Y
DP07429,Santosh B,Cycle,Part-time,4.14,Y
DP08715,Shreya O,Cycle,Contract,4.24,Y
DP00658,Priya I,Scooter,Full-time,4.85,Y
DP02623,Arjun K,Cycle,Full-time,3.85,Y
DP12730,Sneha Q,Scooter,Part-time,4.12,Y
DP01791,Rahul E,Car,Part-time,4.45,Y
DP09686,Manoj F,Bike,Contract,4.2,N
DP09660,Manoj X,Cycle,Full-time,4.1,Y
DP13144,Neha V,Bike,Full-time,3.94,Y
DP03556,Ananya X,Bike,Part-time,4.71,Y
DP05611,Nikhil M,Scooter,Full-time,4.39,Y
DP06763,Deepak A,Bike,Part-time,3.79,Y
DP12276,Suresh Y,Scooter,Full-time,4.67,Y
DP03209,Rahul H,Scooter,Full-time,4.02,N
DP14988,Arjun O,Bike,Full-time,4.73,N
DP07280,Pooja I,Scooter,Full-time,4.1,Y
DP09275,Santosh L,Bike,Contract,4.47,Y
DP09207,Ananya S,Scooter,Full-time,3.58,Y
DP10770,Rakesh C,Scooter,Contract,4.26,N
DP09679,Ananya R,Cycle,Contract,4.59,Y
DP10846,Neha B,Scooter,Part-time,4.12,Y
DP00120,Arjun C,Bike,Part-time,4.44,Y
DP14276,Suresh I,Scooter,Part-time,4.04,Y
DP13606,Vikas M,Cycle,Full-time,4.67,Y
DP14015,Arjun S,Bike,Part-time,4.04,Y
DP12359,Manoj X,Scooter,Full-time,4.3,Y
DP07631,Arjun D,Scooter,Contract,4.35,Y
DP05737,Ravi D,Scooter,Full-time,3.59,Y
DP13563,Rahul Q,Scooter,Full-time,4.19,Y
DP13676,Amit J,Bike,Full-time,4.11,N
DP01801,Kiran O,Bike,Part-time,4.57,Y
DP09701,Arjun F,Scooter,Full-time,4.82,Y
DP00037,Nikhil T,Bike,Full-time,4.6,Y
DP14322,Suresh H,Bike,Contract,4.34,Y
DP05105,Manoj O,Scooter,Part-time,4.36,Y
DP02169,Manoj G,Bike,Full-time,4.3,Y
DP05317,Neha N,Cycle,Contract,4.23,Y
DP12811,Suresh K,Bike,Full-time,4.21,N
DP04629,Deepak L,Car,Part-time,4.39,Y
DP08873,Arjun X,Bike,Full-time,3.71,N
DP05729,Divya T,Cycle,Contract,4.16,Y
DP04950,Rahul Y,Bike,Contract,4.06,Y
DP04251,Nikhil J,Bike,Part-time,4.13,Y
DP10433,Shreya A,Bike,Part-time,4.21,Y
DP01664,Sneha Z,Bike,Full-time,3.93,Y
DP01496,Pooja W,Scooter,Full-time,3.86,Y
DP01162,Neha S,Bike,Full-time,4.81,Y
DP11134,Shreya U,Scooter,Contract,4.31,Y
DP13705,Amit A,Scooter,Full-time,4.05,Y
DP10778,Suresh X,Car,Contract,4.31,Y
DP13185,Shreya B,Bike,Contract,4.2,Y
DP04041,Rakesh Z,Cycle,Full-time,4.01,Y
DP06458,Manoj Q,Scooter,Full-time,4.43,Y
DP13609,Manoj L,Cycle,Full-time,3.78,N
DP00698,Pooja E,Bike,Full-time,4.24,Y
DP07810,Pooja O,Bike,Contract,4.28,N
DP01652,Ravi P,Scooter,Contract,3.98,N
DP01294,Meena Z,Scooter,Contract,4.03,Y
DP06400,Vikas X,Bike,Full-time,3.92,Y
DP12756,Nikhil C,Scooter,Full-time,4.1,Y
DP02422,Suresh M,Scooter,Part-time,4.61,N
DP10068,Shreya A,Bike,Part-time,3.87,N
DP00044,Vikas M,Scooter,Part-time,3.71,Y
DP00258,Shreya C,Scooter,Part-time,4.37,Y
DP14020,Neha B,Bike,Part-time,4.22,Y
DP11107,Ananya D,Cycle,Full-time,3.89,Y
DP12030,Pooja K,Bike,Full-time,4.14,N
DP12202,Nikhil L,Bike,Full-time,4.44,Y
DP09635,Santosh B,Scooter,Contract,4.48,Y
DP10977,Sneha Z,Scooter,Full-time,4.84,Y
DP11385,Rakesh H,Scooter,Part-time,4.19,Y
DP01511,Deepak J,Scooter,Full-time,4.64,Y
DP05831,Suresh F,Cycle,Full-time,4.13,Y
DP04573,Rakesh F,Bike,Part-time,4.33,N
DP11583,Shreya C,Cycle,Contract,4.02,N
DP02183,Arjun U,Car,Part-time,4.9,Y
DP07039,Priya C,Scooter,Full-time,4.25,Y
DP01946,Nikhil A,Scooter,Contract,4.09,N
DP08347,Vikas M,Bike,Part-time,3.94,Y
DP13699,Ravi Y,Cycle,Full-time,4.04,N
DP00922,Kiran Z,Scooter,Part-time,3.92,N
DP04808,Pooja E,Bike,Contract,4,Y
DP10309,Nikhil Y,Scooter,Full-time,4.3,Y
DP10145,Kiran V,Scooter,Full-time,4.45,Y
DP02943,Manoj A,Car,Full-time,4.23,Y
DP08847,Suresh Y,Scooter,Contract,3.58,Y
DP06509,Ananya O,Scooter,Full-time,3.95,Y
DP01024,Amit Y,Scooter,Full-time,4.27,Y
DP10459,Nikhil G,Scooter,Part-time,4.34,Y
DP06580,Pooja F,Bike,Contract,4.74,Y
DP05253,Ananya Z,Bike,Full-time,4.01,N
DP11374,Priya G,Cycle,Part-time,4.27,Y
DP11801,Nikhil U,Cycle,Full-time,4.08,Y
DP01480,Kiran R,Scooter,Contract,3.86,Y
DP06479,Rahul N,Scooter,Part-time,3.85,Y
DP09120,Suresh N,Scooter,Full-time,4.2,N
DP03688,Sneha V,Scooter,Part-time,3.51,Y
DP06650,Rakesh W,Scooter,Contract,4.15,Y
DP00923,Priya P,Scooter,Part-time,4.05,Y
DP12629,Meena I,Bike,Full-time,4.4,Y
DP07032,Ravi P,Scooter,Full-time,4.45,Y
DP06709,Shreya J,Bike,Full-time,4.4,Y
DP00085,Divya M,Bike,Full-time,3.79,Y
DP10959,Meena C,Scooter,Part-time,4.57,Y
DP12438,Shreya N,Scooter,Part-time,4.21,N
DP13489,Amit Z,Bike,Full-time,4.31,Y
DP14978,Nikhil H,Cycle,Part-time,4.33,Y
DP01234,Priya I,Cycle,Part-time,4.5,Y
DP03798,Amit F,Scooter,Contract,4.55,N
DP01834,Suresh F,Cycle,Full-time,4.66,Y
DP08676,Ananya C,Bike,Part-time,4.39,Y
DP13664,Pooja L,Cycle,Contract,4.68,Y
DP08701,Pooja H,Cycle,Part-time,4.36,Y
DP04363,Divya S,Scooter,Part-time,4.06,Y
DP14287,Nikhil R,Scooter,Full-time,4.08,Y
DP05231,Arjun L,Scooter,Part-time,4.13,Y
DP07924,Santosh J,Bike,Full-time,3.78,N
DP13082,Vikas E,Bike,Part-time,4.28,Y
DP11926,Deepak Y,Bike,Contract,3.74,Y
DP03021,Amit U,Bike,Contract,3.8,Y
DP10465,Meena I,Car,Part-time,4.46,Y
DP07370,Meena Y,Scooter,Full-time,4.27,Y
DP00343,Sneha A,Cycle,Full-time,4.07,Y
DP09992,Amit C,Cycle,Full-time,4.55,N
DP10718,Manoj H,Cycle,Contract,4.1,Y
DP01333,Deepak X,Bike,Part-time,4.37,Y
DP03051,Neha O,Car,Full-time,3.96,Y
DP10396,Meena R,Scooter,Part-time,4.21,Y
DP02103,Suresh D,Car,Full-time,4.25,Y
DP10906,Meena M,Scooter,Full-time,3.96,Y
DP08721,Rakesh O,Scooter,Part-time,4.46,Y
DP10813,Ravi W,Scooter,Full-time,4.3,Y
DP00635,Divya M,Bike,Contract,4.07,Y
DP03502,Shreya N,Cycle,Part-time,4.35,Y
DP12970,Vikas W,Bike,Full-time,4.28,Y
DP00246,Deepak O,Scooter,Part-time,4.47,Y
DP13534,Neha J,Scooter,Full-time,3.94,N
DP14442,Rahul R,Cycle,Full-time,4.27,Y
DP00471,Rahul M,Scooter,Part-time,3.84,Y
DP08779,Santosh X,Bike,Full-time,3.36,Y
DP06258,Priya L,Scooter,Full-time,4.39,Y
DP09154,Arjun E,Bike,Full-time,3.88,Y
DP05376,Divya C,Bike,Full-time,4.54,Y
DP09271,Ravi W,Bike,Full-time,4.16,Y
DP09972,Neha C,Bike,Contract,4.22,Y
DP14556,Ananya E,Bike,Part-time,3.68,Y
DP02884,Meena H,Bike,Full-time,4.27,Y
DP14437,Rahul X,Bike,Part-time,3.88,Y
DP05380,Santosh C,Cycle,Part-time,4.71,Y
DP03872,Manoj D,Bike,Contract,3.9,Y
DP13633,Neha P,Bike,Part-time,4.31,N
DP02720,Arjun S,Scooter,Full-time,4.13,Y
DP14028,Rakesh V,Bike,Full-time,3.82,N
DP10279,Rakesh K,Bike,Contract,4.06,Y
DP10264,Arjun Q,Bike,Contract,3.6,Y
DP03198,Pooja Y,Scooter,Part-time,3.89,Y
DP11253,Arjun G,Scooter,Full-time,4.35,Y
DP09805,Ravi U,Bike,Full-time,4.68,N
DP04618,Santosh F,Bike,Full-time,4.21,Y
DP03947,Nikhil H,Car,Contract,3.9,Y
DP10187,Vikas T,Scooter,Part-time,4.57,Y
DP02744,Arjun M,Car,Full-time,4.33,Y
DP07582,Suresh M,Bike,Full-time,4.06,Y
DP08327,Divya S,Car,Part-time,4.23,Y
DP05724,Rahul R,Scooter,Part-time,4.13,Y
DP10769,Rakesh U,Scooter,Contract,3.9,Y
DP00064,Meena Z,Bike,Part-time,4.93,N
DP10162,Arjun Q,Scooter,Full-time,3.73,Y
DP01919,Sneha X,Bike,Contract,4.19,Y
DP13888,Divya C,Bike,Contract,4.44,Y
DP10952,Deepak G,Scooter,Full-time,4.19,Y
DP11466,Ravi I,Scooter,Part-time,3.76,Y
DP12904,Vikas N,Scooter,Part-time,4.37,Y
DP00642,Kiran E,Cycle,Full-time,4.56,Y
DP06489,Ananya C,Bike,Contract,3.83,Y
DP10583,Deepak Q,Scooter,Full-time,3.81,Y
DP02237,Nikhil D,Scooter,Contract,4.56,Y
DP05128,Ananya O,Scooter,Full-time,4.13,Y
DP00537,Rakesh K,Bike,Full-time,4.35,Y
DP10201,Rahul M,Car,Contract,4.61,Y
DP06790,Deepak E,Cycle,Full-time,4.07,Y
DP03346,Vikas S,Cycle,Contract,4.37,Y
DP10777,Kiran C,Bike,Contract,3.88,Y
DP14548,Pooja R,Bike,Part-time,4,N
DP03942,Nikhil B,Bike,Part-time,4.3,Y
DP09006,Priya G,Bike,Part-time,3.76,Y
DP00126,Nikhil H,Scooter,Part-time,4.1,Y
DP03391,Shreya O,Scooter,Full-time,4.45,Y
DP00793,Santosh D,Scooter,Contract,4.06,Y
DP10785,Meena I,Scooter,Full-time,4.37,Y
DP13973,Priya C,Scooter,Contract,4.32,Y
DP10366,Priya W,Scooter,Contract,4.06,Y
DP14346,Arjun E,Bike,Full-time,4.24,Y
DP10950,Manoj T,Scooter,Full-time,4.53,Y
DP12952,Shreya F,Scooter,Full-time,4.25,Y
DP11963,Ravi R,Bike,Part-time,3.77,Y
DP14229,Kiran Z,Cycle,Full-time,4.25,Y
DP07306,Santosh U,Bike,Part-time,3.9,Y
DP12816,Ananya D,Scooter,Full-time,4.27,N
DP09832,Suresh U,Bike,Full-time,4.32,Y
DP09279,Amit T,Bike,Part-time,4.1,Y
DP09170,Priya R,Bike,Contract,4.52,Y
DP12734,Pooja O,Bike,Full-time,4.37,Y
DP13670,Santosh M,Scooter,Part-time,4.68,Y
DP12055,Amit N,Cycle,Contract,4.18,Y
DP03590,Priya R,Car,Part-time,4.13,Y
DP01073,Deepak F,Scooter,Part-time,4.12,Y
DP01304,Vikas I,Scooter,Full-time,4.2,Y
DP09762,Vikas V,Bike,Contract,3.79,N
DP02649,Vikas L,Scooter,Part-time,4.29,Y
DP04424,Vikas I,Bike,Contract,4.4,Y
DP12833,Shreya D,Scooter,Full-time,4.16,Y
DP07469,Ananya C,Bike,Part-time,4.22,Y
DP04661,Rahul X,Bike,Full-time,4.1,Y
DP07062,Kiran G,Bike,Contract,4.73,Y
DP08567,Amit I,Scooter,Full-time,4.09,Y
DP03062,Manoj F,Bike,Contract,4.2,Y
DP09544,Manoj A,Scooter,Part-time,4.25,Y
DP12504,Rahul O,Cycle,Full-time,4.14,Y
DP06151,Arjun L,Bike,Part-time,4.01,Y
DP12189,Kiran U,Bike,Part-time,3.67,N
DP07198,Rahul R,Scooter,Part-time,4.28,Y
DP14327,Shreya Y,Scooter,Part-time,4.38,Y
DP05934,Vikas B,Car,Full-time,3.84,Y
DP03549,Pooja G,Scooter,Part-time,3.89,Y
DP06467,Shreya X,Scooter,Part-time,4.1,Y
DP03857,Ravi C,Scooter,Contract,4.53,Y
DP03495,Divya M,Cycle,Full-time,4.03,Y
DP10310,Rakesh S,Bike,Part-time,4.13,Y
DP00166,Deepak N,Bike,Full-time,4.52,Y
DP12431,Deepak H,Scooter,Contract,3.99,N
DP03865,Suresh N,Scooter,Full-time,4.14,Y
DP06060,Ravi V,Scooter,Full-time,4.61,Y
DP10105,Priya K,Bike,Part-time,4.45,Y
DP01246,Santosh J,Scooter,Full-time,4.57,Y
DP00384,Vikas T,Bike,Contract,4.49,Y
DP01728,Sneha F,Car,Full-time,3.8,Y
DP09422,Priya L,Bike,Part-time,4.3,Y
DP11457,Sneha O,Scooter,Full-time,4.36,Y
DP13462,Arjun P,Scooter,Contract,3.8,Y
DP02961,Rahul Z,Bike,Contract,4.17,Y
DP11827,Priya T,Scooter,Contract,4.07,Y
DP14234,Shreya F,Cycle,Part-time,3.9,Y
DP06438,Meena P,Bike,Part-time,4.38,Y
DP10008,Shreya H,Bike,Part-time,4.04,Y
DP07162,Rahul N,Bike,Full-time,4.75,Y
DP14685,Divya X,Bike,Contract,3.7,Y
DP05587,Neha O,Cycle,Full-time,4.56,Y
DP12154,Shreya D,Bike,Part-time,4.39,Y
DP08122,Kiran H,Scooter,Contract,4.19,Y
DP10004,Kiran I,Scooter,Full-time,4.42,Y
DP02264,Ravi J,Cycle,Full-time,4.37,Y
DP07724,Kiran P,Scooter,Part-time,3.55,Y
DP08711,Rahul W,Bike,Full-time,4.27,Y
DP13280,Amit I,Scooter,Full-time,4.05,Y
DP01482,Divya P,Scooter,Full-time,3.62,Y
DP13907,Kiran B,Bike,Full-time,4.5,Y
DP01747,Amit W,Cycle,Contract,4,Y
DP05466,Meena R,Scooter,Full-time,4.12,Y
DP09500,Amit R,Scooter,Contract,4.2,Y
DP14752,Pooja A,Bike,Full-time,4.08,Y
DP00973,Ananya B,Bike,Part-time,4.14,Y
DP02019,Santosh Y,Bike,Full-time,4.21,Y
DP05750,Manoj F,Bike,Contract,4,Y
DP00204,Meena V,Bike,Full-time,4.08,Y
DP08076,Meena P,Bike,Part-time,4.07,Y
DP07853,Meena N,Scooter,Full-time,4.14,Y
DP03844,Pooja H,Bike,Part-time,4.21,N
DP01871,Neha Y,Scooter,Full-time,4.18,Y
DP05301,Manoj B,Car,Part-time,4.17,Y
DP14962,Meena Y,Bike,Contract,4.28,Y
DP09090,Nikhil M,Cycle,Part-time,4.18,Y
DP09551,Meena L,Scooter,Part-time,4.37,Y
DP14078,Ravi B,Scooter,Part-time,4.4,Y
DP08787,Divya R,Bike,Contract,3.66,Y
DP06112,Neha M,Bike,Full-time,5,Y
DP05168,Pooja R,Car,Full-time,4.35,Y
DP02377,Santosh L,Scooter,Full-time,4.46,Y
DP01350,Kiran Z,Cycle,Part-time,4.9,Y
DP11468,Neha Y,Bike,Part-time,4.12,Y
DP03494,Rakesh D,Scooter,Contract,3.62,Y
DP12846,Neha O,Scooter,Full-time,3.64,Y
DP14286,Vikas N,Scooter,Full-time,4.23,Y
DP04150,Santosh W,Cycle,Full-time,3.92,Y
DP09689,Kiran Q,Bike,Contract,4.54,Y
DP10186,Nikhil B,Bike,Part-time,3.23,Y
DP00208,Rahul C,Bike,Full-time,4.47,Y
DP14735,Sneha H,Bike,Part-time,4.3,Y
DP06523,Kiran C,Scooter,Part-time,4.45,Y
DP02808,Manoj E,Bike,Full-time,3.54,N
DP14910,Meena J,Bike,Full-time,4.51,Y
DP03351,Rahul B,Bike,Full-time,4.19,Y
DP10003,Manoj I,Cycle,Full-time,3.73,Y
DP12224,Santosh T,Bike,Contract,4.18,Y
DP13752,Pooja E,Scooter,Contract,4.91,Y
DP11229,Nikhil Z,Scooter,Contract,4.29,Y
DP10291,Manoj P,Scooter,Full-time,4.11,Y
DP05111,Arjun G,Cycle,Full-time,4.81,Y
DP05955,Meena Z,Bike,Part-time,4.09,Y
DP00082,Divya L,Bike,Part-time,4.53,Y
DP10219,Ananya X,Bike,Part-time,3.93,N
DP04776,Priya I,Bike,Contract,3.96,N
DP11925,Meena O,Bike,Full-time,4.24,Y
DP13209,Sneha P,Bike,Contract,4.43,Y
DP03282,Meena U,Scooter,Contract,4.9,Y
DP02732,Sneha T,Bike,Full-time,4.5,Y
DP01917,Arjun H,Scooter,Full-time,4.23,Y
DP03357,Pooja W,Scooter,Full-time,4.46,Y
DP11776,Suresh X,Scooter,Full-time,3.64,Y
DP13494,Shreya H,Car,Full-time,4.06,Y
DP06918,Sneha X,Bike,Full-time,4.68,Y
DP00993,Deepak L,Scooter,Full-time,4.09,Y
DP03382,Shreya B,Scooter,Full-time,4.1,Y
DP13467,Rakesh Y,Cycle,Part-time,4.32,N
DP10398,Rahul C,Scooter,Part-time,4.17,Y
DP08703,Deepak B,Scooter,Part-time,3.86,Y
DP12341,Pooja C,Scooter,Full-time,4.27,Y
DP10643,Ananya M,Bike,Part-time,4.01,N
DP02837,Amit T,Bike,Full-time,4.18,Y
DP00917,Vikas P,Bike,Full-time,4.37,Y
DP11762,Pooja Y,Scooter,Full-time,4.4,Y
DP01930,Rahul E,Car,Full-time,4.27,Y
DP07848,Divya T,Cycle,Full-time,4.18,Y
DP03609,Amit Q,Cycle,Part-time,3.98,Y
DP07533,Neha R,Scooter,Full-time,4.46,Y
DP07761,Ravi L,Bike,Part-time,4.38,Y
DP05977,Sneha G,Bike,Contract,4.39,Y
DP13816,Amit N,Bike,Contract,4.17,Y
DP08286,Manoj F,Bike,Full-time,4.51,Y
DP11897,Kiran G,Scooter,Full-time,4.17,Y
DP10832,Priya A,Bike,Full-time,4.05,N
DP11689,Arjun G,Scooter,Contract,4.38,Y
DP05588,Santosh X,Scooter,Full-time,4.1,N
DP07126,Vikas J,Scooter,Contract,4.33,Y
DP11288,Meena M,Scooter,Contract,4,N
DP10243,Kiran E,Scooter,Full-time,4.46,N
DP10766,Suresh K,Scooter,Contract,4.15,N
DP02504,Suresh X,Bike,Full-time,4.22,N
DP05444,Rahul S,Bike,Full-time,4.02,N
DP05956,Nikhil H,Scooter,Part-time,4.06,N
DP11476,Manoj W,Car,Full-time,4.26,Y
DP12244,Meena R,Bike,Contract,4.51,Y
DP00997,Amit B,Cycle,Contract,4.16,Y
DP10753,Ananya K,Scooter,Part-time,4.01,Y
DP06877,Arjun E,Bike,Full-time,4.38,Y
DP14819,Vikas N,Scooter,Part-time,4.42,Y
DP12874,Pooja M,Scooter,Full-time,4.37,Y
DP13697,Vikas L,Bike,Contract,3.97,Y
DP14603,Ananya U,Bike,Full-time,4.38,Y
DP03725,Nikhil H,Car,Full-time,4.45,N
DP04828,Suresh P,Cycle,Part-time,4.16,Y
DP11059,Priya I,Bike,Full-time,3.96,Y
DP05490,Neha E,Scooter,Contract,4.13,Y
DP12839,Sneha O,Bike,Contract,4.24,Y
DP14016,Rahul N,Cycle,Part-time,3.65,Y
DP02268,Pooja E,Bike,Contract,4.03,Y
DP08312,Shreya M,Car,Contract,3.88,Y
DP00773,Vikas E,Scooter,Full-time,4.03,Y
DP13970,Priya Q,Bike,Full-time,4.72,Y
DP09325,Suresh V,Scooter,Full-time,4.19,Y
DP03335,Shreya V,Bike,Contract,4.06,Y
DP13486,Vikas K,Cycle,Full-time,4.23,Y
DP04292,Rahul S,Scooter,Full-time,3.94,Y
DP14046,Ananya Q,Scooter,Part-time,4.16,Y
DP02181,Neha K,Bike,Full-time,3.76,Y
DP03093,Ananya O,Bike,Part-time,4.2,Y
DP09375,Ravi G,Bike,Part-time,4.52,Y
DP03217,Ravi G,Bike,Part-time,3.63,Y
DP13443,Nikhil S,Cycle,Contract,4.38,Y
DP11196,Nikhil C,Cycle,Full-time,4.2,Y
DP08607,Divya I,Scooter,Full-time,4.06,Y
DP07840,Meena Q,Bike,Full-time,4.98,Y
DP05543,Kiran S,Scooter,Part-time,4.34,Y
DP10960,Sneha J,Scooter,Full-time,4.1,Y
DP07678,Priya G,Cycle,Part-time,4.48,Y
DP12591,Arjun T,Scooter,Full-time,4.36,Y
DP05806,Rahul B,Bike,Full-time,4.04,Y
DP01120,Santosh S,Car,Full-time,4.03,Y
DP10507,Shreya V,Scooter,Full-time,4.3,Y
DP04840,Kiran N,Scooter,Contract,4.15,Y
DP13524,Deepak J,Bike,Full-time,4.6,Y
DP14220,Suresh O,Bike,Full-time,4.07,Y
DP09663,Ravi V,Scooter,Contract,4.39,Y
DP10498,Manoj P,Scooter,Contract,4.25,Y
DP08660,Priya C,Bike,Full-time,4.86,Y
DP01683,Rahul M,Bike,Full-time,4.16,Y
DP11178,Neha R,Scooter,Full-time,4.35,N
DP11408,Kiran Q,Scooter,Part-time,3.84,Y
DP04201,Amit U,Bike,Contract,4.32,Y
DP02434,Priya Y,Scooter,Part-time,4.57,Y
DP08857,Manoj R,Bike,Part-time,4.29,N
DP03528,Sneha K,Scooter,Full-time,4.22,Y
DP04283,Ananya H,Cycle,Contract,3.84,N
DP05933,Pooja K,Scooter,Full-time,3.66,Y
DP09268,Pooja V,Bike,Contract,4.06,Y
DP09895,Nikhil N,Bike,Full-time,4.3,Y
DP09102,Arjun F,Scooter,Contract,4.2,Y
DP08050,Amit W,Scooter,Full-time,3.97,N
DP11276,Rakesh S,Bike,Full-time,4.31,Y
DP06087,Shreya K,Scooter,Full-time,3.85,Y
DP06044,Sneha B,Bike,Contract,4.03,Y
DP03534,Arjun H,Cycle,Contract,3.94,Y
DP13228,Ravi L,Bike,Full-time,4.33,Y
DP08190,Rahul L,Scooter,Full-time,4.11,Y
DP14536,Santosh C,Cycle,Part-time,4.51,N
DP03130,Neha R,Bike,Contract,4.13,Y
DP13074,Suresh I,Scooter,Part-time,4.25,Y
DP09119,Rakesh Q,Bike,Full-time,4.16,Y
DP04582,Santosh M,Scooter,Full-time,4.22,Y
DP01163,Deepak H,Bike,Full-time,3.76,Y
DP14339,Amit V,Scooter,Full-time,4.12,Y
DP09321,Ravi G,Car,Part-time,4.03,Y
DP04822,Divya Y,Bike,Contract,3.58,Y
DP02062,Manoj Q,Scooter,Full-time,4.74,Y
DP13555,Deepak C,Scooter,Full-time,3.69,Y
DP05306,Arjun Z,Scooter,Part-time,4.17,Y
DP06203,Ananya I,Scooter,Part-time,4.67,Y
DP08625,Rakesh N,Cycle,Full-time,4.1,Y
DP06771,Kiran R,Scooter,Full-time,3.97,Y
DP02501,Santosh T,Bike,Full-time,4.52,Y
DP07912,Rahul J,Cycle,Full-time,4.44,N
DP13165,Arjun R,Scooter,Contract,3.95,Y
DP14573,Kiran Y,Bike,Contract,3.68,Y
DP04339,Arjun X,Bike,Full-time,4.81,Y
DP11366,Amit U,Bike,Contract,3.93,Y
DP06070,Kiran R,Bike,Full-time,3.87,Y
DP06145,Pooja L,Scooter,Part-time,4.24,Y
DP14204,Pooja O,Scooter,Full-time,3.69,Y
DP06688,Ananya Q,Bike,Full-time,3.63,Y
DP11070,Santosh D,Scooter,Full-time,4.22,Y
DP11101,Ravi B,Scooter,Full-time,4.52,Y
DP13029,Rakesh I,Bike,Part-time,4,Y
DP01600,Santosh A,Car,Full-time,4.09,N
DP00756,Shreya D,Bike,Full-time,3.98,N
DP07987,Priya L,Cycle,Part-time,4.06,N
DP00932,Neha Y,Cycle,Full-time,3.75,Y
DP14432,Vikas Y,Scooter,Contract,4.08,Y
DP14625,Neha B,Bike,Part-time,4.2,Y
DP14213,Santosh G,Cycle,Part-time,3.97,Y
DP14539,Amit U,Bike,Part-time,4.04,Y
DP10311,Shreya E,Cycle,Full-time,4.53,Y
DP08751,Suresh L,Bike,Full-time,4.28,Y
DP03863,Nikhil W,Scooter,Contract,4.92,Y
DP06234,Suresh R,Bike,Contract,4.63,Y
DP02584,Pooja C,Cycle,Contract,4,Y
DP06011,Nikhil R,Cycle,Part-time,4.68,Y
DP09016,Manoj Z,Bike,Part-time,4.15,N
DP08214,Amit C,Bike,Full-time,4.14,Y
DP11966,Neha H,Bike,Part-time,3.98,Y
DP10926,Deepak J,Bike,Contract,4.01,Y
DP09948,Sneha K,Bike,Full-time,3.93,Y
DP03905,Manoj P,Scooter,Full-time,4.01,N
DP14911,Neha H,Cycle,Part-time,4.55,N
DP12283,Shreya T,Bike,Contract,3.78,Y
DP02767,Sneha R,Bike,Full-time,4.13,N
DP08766,Nikhil G,Bike,Part-time,4.16,N
DP02102,Neha Q,Scooter,Part-time,4.35,Y
DP12141,Divya T,Scooter,Full-time,4.14,Y
DP01545,Pooja P,Cycle,Full-time,4.39,Y
DP03413,Shreya S,Bike,Full-time,3.95,Y
DP03133,Priya C,Cycle,Full-time,4.25,Y
DP11339,Divya W,Bike,Full-time,4.79,Y
DP10894,Ravi M,Scooter,Part-time,3.77,Y
DP05194,Arjun V,Scooter,Part-time,4.33,Y
DP00847,Rakesh K,Scooter,Full-time,4.43,Y
DP08224,Kiran P,Bike,Part-time,4.11,Y
DP02253,Arjun W,Car,Full-time,4.65,Y
DP12116,Neha I,Cycle,Contract,4.17,Y
DP09014,Ravi X,Scooter,Full-time,3.57,Y
DP08002,Amit K,Scooter,Full-time,4.17,Y
DP12357,Nikhil L,Scooter,Contract,4.42,Y
DP09024,Sneha C,Scooter,Contract,4.48,Y
DP09703,Santosh Z,Scooter,Contract,3.94,N
DP03487,Ananya U,Bike,Full-time,4.46,N
DP14814,Nikhil Y,Scooter,Full-time,4.08,Y
DP10954,Ananya W,Bike,Part-time,3.89,Y
DP06478,Santosh N,Scooter,Full-time,3.88,Y
DP00625,Ravi J,Scooter,Full-time,3.75,Y
DP14763,Shreya H,Scooter,Contract,3.85,Y
DP01635,Kiran K,Scooter,Contract,4.51,N
DP02367,Priya B,Scooter,Part-time,4.2,Y
DP11641,Ravi O,Car,Full-time,3.89,N
DP05386,Amit I,Bike,Full-time,3.97,Y
DP01310,Meena S,Bike,Full-time,3.66,Y
DP06455,Rakesh Y,Scooter,Full-time,4.21,Y
DP01990,Nikhil H,Bike,Part-time,4.16,Y
DP14848,Ananya A,Scooter,Full-time,3.88,N
DP07266,Nikhil A,Bike,Contract,4.57,Y
DP04505,Meena I,Bike,Full-time,4.28,Y
DP08094,Suresh K,Scooter,Full-time,4.35,Y
DP10461,Santosh Z,Scooter,Contract,4.47,Y
DP01207,Neha K,Bike,Full-time,4.33,Y
DP09435,Vikas Z,Scooter,Part-time,4.12,Y
DP01863,Ravi B,Bike,Full-time,4.12,Y
DP01244,Ravi S,Scooter,Full-time,4.04,Y
DP03767,Ravi S,Scooter,Contract,4.19,Y
DP00480,Rakesh K,Bike,Part-time,4.36,Y
DP11951,Santosh Y,Scooter,Part-time,4.37,Y
DP12948,Ananya B,Cycle,Full-time,3.96,N
DP05028,Divya Z,Scooter,Contract,4.11,Y
DP10303,Shreya R,Scooter,Full-time,4.13,Y
DP11083,Sneha A,Bike,Part-time,4.61,Y
DP06187,Sneha A,Bike,Full-time,4.7,Y
DP14127,Sneha U,Bike,Part-time,4.39,Y
DP12290,Shreya M,Bike,Part-time,4.08,Y
DP12761,Arjun W,Bike,Full-time,4.01,N
DP09081,Neha M,Scooter,Full-time,4.25,Y
DP09342,Rahul F,Scooter,Part-time,3.81,Y
DP02036,Suresh N,Cycle,Part-time,4.18,Y
DP05270,Santosh M,Bike,Part-time,3.59,Y
DP00249,Sneha T,Bike,Full-time,4.52,Y
DP00840,Pooja B,Scooter,Full-time,3.76,Y
DP10672,Rakesh Y,Bike,Part-time,4.73,Y
DP06260,Suresh P,Bike,Full-time,4.37,N
DP10441,Santosh U,Cycle,Full-time,4.44,Y
DP11562,Vikas M,Cycle,Full-time,4.06,Y
DP02115,Sneha R,Bike,Full-time,4.11,Y
DP04780,Shreya B,Cycle,Part-time,4.36,Y
DP01148,Suresh P,Bike,Full-time,4.3,N
DP10663,Meena S,Scooter,Part-time,4.52,Y
DP03887,Ravi K,Scooter,Full-time,4.18,Y
DP12889,Ravi B,Car,Full-time,4.18,Y
DP05300,Arjun P,Bike,Full-time,3.48,Y
DP04164,Priya Y,Scooter,Full-time,3.69,Y
DP14272,Pooja N,Bike,Full-time,3.86,Y
DP11904,Deepak L,Bike,Full-time,4.14,N
DP12129,Deepak Q,Bike,Contract,4.4,Y
DP04353,Santosh P,Cycle,Part-time,4.3,Y
DP14877,Nikhil Y,Cycle,Full-time,4.02,Y
DP09782,Ananya K,Cycle,Full-time,4.3,Y
DP08042,Santosh Z,Cycle,Full-time,4.24,N
DP08800,Ravi E,Scooter,Contract,3.97,Y
DP14524,Manoj P,Scooter,Part-time,4.12,Y
DP00229,Rahul O,Bike,Part-time,3.67,Y
DP14997,Shreya N,Scooter,Part-time,4.31,Y
DP08994,Meena U,Scooter,Full-time,4.31,Y
DP05187,Suresh V,Car,Full-time,4.06,Y
DP03955,Sneha B,Cycle,Full-time,3.76,N
DP02602,Rakesh A,Cycle,Part-time,3.99,Y
DP05239,Santosh P,Scooter,Part-time,4.21,N
DP01832,Santosh J,Bike,Part-time,3.86,Y
DP13471,Shreya B,Scooter,Full-time,4.56,Y
DP14678,Divya F,Scooter,Full-time,4.47,Y
DP00568,Pooja H,Scooter,Full-time,4.19,Y
DP03895,Manoj Z,Bike,Part-time,4.39,N
DP05328,Deepak V,Cycle,Part-time,4.19,Y
DP01183,Manoj D,Scooter,Contract,3.75,Y
DP00004,Shreya D,Scooter,Contract,3.93,Y
DP10804,Arjun E,Cycle,Full-time,4.49,Y
DP10015,Sneha A,Scooter,Part-time,3.8,Y
DP04937,Rahul X,Cycle,Full-time,4.91,Y
DP09366,Sneha F,Scooter,Full-time,4.18,N
DP06687,Manoj H,Scooter,Contract,4.3,Y
DP08281,Arjun Z,Bike,Full-time,4.58,N
DP07704,Rahul X,Scooter,Part-time,4.4,Y
DP09821,Nikhil E,Bike,Part-time,3.84,Y
DP09468,Priya A,Scooter,Full-time,4.17,N
DP13925,Santosh Q,Bike,Full-time,4.11,Y
DP11281,Rahul E,Bike,Full-time,3.84,Y
DP03374,Manoj H,Scooter,Contract,4.39,Y
DP06171,Ravi P,Bike,Contract,4.15,Y
DP09272,Manoj Y,Scooter,Full-time,4.02,Y
DP06185,Priya G,Cycle,Full-time,4.37,Y
DP07114,Neha J,Bike,Full-time,3.93,Y
DP09798,Rakesh W,Scooter,Part-time,3.58,Y
DP02572,Arjun J,Cycle,Full-time,4.26,Y
DP13258,Vikas D,Bike,Full-time,4.62,Y
DP00434,Amit Q,Bike,Part-time,4.26,Y
DP02056,Amit O,Cycle,Contract,3.55,N
DP07435,Divya A,Scooter,Part-time,4.26,Y
DP10084,Meena K,Bike,Contract,4.3,Y
DP11209,Neha A,Bike,Contract,4.21,Y
DP06708,Rakesh X,Bike,Full-time,4.43,Y
DP04892,Meena R,Bike,Part-time,3.74,Y
DP05196,Sneha K,Scooter,Part-time,4.3,Y
DP06821,Shreya Y,Cycle,Contract,4.38,Y
DP01369,Vikas G,Scooter,Full-time,3.29,N
DP08970,Manoj K,Bike,Full-time,3.92,N
DP05810,Deepak B,Scooter,Part-time,4.36,Y
DP08292,Deepak Q,Bike,Full-time,3.87,Y
DP13604,Rahul P,Bike,Full-time,3.85,Y
DP11492,Amit C,Scooter,Full-time,3.81,Y
DP12115,Divya N,Bike,Contract,3.85,Y
DP07147,Divya P,Car,Full-time,4.25,Y
DP07259,Sneha M,Bike,Full-time,4.28,Y
DP14125,Shreya R,Scooter,Full-time,3.93,Y
DP02823,Pooja H,Bike,Part-time,4.82,Y
DP05861,Sneha F,Bike,Part-time,3.83,N
DP14035,Kiran P,Cycle,Full-time,4.48,Y
DP11781,Nikhil E,Cycle,Part-time,4.61,Y
DP05595,Suresh C,Scooter,Full-time,4.27,Y
DP12705,Sneha S,Scooter,Part-time,4.05,Y
DP05118,Sneha B,Scooter,Full-time,4.35,N
DP10431,Shreya L,Bike,Full-time,3.96,Y
DP08898,Neha W,Car,Full-time,3.86,N
DP00136,Shreya G,Bike,Full-time,4.29,Y
DP08435,Santosh Q,Bike,Full-time,4.13,N
DP03720,Shreya Q,Bike,Part-time,4.42,Y
DP10627,Meena W,Scooter,Full-time,4.16,Y
DP10419,Arjun S,Scooter,Part-time,4.4,Y
DP11484,Rahul G,Bike,Full-time,4.24,Y
DP13147,Vikas K,Bike,Contract,4.26,Y
DP13266,Priya O,Scooter,Full-time,4.22,Y
DP02839,Deepak V,Scooter,Full-time,4.43,Y
DP09581,Neha T,Scooter,Contract,4.51,Y
DP00555,Santosh P,Bike,Part-time,4.35,Y
DP09597,Suresh W,Cycle,Full-time,4.42,Y
DP01388,Shreya A,Cycle,Full-time,3.87,N
DP08171,Pooja I,Scooter,Full-time,3.89,Y
DP11302,Manoj U,Scooter,Part-time,4.62,Y
DP06062,Meena P,Cycle,Part-time,3.61,Y
DP13870,Ravi S,Scooter,Full-time,4.01,Y
DP03164,Nikhil R,Bike,Full-time,4.23,Y
DP08512,Neha W,Bike,Part-time,4.01,Y
DP01869,Kiran H,Bike,Part-time,4.09,Y
DP12959,Manoj A,Bike,Full-time,4.21,N
DP06023,Vikas B,Scooter,Full-time,3.84,Y
DP03544,Shreya U,Scooter,Part-time,4.23,Y
DP08070,Kiran T,Bike,Full-time,3.61,Y
DP02203,Priya F,Scooter,Full-time,4.62,Y
DP10840,Amit Z,Cycle,Full-time,4.84,Y
DP03525,Meena Y,Bike,Part-time,3.88,Y
DP10078,Santosh T,Cycle,Contract,3.84,Y
DP13946,Manoj Z,Bike,Full-time,3.64,Y
DP02164,Amit K,Scooter,Contract,4.31,Y
DP11162,Deepak T,Cycle,Full-time,4.08,Y
DP08879,Neha Y,Bike,Part-time,4.23,Y
DP06886,Rakesh J,Scooter,Contract,4.51,Y
DP00241,Rahul Q,Cycle,Contract,4.57,N
DP08547,Neha S,Cycle,Part-time,4.03,Y
DP10965,Rahul C,Bike,Part-time,3.97,Y
DP08526,Neha L,Bike,Full-time,3.81,Y
DP09043,Meena Y,Bike,Part-time,4.38,Y
DP00943,Ravi H,Scooter,Full-time,3.87,Y
DP13658,Amit H,Scooter,Full-time,4.57,Y
DP07854,Rakesh H,Cycle,Part-time,4.03,Y
DP07707,Nikhil U,Bike,Part-time,4.81,Y
DP04563,Neha M,Scooter,Full-time,3.96,Y
DP10157,Manoj H,Scooter,Contract,4.55,Y
DP09510,Amit B,Bike,Full-time,3.98,Y
DP05305,Shreya H,Bike,Full-time,4.36,Y
DP07131,Deepak S,Cycle,Contract,4.58,Y
DP11611,Manoj C,Bike,Part-time,4.25,Y
DP10720,Meena J,Scooter,Full-time,3.97,Y
DP12601,Vikas U,Scooter,Contract,4.67,Y
DP07671,Meena T,Bike,Full-time,4.01,Y
DP03039,Vikas N,Bike,Contract,4.81,Y
DP01526,Sneha Y,Scooter,Contract,4.57,Y
DP06404,Priya Z,Bike,Full-time,4.09,Y
DP02600,Suresh A,Bike,Full-time,4.47,N
DP03309,Vikas F,Scooter,Contract,4.33,N
DP07467,Shreya E,Cycle,Full-time,3.92,Y
DP04298,Vikas X,Car,Full-time,4.75,N
DP11719,Divya O,Bike,Full-time,4.49,N
DP06501,Shreya U,Cycle,Part-time,3.74,Y
DP04120,Kiran F,Bike,Full-time,3.62,Y
DP07181,Shreya B,Scooter,Contract,4.24,Y
DP14118,Amit O,Scooter,Full-time,4.13,Y
DP04497,Arjun D,Car,Full-time,4.03,Y
DP07051,Priya I,Bike,Full-time,4.13,N
DP06457,Amit U,Bike,Part-time,4.56,Y
DP12401,Vikas C,Scooter,Contract,4.22,Y
DP04912,Divya Z,Scooter,Full-time,4.69,Y
DP05537,Neha Q,Cycle,Full-time,4.03,Y
DP13101,Vikas T,Bike,Full-time,3.94,Y
DP03847,Amit O,Bike,Full-time,4.01,Y
DP07397,Deepak J,Car,Full-time,4.01,Y
DP12126,Pooja H,Bike,Contract,4.09,Y
DP01271,Santosh I,Cycle,Contract,4.11,Y
DP14014,Priya A,Bike,Full-time,4.43,Y
DP10086,Amit L,Bike,Contract,3.32,Y
DP06865,Manoj N,Scooter,Part-time,3.93,Y
DP12575,Sneha S,Scooter,Full-time,3.93,Y
DP13290,Neha Y,Cycle,Full-time,4.29,Y
DP04979,Santosh O,Bike,Full-time,4.4,Y
DP14189,Divya X,Car,Full-time,4.48,Y
DP05753,Amit H,Cycle,Full-time,4.36,Y
DP03596,Sneha P,Cycle,Part-time,3.55,Y
DP07456,Meena Y,Scooter,Part-time,4.39,Y
DP05491,Rakesh R,Bike,Part-time,4.19,Y
DP03893,Manoj E,Scooter,Full-time,3.69,Y
DP03669,Neha H,Scooter,Contract,4.11,N
DP06653,Pooja A,Bike,Part-time,4.35,Y
DP01769,Arjun I,Scooter,Full-time,4.34,Y
DP08064,Priya L,Scooter,Full-time,4.25,Y
DP13829,Suresh K,Bike,Part-time,3.68,Y
DP02512,Ravi F,Cycle,Full-time,4.01,N
DP14672,Neha R,Scooter,Part-time,4.33,N
DP02863,Sneha Z,Bike,Full-time,4.41,Y
DP01141,Suresh R,Scooter,Full-time,4.46,Y
DP11704,Manoj N,Bike,Full-time,4.34,N
DP09876,Divya A,Scooter,Full-time,4.59,Y
DP00412,Shreya Y,Scooter,Part-time,4.42,Y
DP05428,Priya K,Scooter,Part-time,3.62,Y
DP02641,Nikhil B,Bike,Full-time,4.33,Y
DP07138,Neha F,Scooter,Contract,4.18,Y
DP03548,Ananya K,Scooter,Full-time,4.53,Y
DP13345,Rakesh U,Bike,Full-time,4.01,Y
DP08402,Nikhil N,Bike,Part-time,4.52,Y
DP05484,Ananya V,Bike,Part-time,4.37,Y
DP04557,Kiran B,Bike,Full-time,4.31,Y
DP12343,Shreya I,Bike,Contract,4.77,Y
DP05511,Kiran F,Bike,Contract,4.3,Y
DP13470,Rakesh G,Cycle,Full-time,4.23,Y
DP05716,Arjun V,Scooter,Contract,3.96,Y
DP05501,Ravi D,Bike,Full-time,4.39,Y
DP00387,Arjun G,Scooter,Contract,4.47,Y
DP13430,Suresh R,Scooter,Part-time,4.26,N
DP11695,Manoj Z,Bike,Part-time,4.63,Y
DP04421,Rahul X,Scooter,Part-time,4.73,Y
DP09527,Suresh E,Scooter,Part-time,4.41,Y
DP06443,Sneha Q,Bike,Contract,4.45,Y
DP01539,Neha W,Bike,Full-time,3.97,Y
DP00876,Meena B,Scooter,Part-time,4.3,Y
DP06698,Divya X,Scooter,Part-time,4.59,Y
DP06440,Vikas U,Cycle,Part-time,3.79,Y
DP01888,Ananya N,Scooter,Full-time,4.48,N
DP11115,Suresh T,Scooter,Part-time,4.2,N
DP06563,Suresh K,Bike,Full-time,4,Y
DP01578,Deepak F,Bike,Part-time,4.17,Y
DP13026,Manoj C,Bike,Part-time,3.97,Y
DP13500,Kiran W,Bike,Contract,4.39,Y
DP05100,Ananya S,Scooter,Full-time,3.94,N
DP00022,Manoj H,Scooter,Part-time,4.45,Y
DP13920,Vikas P,Cycle,Part-time,4.07,Y
DP14350,Deepak B,Bike,Contract,4.39,Y
DP00821,Rahul F,Scooter,Full-time,4.28,Y
DP05375,Meena B,Scooter,Full-time,3.72,Y
DP00551,Priya T,Scooter,Contract,3.92,Y
DP12578,Priya D,Scooter,Full-time,3.43,Y
DP01556,Nikhil E,Bike,Full-time,4.08,Y
DP04099,Rakesh N,Scooter,Full-time,4.08,Y
DP02218,Divya E,Bike,Contract,4.25,N
DP05125,Ravi K,Bike,Contract,3.7,Y
DP04399,Rahul I,Bike,Full-time,3.85,N
DP03074,Neha K,Bike,Full-time,4.22,Y
DP14031,Divya J,Bike,Part-time,3.97,Y
DP14410,Manoj Y,Scooter,Full-time,3.62,Y
DP08407,Divya T,Scooter,Part-time,4.13,N
DP09319,Shreya Y,Bike,Part-time,4.02,Y
DP10266,Santosh N,Scooter,Contract,3.76,Y
DP00452,Suresh T,Bike,Full-time,4.68,Y
DP13559,Shreya C,Bike,Part-time,4.62,Y
DP10174,Nikhil Z,Cycle,Contract,4.11,Y
DP13302,Neha X,Bike,Part-time,4.29,Y
DP09315,Shreya M,Car,Part-time,4.74,Y
DP14370,Nikhil H,Scooter,Full-time,4.57,Y
DP13639,Ananya N,Bike,Part-time,4.59,N
DP12558,Meena J,Bike,Full-time,4,N
DP09219,Arjun S,Bike,Part-time,4.38,Y
DP07929,Amit O,Bike,Part-time,4.08,Y
DP06838,Santosh U,Cycle,Full-time,4.21,Y
DP14452,Ravi A,Cycle,Full-time,4.2,N
DP08984,Amit W,Cycle,Full-time,4.39,Y
DP09205,Manoj O,Bike,Contract,4.23,Y
DP01874,Vikas Z,Scooter,Full-time,4.06,Y
DP13378,Arjun J,Cycle,Full-time,4.32,Y
DP11642,Amit A,Scooter,Full-time,4.3,Y
DP08600,Divya L,Bike,Part-time,3.65,Y
DP00010,Santosh N,Bike,Contract,3.94,Y
DP12087,Ananya G,Bike,Part-time,4.04,Y
DP01867,Vikas Z,Scooter,Part-time,4.11,Y
DP07708,Suresh E,Bike,Part-time,4.26,Y
DP06521,Arjun Z,Scooter,Full-time,4.65,Y
DP04641,Nikhil T,Scooter,Full-time,4.23,Y
DP01166,Manoj B,Car,Full-time,4.25,Y
DP01146,Rahul Y,Bike,Full-time,3.88,Y
DP10566,Neha S,Scooter,Part-time,4.48,Y
DP08530,Deepak N,Cycle,Contract,4.72,Y
DP11444,Nikhil H,Bike,Full-time,4.69,Y
DP05746,Priya N,Scooter,Full-time,4.52,Y
DP13936,Rahul K,Cycle,Full-time,4.48,Y
DP05967,Suresh Q,Scooter,Full-time,3.54,Y
DP09223,Meena B,Scooter,Part-time,4.23,Y
DP13327,Shreya O,Bike,Full-time,4.03,Y
DP08422,Ananya F,Bike,Full-time,3.98,N
DP12982,Sneha P,Bike,Full-time,4.46,Y
DP08311,Ravi Y,Scooter,Part-time,4.26,Y
DP12524,Amit O,Bike,Contract,4.45,N
DP09296,Ravi V,Bike,Full-time,4.35,Y
DP10682,Rakesh L,Bike,Contract,4.63,Y
DP13213,Meena L,Scooter,Part-time,4.27,Y
DP13994,Sneha H,Scooter,Full-time,4.48,Y
DP08389,Neha L,Cycle,Full-time,4.3,Y
DP07589,Nikhil S,Scooter,Full-time,3.91,Y
DP05341,Manoj X,Scooter,Part-time,4.3,Y
DP05242,Ravi E,Bike,Part-time,3.69,Y
DP00574,Kiran K,Scooter,Part-time,4.19,N
DP04233,Pooja G,Car,Full-time,4.01,Y
DP11213,Manoj T,Bike,Full-time,4.18,Y
DP02578,Ananya Z,Bike,Full-time,3.76,Y
DP11937,Vikas I,Bike,Contract,4.29,Y
DP10051,Rakesh E,Cycle,Full-time,4.01,Y
DP11431,Vikas B,Bike,Full-time,4.09,Y
DP12548,Pooja B,Scooter,Full-time,3.91,Y
DP00244,Meena N,Cycle,Contract,4.45,Y
DP13279,Amit A,Scooter,Full-time,4.29,Y
DP14755,Vikas M,Scooter,Part-time,4.19,Y
DP04375,Divya T,Bike,Part-time,4.56,Y
DP13400,Neha Y,Scooter,Full-time,4.82,Y
DP08162,Vikas Y,Cycle,Full-time,4.12,Y
DP09908,Rahul O,Scooter,Part-time,4.43,Y
DP01535,Rakesh C,Bike,Part-time,4.13,Y
DP07902,Neha Q,Scooter,Part-time,4.7,Y
DP05213,Meena K,Cycle,Full-time,4.07,Y
DP11922,Arjun Y,Bike,Full-time,4.12,Y
DP02004,Rahul T,Scooter,Full-time,4.12,Y
DP01824,Vikas M,Bike,Full-time,4.76,Y
DP06312,Neha J,Cycle,Part-time,3.87,N
DP06896,Arjun J,Bike,Full-time,4.31,Y
DP12194,Neha K,Scooter,Full-time,3.39,Y
DP05228,Priya T,Bike,Full-time,4.35,Y
DP01662,Divya F,Scooter,Full-time,4.35,Y
DP03294,Suresh M,Cycle,Full-time,4.01,Y
DP04765,Deepak C,Bike,Full-time,4.44,Y
DP09281,Pooja J,Scooter,Full-time,4.5,Y
DP06575,Suresh K,Bike,Full-time,4.21,Y
DP11354,Arjun X,Scooter,Part-time,4.52,Y
DP03810,Kiran N,Car,Full-time,4.55,Y
DP07766,Divya Z,Scooter,Full-time,4.27,Y
DP05872,Ravi I,Scooter,Full-time,4.3,Y
DP10531,Priya T,Bike,Part-time,5,Y
DP04307,Amit V,Bike,Contract,4.46,Y
DP12648,Rakesh A,Scooter,Full-time,3.41,Y
DP02965,Kiran Q,Scooter,Contract,4.61,Y
DP04853,Suresh Z,Bike,Contract,4.32,Y
DP06298,Ananya X,Bike,Contract,4.37,Y
DP03674,Deepak A,Cycle,Part-time,4.78,Y
DP09819,Amit M,Car,Contract,4.17,Y
DP07574,Manoj W,Scooter,Full-time,4.16,N
DP12600,Priya B,Scooter,Contract,3.97,Y
DP13605,Neha L,Bike,Full-time,4.06,Y
DP07124,Neha M,Scooter,Contract,4.01,Y
DP05840,Ravi B,Scooter,Part-time,4.36,Y
DP00692,Shreya Y,Bike,Full-time,3.72,Y
DP02666,Divya S,Scooter,Part-time,4.36,Y
DP11662,Rahul O,Bike,Part-time,3.87,Y
DP00949,Vikas A,Scooter,Contract,4.2,Y
DP10474,Meena V,Bike,Full-time,4.26,Y
DP14698,Meena Y,Bike,Part-time,4.32,Y
DP11522,Ravi N,Bike,Full-time,3.89,Y
DP02585,Amit L,Scooter,Full-time,3.97,Y
DP03255,Amit P,Bike,Contract,4.33,Y
DP14408,Nikhil Q,Scooter,Contract,4.83,Y
DP04022,Suresh G,Bike,Full-time,4.36,Y
DP08985,Meena P,Scooter,Full-time,4.23,Y
DP11014,Neha T,Bike,Contract,4.3,Y
DP11493,Ananya Z,Scooter,Part-time,3.94,Y
DP07585,Sneha E,Scooter,Contract,4.06,Y
DP12309,Santosh I,Scooter,Full-time,4.36,Y
DP02575,Vikas M,Scooter,Contract,4.35,Y
DP04631,Deepak B,Scooter,Full-time,3.98,Y
DP02937,Rahul B,Car,Contract,4.58,Y
DP00977,Suresh G,Bike,Full-time,3.86,Y
DP09478,Santosh R,Cycle,Full-time,4.02,Y
DP07887,Ananya S,Scooter,Full-time,4.32,Y
DP10808,Nikhil K,Scooter,Contract,4.29,Y
DP13416,Ravi O,Bike,Part-time,3.96,Y
DP06803,Deepak D,Bike,Contract,3.88,Y
DP10726,Rakesh T,Scooter,Part-time,4.53,Y
DP08437,Ananya X,Bike,Contract,4.11,Y
DP13947,Pooja G,Bike,Part-time,3.89,Y
DP03329,Shreya G,Bike,Full-time,3.99,Y
DP06166,Neha H,Bike,Full-time,3.95,Y
DP09293,Suresh X,Bike,Contract,4.69,Y
DP01533,Pooja F,Scooter,Contract,3.9,Y
DP03550,Shreya W,Bike,Part-time,3.95,N
DP02410,Suresh M,Scooter,Part-time,3.89,Y
DP08355,Priya X,Scooter,Contract,4.17,Y
DP00962,Priya J,Scooter,Full-time,4.28,Y
DP07075,Neha V,Bike,Part-time,4.54,Y
DP02971,Amit F,Scooter,Part-time,4.06,Y
DP09160,Kiran T,Scooter,Part-time,4.49,Y
DP13122,Nikhil X,Scooter,Part-time,3.74,Y
DP13420,Nikhil P,Cycle,Part-time,4.39,Y
DP07776,Ananya Z,Scooter,Contract,4.15,N
DP02540,Neha K,Car,Full-time,4.12,Y
DP00835,Arjun Z,Scooter,Full-time,4.37,Y
DP12026,Amit W,Scooter,Full-time,3.82,Y
DP07409,Rahul Q,Bike,Part-time,4.08,N
DP13196,Shreya D,Cycle,Full-time,4.05,Y
DP14069,Amit E,Scooter,Full-time,4.71,Y
DP12634,Ravi L,Scooter,Contract,3.87,Y
DP11195,Priya G,Cycle,Full-time,4.09,N
DP13298,Priya L,Bike,Contract,4.28,Y
DP05245,Vikas Q,Bike,Part-time,3.79,Y
DP11995,Ravi R,Scooter,Contract,3.94,Y
DP04819,Neha D,Scooter,Part-time,4.42,Y
DP09155,Meena R,Scooter,Part-time,4.12,Y
DP13608,Manoj G,Scooter,Full-time,4.14,Y
DP08909,Meena T,Bike,Part-time,4.6,N
DP10023,Divya H,Bike,Full-time,4.39,Y
DP06604,Meena R,Bike,Full-time,4.04,Y
DP08977,Arjun I,Bike,Contract,4.16,Y
DP05636,Arjun B,Bike,Full-time,4.5,Y
DP01677,Suresh T,Bike,Contract,3.67,Y
DP05710,Deepak B,Bike,Part-time,4.16,Y
DP07107,Suresh K,Bike,Full-time,4.42,Y
DP07285,Nikhil J,Bike,Full-time,4.27,Y
DP10252,Ananya K,Scooter,Part-time,4.28,Y
DP06002,Santosh Y,Bike,Full-time,4.59,Y
DP12369,Deepak A,Scooter,Full-time,3.71,Y
DP05412,Arjun V,Bike,Part-time,4.16,Y
DP12248,Rakesh P,Bike,Part-time,4.52,Y
DP00028,Nikhil Z,Scooter,Full-time,4.14,Y
DP04610,Nikhil K,Scooter,Part-time,4.23,Y
DP09048,Pooja R,Bike,Full-time,4.03,Y
DP12812,Vikas W,Bike,Full-time,4.5,Y
DP01181,Nikhil S,Bike,Contract,4.94,Y
DP01341,Ravi D,Scooter,Part-time,4.21,N
DP12691,Divya L,Scooter,Part-time,4.3,Y
DP09029,Nikhil C,Bike,Part-time,4.55,Y
DP05390,Deepak C,Cycle,Part-time,4.19,Y
DP05914,Nikhil M,Scooter,Contract,4.55,Y
DP14304,Pooja L,Cycle,Full-time,4.76,Y
DP14969,Vikas E,Scooter,Full-time,3.8,Y
DP12683,Meena G,Bike,Part-time,4.05,Y
DP12374,Rahul Q,Bike,Part-time,3.45,Y
DP06881,Sneha T,Cycle,Full-time,4.19,Y
DP10203,Santosh S,Bike,Contract,4.1,Y
DP09471,Amit Q,Scooter,Full-time,4.16,Y
DP01815,Nikhil B,Cycle,Full-time,4.19,Y
DP08544,Priya C,Scooter,Contract,3.98,Y
DP03120,Suresh A,Scooter,Part-time,4.06,Y
DP04839,Manoj N,Bike,Contract,3.61,Y
DP08825,Divya Z,Scooter,Contract,3.74,N
DP10002,Meena W,Bike,Part-time,3.58,Y
DP08424,Arjun G,Scooter,Full-time,4.67,Y
DP05152,Rahul L,Bike,Full-time,3.94,Y
DP09796,Santosh J,Bike,Full-time,4.49,Y
DP06559,Vikas Z,Cycle,Full-time,4.6,Y
DP06256,Vikas V,Bike,Full-time,4.3,Y
DP14207,Rakesh Y,Scooter,Contract,4.65,Y
DP10652,Amit J,Scooter,Part-time,4.33,Y
DP12875,Ananya D,Bike,Contract,4.56,Y
DP09930,Priya M,Bike,Contract,4.4,N
DP09511,Deepak W,Scooter,Full-time,4.3,Y
DP14416,Pooja I,Cycle,Full-time,4.09,Y
DP03914,Meena S,Bike,Part-time,3.65,Y
DP02057,Ravi A,Cycle,Full-time,4.32,Y
DP05711,Vikas J,Cycle,Full-time,4.59,Y
DP09841,Ravi C,Bike,Part-time,4.37,Y
DP10779,Ravi K,Scooter,Full-time,4.06,Y
DP14940,Rakesh F,Bike,Full-time,4,N
DP12057,Divya O,Bike,Full-time,3.83,Y
DP09286,Manoj D,Scooter,Contract,3.95,N
DP11334,Priya T,Scooter,Contract,3.78,Y
DP04698,Priya S,Scooter,Full-time,4.65,Y
DP01284,Vikas N,Bike,Full-time,4.08,Y
DP00950,Pooja V,Bike,Full-time,4.29,Y
DP03959,Rahul F,Scooter,Full-time,4.27,Y
DP07737,Rahul G,Bike,Part-time,4.56,Y
DP09941,Nikhil N,Bike,Full-time,4.47,Y
DP00162,Meena Z,Bike,Part-time,3.85,Y
DP05533,Divya Z,Bike,Full-time,4.48,Y
DP04437,Rakesh B,Bike,Contract,4.43,Y
DP02199,Manoj G,Bike,Part-time,4,Y
DP01345,Divya W,Scooter,Full-time,4.32,Y
DP12400,Meena D,Scooter,Part-time,3.9,Y
DP07775,Shreya B,Cycle,Full-time,4.38,Y
DP08405,Ravi Y,Scooter,Contract,4.44,Y
DP13277,Nikhil A,Bike,Contract,4.42,N
DP07922,Shreya M,Bike,Full-time,4.34,Y
DP12945,Rakesh H,Scooter,Full-time,4.33,Y
DP02824,Vikas V,Bike,Full-time,3.91,Y
DP11560,Pooja S,Scooter,Full-time,3.58,Y
DP11900,Deepak I,Bike,Full-time,4.64,Y
DP08078,Suresh M,Bike,Full-time,4.34,Y
DP09662,Santosh P,Bike,Full-time,4.09,Y
DP13707,Rakesh Y,Car,Full-time,4.21,Y
DP07194,Ananya A,Bike,Part-time,4.15,Y
DP05752,Kiran T,Scooter,Contract,4.33,Y
DP14690,Santosh Q,Bike,Full-time,4.2,Y
DP03254,Pooja M,Scooter,Full-time,4.83,N
DP04178,Sneha N,Bike,Contract,3.73,Y
DP09514,Kiran X,Bike,Contract,4.2,Y
DP05714,Shreya Y,Scooter,Full-time,4.5,N
DP10879,Ananya A,Scooter,Contract,4.36,Y
DP08578,Rakesh W,Scooter,Part-time,4.37,Y
DP00863,Manoj L,Scooter,Contract,4.12,Y
DP01127,Nikhil T,Bike,Full-time,4.32,Y
DP10503,Nikhil E,Bike,Contract,4.45,Y
DP03512,Neha H,Scooter,Part-time,4.46,Y
DP06842,Divya N,Bike,Full-time,4.43,Y
DP13840,Meena G,Bike,Part-time,4.64,Y
DP06061,Suresh B,Bike,Full-time,4.31,Y
DP06153,Meena I,Scooter,Part-time,3.99,Y
DP01827,Divya J,Cycle,Full-time,4.17,N
DP04684,Rakesh K,Scooter,Full-time,4.15,N
DP04287,Meena Y,Bike,Part-time,4.68,N
DP00533,Santosh M,Scooter,Part-time,3.85,N
DP04491,Nikhil S,Bike,Full-time,4.27,Y
DP13964,Ravi G,Scooter,Full-time,4.07,Y
DP01090,Suresh F,Scooter,Full-time,4.15,Y
DP14463,Sneha I,Bike,Part-time,4.02,N
DP00211,Suresh S,Bike,Contract,4.17,Y
DP08507,Suresh U,Scooter,Part-time,4.18,Y
DP10904,Arjun O,Car,Full-time,4.42,Y
DP10992,Amit S,Scooter,Part-time,3.87,Y
DP14314,Divya U,Bike,Part-time,4.83,Y
DP12822,Amit W,Scooter,Part-time,4.62,Y
DP01477,Kiran N,Bike,Full-time,4.19,Y
DP13037,Ananya N,Cycle,Contract,4.1,Y
DP00171,Vikas W,Bike,Full-time,4.41,Y
DP10918,Arjun W,Scooter,Part-time,4.71,Y
DP05415,Ravi B,Scooter,Contract,4.54,Y
DP13109,Shreya E,Cycle,Full-time,3.62,Y
DP05263,Kiran Z,Car,Full-time,4.2,Y
DP12371,Sneha Z,Bike,Full-time,3.79,Y
DP09495,Vikas E,Bike,Contract,4.27,Y
DP09825,Rahul E,Scooter,Contract,4.84,Y
DP14281,Amit T,Bike,Full-time,3.94,Y
DP08794,Arjun T,Scooter,Full-time,4.6,Y
DP04325,Nikhil X,Bike,Contract,4.81,Y
DP04105,Kiran T,Cycle,Part-time,4.21,Y
DP10011,Manoj T,Bike,Full-time,4.8,Y
DP09947,Ananya J,Bike,Full-time,4.2,Y
DP03506,Rahul O,Bike,Full-time,4.05,Y
DP08851,Kiran T,Scooter,Contract,4.1,Y
DP07994,Santosh U,Bike,Part-time,4.55,Y
DP11450,Arjun P,Scooter,Full-time,4.62,Y
DP02717,Santosh Q,Bike,Part-time,4.29,Y
DP01964,Kiran G,Bike,Full-time,4.55,Y
DP03894,Kiran M,Bike,Contract,3.89,Y
DP06446,Meena G,Cycle,Part-time,4.11,Y
DP11655,Sneha J,Bike,Full-time,3.57,Y
DP03102,Nikhil P,Bike,Full-time,4.09,Y
DP13115,Pooja G,Bike,Part-time,4.09,Y
DP04824,Santosh C,Bike,Full-time,4.65,Y
DP08045,Kiran P,Scooter,Part-time,4.17,Y
DP06508,Sneha N,Scooter,Full-time,4.02,Y
DP06973,Neha L,Scooter,Contract,4.21,Y
DP07647,Shreya W,Scooter,Full-time,4.12,Y
DP10930,Neha V,Scooter,Full-time,4.13,Y
DP07335,Deepak N,Bike,Contract,4.57,N
DP09417,Meena E,Cycle,Part-time,4.17,N
DP01775,Amit F,Bike,Full-time,4.36,Y
DP07482,Arjun E,Bike,Part-time,4.2,Y
DP02493,Priya S,Scooter,Full-time,4.27,Y
DP09341,Rahul P,Cycle,Contract,4.57,Y
DP01133,Rakesh F,Scooter,Part-time,4.12,Y
DP07792,Suresh K,Bike,Full-time,3.99,Y
DP05918,Vikas E,Cycle,Contract,4.19,Y
DP11887,Priya S,Scooter,Full-time,4.62,N
DP03447,Pooja G,Bike,Contract,4.35,Y
DP00830,Shreya A,Scooter,Part-time,4.36,Y
DP12808,Manoj P,Bike,Full-time,4.26,N
DP07356,Ravi N,Cycle,Part-time,3.99,N
DP11803,Rakesh F,Bike,Full-time,4.36,Y
DP05318,Divya Y,Scooter,Contract,4,Y
DP10973,Amit J,Cycle,Part-time,4.36,Y
DP04799,Divya R,Bike,Full-time,4.57,Y
DP00803,Deepak M,Bike,Full-time,4.1,Y
DP06883,Arjun I,Scooter,Full-time,4.35,Y
DP14537,Pooja P,Scooter,Full-time,3.94,Y
DP03740,Neha A,Bike,Part-time,4.31,Y
DP07282,Divya C,Bike,Part-time,4.17,Y
DP10409,Divya H,Cycle,Part-time,4.15,Y
DP04856,Manoj J,Bike,Full-time,4.56,Y
DP14392,Rahul F,Car,Part-time,4.1,Y
DP08594,Amit A,Scooter,Contract,4.64,Y
DP04656,Santosh Q,Scooter,Part-time,4.39,Y
DP01765,Ananya G,Car,Part-time,3.99,Y
DP10703,Deepak T,Cycle,Full-time,4.07,Y
DP04768,Arjun M,Scooter,Full-time,4.24,Y
DP07237,Rakesh G,Scooter,Full-time,4.01,N
DP13877,Shreya R,Scooter,Full-time,3.96,Y
DP12773,Nikhil U,Car,Contract,4.54,Y
DP09513,Nikhil H,Scooter,Contract,4.47,Y
DP09442,Suresh B,Cycle,Part-time,4.08,Y
DP00981,Shreya P,Bike,Part-time,4.05,Y
DP11856,Kiran H,Cycle,Full-time,4.44,Y
DP14283,Vikas U,Scooter,Full-time,4.41,Y
DP13242,Meena V,Scooter,Full-time,3.82,Y
DP10118,Santosh D,Cycle,Full-time,4.09,Y
DP14760,Manoj L,Cycle,Part-time,3.81,Y
DP12465,Rahul J,Scooter,Part-time,4.42,Y
DP12957,Rakesh M,Scooter,Part-time,4.25,Y
DP07378,Ravi I,Bike,Contract,3.85,Y
DP14577,Suresh H,Cycle,Part-time,4.49,Y
DP08048,Rakesh B,Bike,Full-time,4.17,Y
DP01260,Divya I,Cycle,Part-time,4,Y
DP01540,Deepak M,Scooter,Full-time,4.31,Y
DP07430,Meena S,Bike,Full-time,4.62,Y
DP04146,Santosh P,Scooter,Part-time,3.8,Y
DP12414,Meena X,Scooter,Full-time,3.69,Y
DP01298,Sneha U,Scooter,Part-time,3.76,Y
DP04632,Meena J,Bike,Part-time,4,Y
DP01933,Neha P,Scooter,Full-time,4.27,Y
DP14433,Suresh W,Cycle,Full-time,4.3,N
DP01501,Kiran Q,Bike,Full-time,4.48,N
DP00486,Sneha J,Bike,Contract,3.83,Y
DP13259,Arjun C,Bike,Contract,4.8,Y
DP09222,Arjun J,Bike,Full-time,4.19,Y
DP01152,Vikas G,Scooter,Contract,3.43,Y
DP13896,Deepak U,Bike,Full-time,4.2,Y
DP04850,Manoj K,Scooter,Full-time,4.08,Y
DP13167,Ananya A,Bike,Part-time,4.14,Y
DP10818,Suresh G,Scooter,Part-time,4.06,Y
DP03258,Neha X,Bike,Full-time,4.04,Y
DP03890,Vikas S,Bike,Full-time,4.05,Y
DP01214,Nikhil E,Cycle,Full-time,3.81,Y
DP00252,Deepak M,Scooter,Full-time,4.22,Y
DP02526,Nikhil F,Bike,Part-time,3.95,Y
DP09361,Pooja G,Bike,Full-time,4.85,Y
DP03490,Sneha G,Cycle,Full-time,3.53,Y
DP10625,Divya C,Bike,Full-time,4.66,Y
DP08409,Rahul H,Scooter,Part-time,3.97,Y
DP13972,Ananya X,Bike,Full-time,3.54,Y
DP10318,Shreya Y,Scooter,Part-time,3.97,Y
DP06420,Arjun N,Car,Full-time,4.38,Y
DP10667,Ravi X,Bike,Full-time,4.37,N
DP02347,Vikas N,Bike,Full-time,4.54,Y
DP05145,Rahul Q,Cycle,Contract,4.01,Y
DP14694,Priya U,Scooter,Full-time,4.1,Y
DP09706,Arjun M,Scooter,Part-time,4.59,Y
DP11489,Pooja O,Bike,Part-time,4.4,Y
DP10972,Priya Q,Bike,Part-time,4.29,Y
DP07202,Amit L,Cycle,Part-time,4.07,Y
DP14329,Divya K,Scooter,Full-time,4.16,Y
DP13405,Santosh Z,Bike,Full-time,4.35,Y
DP13634,Sneha G,Scooter,Part-time,4.73,Y
DP03343,Divya F,Scooter,Full-time,3.99,N
DP05001,Shreya X,Cycle,Full-time,3.64,Y
DP07507,Divya C,Cycle,Full-time,4.41,Y
DP04525,Santosh E,Bike,Full-time,3.9,Y
DP05730,Nikhil H,Car,Full-time,4.32,Y
DP00307,Santosh R,Scooter,Full-time,4.46,Y
DP08248,Suresh E,Scooter,Full-time,4.16,Y
DP01009,Deepak D,Cycle,Full-time,4.13,Y
DP10383,Vikas R,Bike,Part-time,4.24,Y
DP13734,Rakesh F,Scooter,Contract,4.65,Y
DP03796,Deepak Y,Scooter,Full-time,4.51,Y
DP00357,Meena Y,Scooter,Full-time,4.44,Y
DP14843,Divya H,Scooter,Part-time,3.86,Y
DP13289,Suresh B,Scooter,Part-time,3.92,Y
DP10725,Meena F,Scooter,Full-time,4.42,N
DP07727,Rakesh X,Bike,Full-time,4.67,Y
DP11746,Neha P,Cycle,Full-time,4.35,Y
DP10121,Rakesh R,Bike,Part-time,4.02,Y
DP06517,Amit G,Scooter,Part-time,3.98,Y
DP08172,Nikhil P,Scooter,Part-time,4.23,Y
DP03390,Shreya W,Bike,Contract,4.22,Y
DP07211,Santosh Y,Scooter,Part-time,4.34,N
DP02826,Arjun I,Cycle,Full-time,3.8,Y
DP05597,Nikhil G,Bike,Full-time,3.69,Y
DP05583,Kiran A,Scooter,Full-time,4.02,Y
DP06376,Deepak E,Bike,Part-time,4.32,Y
DP13698,Santosh J,Scooter,Contract,4.08,N
DP06789,Rakesh W,Scooter,Part-time,4.23,Y
DP06920,Kiran Q,Scooter,Part-time,4.15,Y
DP09745,Priya Y,Scooter,Full-time,4.53,Y
DP13182,Amit G,Scooter,Part-time,4.59,N
DP10691,Deepak N,Scooter,Full-time,4.06,Y
DP03820,Nikhil I,Scooter,Full-time,4.2,N
DP14198,Rakesh R,Cycle,Contract,4.05,Y
DP10012,Arjun K,Bike,Full-time,4.38,Y
DP12033,Kiran B,Scooter,Contract,4.31,Y
DP09227,Meena G,Bike,Full-time,4.3,Y
DP01064,Nikhil W,Bike,Contract,4.39,Y
DP00301,Pooja B,Bike,Full-time,4.25,Y
DP13981,Divya U,Scooter,Full-time,3.94,Y
DP13438,Rahul Q,Cycle,Contract,4.33,Y
DP01062,Ravi V,Scooter,Full-time,3.54,Y
DP02631,Manoj M,Bike,Contract,4.06,Y
DP04587,Deepak Y,Scooter,Full-time,4.3,Y
DP05948,Neha G,Bike,Contract,4.06,Y
DP07359,Manoj P,Scooter,Part-time,4.29,N
DP12944,Kiran J,Scooter,Full-time,3.77,Y
DP03755,Amit X,Bike,Full-time,4.2,Y
DP03625,Suresh Z,Car,Part-time,3.73,Y
DP03248,Ananya Y,Car,Part-time,3.9,N
DP07088,Pooja J,Bike,Full-time,4.66,Y
DP13461,Santosh J,Bike,Full-time,4.11,Y
DP07125,Nikhil R,Scooter,Contract,3.74,Y
DP09931,Ananya J,Bike,Full-time,3.74,Y
DP03144,Divya A,Scooter,Contract,4.05,Y
DP08734,Kiran U,Cycle,Contract,4.31,Y
DP12984,Amit H,Scooter,Part-time,3.87,Y
DP10968,Pooja J,Scooter,Contract,3.63,Y
DP07656,Priya T,Bike,Contract,3.74,Y
DP01901,Ananya D,Scooter,Full-time,4.53,Y
DP12743,Amit E,Bike,Contract,4.13,N
DP13063,Manoj K,Cycle,Contract,3.83,Y
DP09900,Shreya U,Bike,Full-time,3.81,N
DP13385,Divya C,Bike,Full-time,4.21,Y
DP05706,Deepak Q,Scooter,Contract,3.83,Y
DP05917,Ravi K,Bike,Contract,4.46,Y
DP06266,Nikhil X,Bike,Part-time,4.39,Y
DP07773,Divya U,Bike,Full-time,3.68,Y
DP11639,Rakesh B,Scooter,Contract,4.18,Y
DP13009,Pooja B,Bike,Part-time,4.75,Y
DP14673,Nikhil J,Scooter,Full-time,4.08,Y
DP10688,Shreya T,Bike,Part-time,4.22,Y
DP03634,Ananya L,Cycle,Full-time,4.31,N
DP01617,Nikhil B,Bike,Contract,4.75,Y
DP11581,Rakesh P,Bike,Full-time,4.19,Y
DP14062,Sneha D,Scooter,Full-time,4.69,Y
DP11874,Rakesh U,Scooter,Part-time,4.33,Y
DP01186,Priya F,Scooter,Contract,3.94,Y
DP02281,Manoj M,Scooter,Full-time,4.74,Y
DP03007,Meena N,Scooter,Full-time,4.07,Y
DP10563,Manoj E,Bike,Part-time,4.12,Y
DP12306,Ravi I,Scooter,Part-time,4.04,Y
DP13046,Neha S,Scooter,Part-time,4.36,Y
DP13010,Santosh H,Scooter,Full-time,4.09,Y
DP09405,Rahul Z,Scooter,Full-time,4,Y
DP13729,Ravi N,Cycle,Part-time,4.54,Y
DP12664,Shreya S,Bike,Part-time,3.62,Y
DP07613,Shreya W,Bike,Full-time,3.85,Y
DP12652,Divya X,Bike,Full-time,4.36,Y
DP11981,Kiran Z,Scooter,Full-time,4.53,N
DP07006,Nikhil R,Scooter,Full-time,4.44,Y
DP02306,Meena Z,Scooter,Part-time,3.87,Y
DP03977,Vikas W,Scooter,Full-time,4.21,Y
DP13175,Deepak Y,Scooter,Full-time,4.27,Y
DP14266,Suresh T,Cycle,Full-time,4.32,Y
DP03056,Santosh U,Scooter,Full-time,3.74,Y
DP12083,Deepak P,Scooter,Full-time,3.77,Y
DP06822,Ananya M,Scooter,Contract,4.63,Y
DP06394,Manoj W,Car,Contract,4.6,Y
DP11953,Kiran Q,Scooter,Contract,3.92,Y
DP12023,Deepak E,Car,Part-time,3.87,Y
DP14270,Divya Q,Bike,Part-time,4.18,Y
DP00576,Amit L,Bike,Full-time,3.87,Y
DP09797,Shreya V,Scooter,Full-time,4.14,Y
DP12785,Sneha B,Bike,Full-time,4.46,Y
DP04002,Vikas U,Scooter,Full-time,4.83,Y
DP08397,Suresh D,Car,Full-time,4.11,Y
DP08998,Nikhil D,Bike,Full-time,4.05,Y
DP03058,Nikhil W,Cycle,Contract,4.18,Y
DP04976,Rakesh Z,Bike,Full-time,4.3,Y
DP08504,Rakesh I,Cycle,Full-time,4.1,Y
DP01531,Neha N,Scooter,Part-time,3.37,Y
DP08465,Shreya G,Cycle,Full-time,4.03,Y
DP02724,Manoj O,Scooter,Full-time,4.87,N
DP03471,Rahul Y,Bike,Contract,4.2,Y
DP05404,Santosh B,Bike,Part-time,3.82,Y
DP02420,Arjun G,Bike,Full-time,4.11,Y
DP09263,Pooja P,Bike,Part-time,4.36,Y
DP08765,Pooja T,Scooter,Contract,3.98,N
DP08990,Ravi U,Scooter,Full-time,3.96,Y
DP12006,Ravi I,Scooter,Part-time,4.42,Y
DP04129,Priya A,Scooter,Full-time,3.92,N
DP14748,Neha G,Bike,Contract,4,Y
DP08631,Pooja Q,Scooter,Full-time,4.39,N
DP04213,Suresh C,Cycle,Full-time,4.4,Y
DP07339,Santosh J,Bike,Full-time,4.34,Y
DP04114,Amit Z,Scooter,Part-time,3.57,Y
DP14019,Priya Y,Cycle,Part-time,4.01,Y
DP05465,Suresh F,Bike,Full-time,4.46,Y
DP11089,Rahul D,Bike,Full-time,4.55,Y
DP00622,Divya X,Bike,Part-time,4.55,Y
DP06889,Pooja D,Scooter,Full-time,4.05,Y
DP12818,Pooja F,Scooter,Part-time,4.21,Y
DP07566,Rahul H,Bike,Full-time,4.53,Y
DP12661,Meena U,Bike,Part-time,3.83,Y
DP00376,Divya B,Scooter,Full-time,4.14,Y
DP04476,Amit S,Bike,Full-time,4.57,Y
DP08653,Sneha T,Bike,Contract,4.07,Y
DP07882,Meena V,Bike,Part-time,4.34,Y
DP06253,Rahul T,Bike,Full-time,3.76,Y
DP09073,Rahul J,Scooter,Full-time,4.14,Y
DP08374,Rakesh M,Bike,Part-time,4.03,N
DP01644,Kiran B,Cycle,Part-time,4.08,N
DP07864,Arjun K,Scooter,Full-time,3.86,Y
DP10825,Shreya A,Scooter,Full-time,4.11,N
DP03662,Sneha Z,Bike,Contract,4.3,Y
DP00916,Neha A,Scooter,Contract,4.18,Y
DP01484,Amit N,Bike,Part-time,4.64,N
DP09383,Ravi H,Scooter,Part-time,4.19,Y
DP04515,Amit J,Bike,Full-time,4.51,Y
DP12842,Rakesh U,Cycle,Full-time,3.76,Y
DP10826,Nikhil C,Cycle,Full-time,4.37,N
DP02330,Arjun C,Bike,Part-time,4.24,Y
DP14959,Priya C,Scooter,Part-time,3.99,N
DP01376,Pooja U,Bike,Full-time,4.46,Y
DP09894,Kiran A,Cycle,Full-time,4.34,N
DP03775,Manoj R,Bike,Contract,4.06,Y
DP11394,Manoj U,Scooter,Full-time,4.34,Y
DP10246,Nikhil D,Scooter,Full-time,3.49,Y
DP10902,Divya C,Bike,Full-time,3.94,Y
DP00102,Manoj M,Bike,Part-time,4.25,Y
DP12501,Sneha B,Bike,Part-time,4.72,Y
DP01372,Ravi N,Cycle,Contract,4.71,Y
DP12672,Ananya L,Cycle,Full-time,3.8,Y
DP05371,Meena G,Bike,Contract,3.89,Y
DP10854,Vikas Z,Bike,Full-time,4.29,N
DP00836,Ananya I,Bike,Contract,4.3,Y
DP12312,Amit C,Bike,Full-time,4.03,N
DP05240,Santosh Z,Bike,Contract,4.17,Y
DP02340,Priya T,Scooter,Full-time,4.57,Y
DP10467,Santosh D,Cycle,Full-time,4.21,Y
DP05406,Sneha P,Cycle,Full-time,4.18,Y
DP14068,Amit Z,Scooter,Full-time,4.51,Y
DP02881,Neha T,Bike,Full-time,4.52,Y
DP12738,Sneha G,Bike,Part-time,3.95,Y
DP13627,Arjun V,Bike,Full-time,4.15,N
DP11232,Suresh Y,Scooter,Full-time,4.79,Y
DP04924,Shreya S,Bike,Full-time,4.41,Y
DP06562,Ananya A,Bike,Full-time,4.59,N
DP07262,Rahul P,Bike,Full-time,3.93,Y
DP09757,Arjun V,Bike,Full-time,3.96,Y
DP03233,Divya M,Scooter,Part-time,4.45,N
DP02709,Pooja T,Bike,Full-time,4.8,Y
DP05701,Meena N,Scooter,Part-time,4.18,Y
DP11750,Sneha J,Scooter,Full-time,4.27,Y
DP06462,Neha P,Bike,Full-time,4.01,Y
DP07104,Sneha X,Scooter,Full-time,4.07,Y
DP13523,Vikas L,Scooter,Part-time,4.15,Y
DP00707,Vikas W,Scooter,Full-time,4.18,Y
DP01757,Meena Z,Bike,Contract,4.25,Y
DP03362,Priya L,Scooter,Full-time,4.68,Y
DP08316,Priya C,Scooter,Part-time,4.37,Y
DP14183,Kiran O,Bike,Contract,4.33,Y
DP04174,Neha M,Bike,Full-time,3.92,Y
DP13281,Rakesh Z,Cycle,Full-time,4.3,Y
DP07024,Amit V,Scooter,Contract,4.33,Y
DP12409,Vikas L,Scooter,Full-time,4.43,Y
DP02753,Manoj D,Scooter,Full-time,4.4,N
DP01396,Ravi P,Scooter,Contract,4.28,Y
DP14316,Kiran I,Cycle,Full-time,4.24,Y
DP12445,Vikas D,Bike,Full-time,4.65,Y
DP03190,Neha Z,Cycle,Contract,4.25,Y
DP04982,Deepak O,Car,Full-time,4.42,Y
DP13036,Ananya B,Bike,Contract,4.03,Y
DP10099,Ravi Z,Scooter,Full-time,4.33,Y
DP11916,Ravi H,Scooter,Contract,4.02,Y
DP13300,Priya G,Scooter,Part-time,4.11,Y
DP02801,Ananya Z,Scooter,Part-time,3.68,Y
DP02560,Santosh W,Bike,Contract,4.45,Y
DP01999,Deepak L,Scooter,Contract,4.52,Y
DP14039,Neha N,Scooter,Full-time,3.6,Y
DP05037,Suresh F,Scooter,Part-time,4.21,Y
DP05727,Priya W,Scooter,Contract,4.15,Y
DP12489,Santosh W,Bike,Full-time,4.75,Y
DP07731,Pooja N,Bike,Contract,3.9,Y
DP06093,Suresh D,Scooter,Full-time,4.19,Y
DP05322,Santosh H,Car,Part-time,4.18,Y
DP04933,Rahul D,Bike,Full-time,4.28,Y
DP03637,Meena J,Scooter,Contract,3.92,Y
DP06177,Divya X,Bike,Full-time,4.55,Y
DP09863,Shreya V,Bike,Full-time,4.2,Y
DP10393,Rakesh C,Scooter,Full-time,4.27,Y
DP08565,Vikas E,Bike,Full-time,4.3,N
DP09426,Rahul G,Bike,Contract,4.16,Y
DP13998,Meena P,Scooter,Contract,4.98,Y
DP12855,Neha Y,Car,Contract,4.36,Y
DP01020,Deepak G,Scooter,Full-time,4.26,Y
DP12351,Meena K,Cycle,Full-time,3.72,Y
DP10207,Santosh T,Bike,Full-time,4.35,Y
DP13774,Pooja F,Cycle,Full-time,3.88,Y
DP05897,Kiran X,Cycle,Part-time,4.38,Y
DP08167,Santosh U,Bike,Part-time,4.08,N
DP04588,Suresh C,Bike,Full-time,3.76,Y
DP12151,Priya F,Bike,Part-time,3.56,Y
DP04151,Shreya K,Cycle,Full-time,4.31,N
DP02495,Suresh P,Bike,Full-time,4.12,Y
DP09129,Santosh V,Car,Full-time,4.46,Y
DP00552,Pooja N,Scooter,Full-time,4.5,Y
DP02133,Neha Z,Bike,Contract,4.58,Y
DP01620,Kiran C,Bike,Full-time,3.9,Y
DP03752,Ananya N,Scooter,Contract,4.11,Y
DP05654,Suresh I,Scooter,Contract,4.38,Y
DP11462,Rakesh K,Scooter,Part-time,3.63,Y
DP11270,Priya H,Car,Part-time,4.66,Y
DP04290,Kiran D,Car,Full-time,3.46,N
DP01371,Suresh V,Bike,Part-time,4.08,Y
DP02256,Vikas C,Scooter,Full-time,4.12,Y
DP13331,Priya K,Bike,Full-time,4.53,Y
DP08018,Arjun L,Bike,Part-time,4.66,Y
DP02269,Divya Y,Car,Full-time,4.26,Y
DP07296,Sneha I,Bike,Full-time,4.45,Y
DP07989,Arjun T,Scooter,Contract,4.04,Y
DP11138,Meena J,Bike,Full-time,4.28,Y
DP00233,Sneha U,Cycle,Full-time,4.07,Y
DP14470,Meena T,Scooter,Full-time,4.31,Y
DP02389,Priya M,Bike,Full-time,4.23,Y
DP11584,Santosh C,Cycle,Contract,4.39,Y
DP05884,Priya Q,Scooter,Full-time,4.38,Y
DP04168,Amit M,Scooter,Full-time,4.02,Y
DP02475,Rakesh M,Scooter,Part-time,4.21,Y
DP12541,Shreya A,Scooter,Full-time,3.47,N
DP14822,Ravi H,Bike,Full-time,3.97,Y
DP01235,Neha U,Car,Full-time,4.2,Y
DP07693,Neha P,Bike,Full-time,4.23,Y
DP00585,Kiran I,Bike,Full-time,4.54,Y
DP03165,Rakesh S,Cycle,Part-time,4.02,N
DP05288,Ravi C,Scooter,Full-time,4.34,Y
DP08573,Shreya C,Bike,Contract,4.21,Y
DP01275,Rahul I,Bike,Full-time,4.4,Y
DP03423,Sneha K,Cycle,Full-time,4.53,N
DP11812,Santosh G,Scooter,Full-time,4.79,Y
DP13536,Ananya J,Scooter,Full-time,3.94,Y
DP06009,Arjun M,Scooter,Part-time,4.27,Y
DP07779,Santosh Z,Scooter,Part-time,3.97,Y
DP08608,Manoj K,Car,Full-time,3.97,Y
DP03913,Meena Y,Bike,Part-time,3.8,N
DP04335,Nikhil B,Scooter,Full-time,4.47,N
DP10426,Pooja H,Bike,Full-time,3.57,Y
DP14874,Suresh Q,Scooter,Part-time,4.07,Y
DP10792,Shreya Z,Scooter,Full-time,3.9,Y
DP14422,Pooja E,Scooter,Full-time,4.03,Y
DP14448,Pooja X,Scooter,Full-time,3.78,Y
DP04246,Manoj D,Scooter,Full-time,3.82,Y
DP07581,Deepak I,Scooter,Full-time,4.36,Y
DP13638,Rahul D,Bike,Part-time,4.09,Y
DP00431,Priya Y,Cycle,Full-time,4.03,Y
DP13234,Pooja T,Bike,Part-time,4.51,Y
DP07814,Priya S,Scooter,Full-time,4.05,Y
DP01348,Sneha P,Scooter,Contract,3.7,Y
DP09351,Suresh T,Bike,Full-time,4.64,Y
DP05273,Manoj O,Scooter,Full-time,4.34,Y
DP03305,Manoj L,Scooter,Full-time,3.89,Y
DP14312,Sneha Q,Car,Full-time,4.04,Y
DP06641,Santosh S,Scooter,Full-time,4.57,Y
DP09127,Meena Q,Scooter,Full-time,4.73,Y
DP07974,Pooja L,Scooter,Full-time,4.1,Y
DP11442,Amit L,Cycle,Part-time,4.24,Y
DP11599,Rahul A,Bike,Part-time,4.62,Y
DP06321,Amit M,Cycle,Full-time,4.01,Y
DP14215,Rahul R,Cycle,Full-time,3.74,Y
DP13369,Meena G,Scooter,Full-time,3.58,Y
DP14334,Suresh G,Scooter,Part-time,4.22,Y
DP14280,Priya W,Car,Part-time,4.03,Y
DP11199,Neha P,Bike,Contract,4.5,Y
DP01693,Meena F,Scooter,Full-time,4.12,Y
DP12933,Arjun Y,Bike,Contract,3.82,Y
DP01097,Ravi Y,Cycle,Full-time,4.46,Y
DP07992,Kiran O,Bike,Full-time,4.37,Y
DP14730,Meena P,Bike,Part-time,3.68,Y
DP00436,Pooja N,Bike,Part-time,4.25,Y
DP03170,Divya U,Scooter,Part-time,4.88,Y
DP01087,Manoj K,Car,Part-time,4.05,Y
DP09269,Priya W,Scooter,Part-time,4.3,Y
DP12966,Meena S,Scooter,Contract,4.11,Y
DP01153,Vikas N,Bike,Full-time,4.19,Y
DP01595,Priya N,Scooter,Full-time,4.32,Y
DP13235,Ananya O,Scooter,Contract,4.2,Y
DP02545,Nikhil U,Bike,Full-time,4.54,Y
DP11342,Vikas K,Bike,Part-time,4.38,Y
DP13446,Deepak P,Bike,Part-time,4.67,Y
DP08451,Manoj P,Bike,Full-time,4.31,Y
DP09369,Ananya I,Bike,Full-time,4.29,Y
DP10108,Santosh H,Bike,Full-time,4.18,Y
DP10579,Nikhil W,Bike,Full-time,3.9,Y
DP10240,Amit J,Cycle,Contract,3.8,Y
DP13856,Suresh V,Bike,Part-time,4.28,Y
DP07597,Meena N,Bike,Full-time,4.07,Y
DP00172,Manoj C,Cycle,Contract,4.17,N
DP07033,Amit Z,Cycle,Part-time,4.54,Y
DP14480,Neha O,Bike,Part-time,4.22,Y
DP14749,Pooja C,Bike,Part-time,3.83,Y
DP03280,Priya Y,Bike,Full-time,4.21,Y
DP11445,Priya F,Scooter,Full-time,4.05,Y
DP13571,Divya J,Cycle,Full-time,3.87,Y
DP03649,Pooja B,Cycle,Full-time,4.81,Y
DP07982,Santosh C,Cycle,Part-time,4.76,Y
DP06988,Divya N,Bike,Part-time,4.39,Y
DP09971,Ravi Z,Bike,Full-time,4.3,N
DP02382,Suresh J,Bike,Contract,4.05,Y
DP08245,Manoj S,Scooter,Part-time,3.68,Y
DP06845,Sneha A,Cycle,Full-time,4.27,Y
DP14419,Santosh P,Scooter,Part-time,3.96,Y
DP08452,Priya U,Scooter,Contract,4.88,N
DP01520,Ananya B,Car,Full-time,4.42,Y
DP07808,Ananya R,Scooter,Contract,3.98,Y
DP13951,Neha R,Car,Full-time,4.16,Y
DP08475,Ananya F,Scooter,Full-time,4.6,Y
DP14787,Kiran V,Bike,Part-time,3.91,N
DP02320,Priya Z,Cycle,Contract,3.86,Y
DP02185,Santosh D,Cycle,Part-time,4.18,Y
DP04112,Kiran C,Cycle,Contract,3.89,Y
DP03710,Priya V,Cycle,Full-time,4.35,Y
DP04195,Santosh B,Scooter,Full-time,4.36,Y
DP13702,Ananya E,Bike,Contract,4.28,N
DP12574,Pooja S,Bike,Contract,4.24,Y
DP07175,Kiran Q,Scooter,Full-time,4.42,Y
DP02558,Nikhil I,Scooter,Part-time,3.99,Y
DP14088,Manoj J,Bike,Full-time,4.03,Y
DP07455,Priya T,Cycle,Part-time,4.13,Y
DP04385,Arjun D,Bike,Part-time,3.94,Y
DP07914,Ravi W,Scooter,Part-time,4.08,Y
DP04990,Suresh W,Bike,Part-time,4.45,Y
DP11033,Kiran Q,Bike,Part-time,4.29,Y
DP10107,Suresh L,Scooter,Full-time,4.49,Y
DP06554,Suresh F,Bike,Part-time,3.7,Y
DP14796,Manoj K,Scooter,Full-time,3.73,Y
DP00123,Kiran V,Bike,Full-time,3.94,Y
DP06914,Nikhil Z,Scooter,Contract,4.42,Y
DP07617,Suresh J,Scooter,Full-time,3.87,Y
DP11073,Amit P,Bike,Full-time,4.33,Y
DP12355,Pooja R,Bike,Contract,4.11,Y
DP01236,Divya D,Bike,Full-time,4.3,N
DP10876,Ananya T,Scooter,Contract,4.07,Y
DP13846,Divya R,Cycle,Full-time,4.05,Y
DP02550,Neha L,Bike,Contract,3.55,Y
DP04176,Shreya P,Scooter,Full-time,4.24,Y
DP12360,Arjun L,Bike,Full-time,4.17,Y
DP02897,Arjun Q,Bike,Part-time,4.06,Y
DP07934,Shreya P,Cycle,Full-time,3.83,Y
DP14227,Sneha C,Scooter,Full-time,4.12,Y
DP06754,Rahul V,Scooter,Full-time,4.1,Y
DP00340,Meena A,Scooter,Full-time,4.36,Y
DP13747,Ananya K,Bike,Part-time,4.32,N
DP12608,Vikas X,Scooter,Full-time,3.78,Y
DP05892,Kiran R,Bike,Full-time,4.6,Y
DP02470,Ravi M,Bike,Contract,4.78,Y
DP02760,Pooja V,Bike,Contract,3.79,Y
DP07145,Amit H,Scooter,Full-time,3.85,Y
DP14907,Vikas V,Bike,Full-time,4.32,Y
DP11043,Nikhil R,Bike,Full-time,4.02,Y
DP08046,Shreya P,Bike,Part-time,4.25,Y
DP12918,Ravi L,Bike,Contract,4.17,Y
DP13522,Vikas O,Scooter,Part-time,4.44,Y
DP10630,Rakesh H,Bike,Contract,3.98,Y
DP01429,Sneha R,Car,Part-time,4.29,Y
DP14711,Meena M,Bike,Full-time,3.83,N
DP03127,Arjun I,Scooter,Full-time,4.38,Y
DP00404,Meena D,Scooter,Part-time,4.53,Y
DP01200,Sneha M,Cycle,Full-time,4.51,Y
DP14996,Sneha N,Cycle,Full-time,4.39,Y
DP05723,Kiran D,Scooter,Full-time,4.02,Y
DP10182,Priya W,Scooter,Part-time,4.46,Y
DP03366,Amit I,Bike,Part-time,4.05,Y
DP05868,Manoj W,Bike,Part-time,4.35,N
DP01352,Priya B,Scooter,Full-time,3.83,Y
DP06807,Priya P,Bike,Part-time,4.4,Y
DP08021,Suresh N,Scooter,Contract,4.29,Y
DP10446,Ananya S,Scooter,Part-time,4.54,N
DP12204,Rahul C,Bike,Full-time,4.4,Y
DP05671,Ravi M,Bike,Contract,3.94,Y
DP05591,Shreya U,Scooter,Full-time,3.9,Y
DP00221,Neha K,Scooter,Part-time,4.21,Y
DP06012,Ananya K,Bike,Part-time,4.15,Y
DP00245,Shreya J,Scooter,Contract,3.99,Y
DP14024,Shreya Z,Bike,Full-time,4.51,Y
DP12269,Rahul Q,Bike,Full-time,4.05,Y
DP07558,Suresh J,Bike,Full-time,4.01,Y
DP03242,Santosh Q,Bike,Full-time,3.98,Y
DP06469,Pooja F,Cycle,Full-time,3.95,Y
DP01541,Deepak K,Scooter,Contract,3.94,Y
DP07363,Manoj T,Bike,Contract,3.82,Y
DP13023,Rahul R,Bike,Contract,3.62,Y
DP00393,Amit G,Bike,Part-time,4.28,Y
DP09113,Amit P,Cycle,Full-time,4.18,Y
DP06216,Kiran F,Scooter,Contract,4.73,Y
DP03552,Deepak V,Bike,Part-time,4.22,N
DP05612,Divya P,Cycle,Contract,3.82,Y
DP03732,Santosh C,Bike,Full-time,4.1,Y
DP00795,Neha P,Cycle,Part-time,3.97,Y
DP10281,Divya O,Bike,Full-time,4.35,Y
DP14553,Amit J,Scooter,Contract,4.02,Y
DP12893,Arjun N,Scooter,Part-time,4.1,Y
DP09667,Rakesh Q,Scooter,Part-time,3.94,Y
DP04644,Ananya H,Scooter,Part-time,4.5,Y
DP00760,Pooja T,Bike,Full-time,4.51,Y
DP06356,Priya Q,Bike,Full-time,4.12,Y
DP01916,Amit T,Cycle,Contract,3.83,Y
DP09479,Pooja W,Scooter,Contract,4.34,Y
DP14572,Nikhil L,Bike,Full-time,3.77,Y
DP05169,Sneha X,Bike,Contract,4.11,N
DP12975,Suresh A,Cycle,Full-time,4.3,Y
DP09627,Divya Q,Scooter,Full-time,4.34,Y
DP11576,Neha D,Bike,Full-time,4.11,Y
DP06848,Pooja Q,Scooter,Part-time,3.77,Y
DP02404,Nikhil Q,Bike,Contract,4.16,Y
DP07551,Divya Y,Scooter,Part-time,4.62,Y
DP12165,Divya H,Scooter,Full-time,4.24,Y
DP08727,Neha E,Scooter,Full-time,4.32,Y
DP00139,Ravi B,Scooter,Contract,3.95,Y
DP08509,Shreya M,Bike,Contract,4.38,Y
DP11356,Ravi S,Bike,Full-time,4.38,Y
DP09907,Shreya J,Scooter,Full-time,3.75,Y
DP12342,Kiran P,Scooter,Contract,3.64,Y
DP05127,Sneha W,Scooter,Full-time,4.18,Y
DP13478,Suresh O,Scooter,Full-time,3.78,Y
DP00660,Neha X,Bike,Full-time,3.69,Y
DP14323,Shreya P,Bike,Part-time,3.51,Y
DP07461,Ravi I,Bike,Full-time,4.24,Y
DP07153,Pooja C,Scooter,Full-time,4.78,N
DP05074,Deepak Z,Bike,Full-time,4.48,Y
DP07149,Ananya D,Scooter,Contract,4.31,N
DP08982,Manoj S,Bike,Contract,3.71,Y
DP13742,Santosh F,Scooter,Full-time,4.11,N
DP07329,Rahul C,Scooter,Part-time,3.98,Y
DP09427,Meena W,Bike,Contract,3.59,Y
DP12196,Rakesh G,Cycle,Full-time,4.39,Y
DP01984,Rahul X,Cycle,Full-time,4.5,Y
DP12965,Pooja F,Bike,Full-time,4.05,Y
DP14040,Rahul E,Cycle,Part-time,3.9,Y
DP14129,Shreya N,Scooter,Part-time,4.95,Y
DP11613,Rakesh P,Scooter,Full-time,4.17,Y
DP05083,Divya A,Cycle,Part-time,3.86,Y
DP09814,Vikas Q,Scooter,Full-time,4.53,N
DP05624,Ananya E,Bike,Full-time,4.09,Y
DP05045,Neha R,Scooter,Full-time,4.06,Y
DP08032,Vikas H,Scooter,Full-time,3.81,Y
DP10341,Deepak N,Scooter,Part-time,3.82,Y
DP03603,Shreya C,Bike,Full-time,4.09,Y
DP13275,Deepak W,Bike,Full-time,4.36,Y
DP00877,Nikhil X,Bike,Contract,4.16,Y
DP07816,Rahul P,Scooter,Full-time,4.35,Y
DP01855,Kiran T,Cycle,Full-time,4.22,Y
DP03813,Rahul D,Bike,Part-time,4.07,Y
DP06512,Shreya I,Cycle,Part-time,3.81,Y
DP13850,Priya C,Bike,Part-time,3.98,Y
DP12797,Priya X,Scooter,Part-time,3.9,Y
DP09887,Rakesh L,Scooter,Part-time,4.39,N
DP05577,Sneha T,Bike,Full-time,3.97,Y
DP00561,Arjun W,Bike,Full-time,4.22,Y
DP07799,Vikas B,Bike,Contract,3.71,Y
DP06072,Arjun N,Scooter,Full-time,4.23,Y
DP05088,Shreya K,Cycle,Contract,4.17,Y
DP06150,Manoj F,Cycle,Full-time,3.71,Y
DP13246,Amit S,Bike,Full-time,4,Y
DP13145,Vikas C,Bike,Full-time,3.92,Y
DP14371,Pooja B,Bike,Full-time,3.98,Y
DP06223,Deepak H,Scooter,Part-time,4.56,Y
DP05825,Divya K,Bike,Full-time,4.87,N
DP05351,Sneha I,Scooter,Part-time,4.36,Y
DP10111,Nikhil X,Bike,Full-time,3.94,Y
DP08066,Meena T,Car,Part-time,3.57,Y
DP04719,Sneha Z,Scooter,Contract,4.62,Y
DP07944,Santosh X,Scooter,Contract,4.41,Y
DP02224,Santosh T,Bike,Full-time,3.91,Y
DP11717,Vikas N,Scooter,Contract,3.99,N
DP00853,Deepak I,Bike,Contract,3.78,Y
DP04193,Ananya F,Scooter,Part-time,4.41,Y
DP07188,Rakesh Z,Scooter,Part-time,4.63,Y
DP13251,Rahul I,Bike,Part-time,4.46,Y
DP03822,Arjun Z,Scooter,Contract,4.32,Y
DP09976,Suresh V,Bike,Part-time,3.83,Y
DP01866,Shreya W,Cycle,Part-time,4.38,Y
DP03856,Divya Q,Scooter,Part-time,4.16,Y
DP07531,Meena K,Scooter,Part-time,4.7,Y
DP03723,Rakesh H,Bike,Full-time,4.01,Y
DP13407,Manoj P,Scooter,Part-time,3.8,Y
DP07800,Rahul A,Bike,Full-time,4.36,Y
DP09594,Nikhil C,Scooter,Contract,4.24,Y
DP00199,Meena X,Bike,Part-time,4,Y
DP06605,Meena X,Bike,Part-time,3.92,Y
DP02542,Meena X,Scooter,Full-time,3.75,Y
DP03684,Sneha V,Bike,Full-time,4.52,Y
DP07535,Suresh A,Scooter,Full-time,4.38,Y
DP09994,Ananya T,Scooter,Contract,3.81,Y
DP08893,Arjun T,Scooter,Full-time,4.64,Y
DP04898,Divya D,Scooter,Full-time,4.4,Y
DP11627,Divya M,Scooter,Full-time,3.78,Y
DP07151,Arjun Q,Scooter,Full-time,4.11,Y
DP13835,Shreya N,Scooter,Contract,3.87,Y
DP00914,Santosh S,Bike,Full-time,4.01,Y
DP07164,Nikhil C,Car,Part-time,4.45,Y
DP01934,Deepak G,Car,Contract,4.75,Y
DP12716,Pooja N,Scooter,Contract,4.06,Y
DP07573,Manoj B,Bike,Part-time,4.66,Y
DP13460,Rahul J,Scooter,Full-time,4.26,Y
DP07187,Ananya Z,Bike,Full-time,4.39,Y
DP00286,Ananya R,Bike,Part-time,3.93,Y
DP06146,Deepak Z,Scooter,Full-time,3.92,Y
DP04140,Neha E,Cycle,Full-time,3.91,Y
DP07603,Meena X,Bike,Full-time,4.34,Y
DP12138,Vikas G,Bike,Part-time,4.29,N
DP11455,Vikas G,Bike,Contract,4.2,Y
DP01110,Amit U,Scooter,Full-time,4.3,Y
DP14431,Vikas G,Cycle,Full-time,4.09,Y
DP10077,Meena Q,Car,Full-time,3.72,Y
DP10891,Suresh X,Bike,Full-time,4.19,Y
DP09333,Rahul A,Scooter,Full-time,4.39,Y
DP11688,Amit L,Bike,Contract,4.22,Y
DP01962,Sneha K,Scooter,Full-time,3.74,Y
DP04577,Shreya O,Bike,Full-time,3.92,Y
DP06671,Pooja L,Bike,Part-time,3.77,Y
DP12240,Shreya X,Bike,Full-time,4.08,Y
DP05266,Nikhil N,Scooter,Part-time,4.02,Y
DP12011,Pooja W,Scooter,Full-time,4.39,Y
DP02195,Kiran I,Bike,Full-time,4.02,Y
DP00640,Pooja W,Scooter,Contract,3.96,Y
DP09144,Ananya T,Scooter,Full-time,4.01,Y
DP10239,Ananya Q,Scooter,Part-time,3.74,Y
DP05584,Meena O,Bike,Full-time,3.89,Y
DP08908,Divya S,Cycle,Part-time,4.32,N
DP00910,Arjun Z,Scooter,Full-time,3.67,Y
DP10206,Santosh D,Bike,Part-time,4.25,Y
DP09391,Ananya K,Scooter,Full-time,3.8,Y
DP05766,Vikas B,Bike,Full-time,3.61,Y
DP04260,Ananya X,Bike,Contract,3.82,N
DP07782,Kiran H,Scooter,Full-time,4.2,Y
DP04773,Suresh O,Bike,Full-time,4,Y
DP00048,Nikhil B,Scooter,Full-time,3.9,Y
DP00602,Neha C,Scooter,Full-time,4.75,Y
DP00694,Rakesh T,Scooter,Contract,3.71,Y
DP00373,Ananya C,Bike,Contract,4.66,Y
DP14636,Kiran A,Cycle,Full-time,4.03,N
DP13314,Sneha R,Bike,Full-time,3.72,Y
DP01537,Manoj R,Scooter,Full-time,3.62,Y
DP12588,Manoj H,Bike,Contract,4.19,Y
DP01596,Deepak R,Bike,Full-time,3.94,N
DP12370,Shreya U,Scooter,Full-time,4.77,Y
DP01883,Sneha G,Bike,Full-time,4.28,Y
DP08826,Suresh L,Cycle,Full-time,4.47,Y
DP04668,Arjun M,Bike,Full-time,4.08,Y
DP09208,Pooja B,Bike,Full-time,4.73,N
DP09236,Meena I,Cycle,Part-time,4.48,N
DP02469,Ravi O,Cycle,Full-time,4.58,N
DP05210,Rakesh F,Car,Contract,4.16,Y
DP07584,Neha Y,Scooter,Part-time,3.55,Y
DP05065,Pooja R,Scooter,Part-time,4.26,Y
DP09402,Meena J,Scooter,Part-time,4.37,Y
DP04863,Amit S,Scooter,Part-time,4.62,Y
DP12727,Manoj V,Scooter,Contract,4.51,Y
DP12620,Ravi U,Bike,Part-time,4.01,Y
DP13839,Pooja L,Scooter,Part-time,4.1,Y
DP00155,Nikhil V,Scooter,Full-time,4.28,Y
DP08209,Ravi E,Bike,Full-time,3.79,N
DP02866,Sneha S,Bike,Full-time,4.38,N
DP01497,Vikas N,Bike,Full-time,3.96,Y
DP14857,Shreya J,Cycle,Full-time,4.46,Y
DP04344,Pooja U,Scooter,Part-time,3.99,Y
DP03245,Amit W,Bike,Part-time,4.42,Y
DP01558,Rakesh F,Cycle,Full-time,4.03,Y
DP14628,Manoj K,Bike,Full-time,4.28,Y
DP00159,Suresh B,Bike,Part-time,4.94,Y
DP01879,Ravi B,Bike,Full-time,4.33,Y
DP05614,Santosh Y,Scooter,Full-time,4.33,Y
DP04884,Nikhil Y,Bike,Contract,3.85,Y
DP00242,Nikhil P,Scooter,Part-time,3.94,Y
DP05694,Deepak O,Bike,Contract,4.27,Y
DP06975,Santosh F,Scooter,Part-time,4.27,Y
DP05173,Manoj W,Cycle,Part-time,4.13,Y
DP12405,Priya C,Scooter,Part-time,4.14,Y
DP05052,Meena W,Scooter,Part-time,4.02,N
DP10171,Deepak V,Scooter,Full-time,4.07,Y
DP11958,Ananya F,Car,Contract,3.86,Y
DP03948,Ravi Z,Scooter,Part-time,4.24,Y
DP09769,Ananya O,Car,Full-time,4,Y
DP01464,Suresh N,Bike,Contract,4.13,Y
DP03325,Meena U,Bike,Full-time,4.31,Y
DP06254,Rakesh K,Scooter,Full-time,4.8,Y
DP03650,Rahul N,Scooter,Full-time,4.53,Y
DP01203,Rahul V,Scooter,Part-time,4.32,Y
DP07334,Amit J,Bike,Full-time,4.05,Y
DP03536,Deepak L,Scooter,Full-time,4.07,Y
DP05260,Arjun D,Cycle,Part-time,4.31,Y
DP08796,Divya M,Scooter,Full-time,4.43,Y
DP10711,Santosh V,Bike,Full-time,4.15,Y
DP11181,Vikas O,Bike,Contract,4.28,Y
DP04313,Shreya Z,Scooter,Part-time,4.29,N
DP14476,Ananya A,Scooter,Full-time,3.97,Y
DP13868,Rakesh I,Bike,Full-time,4.25,Y
DP00770,Ananya K,Bike,Full-time,4.24,Y
DP13080,Pooja E,Bike,Part-time,4.25,Y
DP09834,Suresh N,Bike,Part-time,4.1,Y
DP04347,Rahul E,Bike,Part-time,4.38,Y
DP00096,Vikas I,Scooter,Contract,3.87,N
DP06102,Sneha H,Scooter,Full-time,4.02,Y
DP09191,Sneha J,Bike,Part-time,4.11,Y
DP09924,Ananya U,Scooter,Part-time,4.62,N
DP04088,Neha O,Bike,Full-time,4.2,Y
DP05357,Vikas S,Cycle,Full-time,4.09,Y
DP11550,Rahul H,Cycle,Full-time,3.86,Y
DP12802,Vikas D,Cycle,Full-time,4.16,Y
DP07743,Rakesh R,Bike,Full-time,4.07,Y
DP06669,Rahul N,Bike,Contract,4.89,Y
DP07043,Meena W,Bike,Part-time,4.1,Y
DP03888,Ravi B,Bike,Full-time,4.07,Y
DP13770,Suresh E,Cycle,Part-time,3.76,N
DP11924,Arjun R,Bike,Full-time,3.88,Y
DP13435,Sneha B,Car,Part-time,4.26,Y
DP14738,Ravi E,Bike,Contract,4.19,Y
DP00309,Sneha R,Car,Part-time,4.06,Y
DP12498,Pooja V,Cycle,Contract,3.93,Y
DP03561,Kiran F,Bike,Full-time,4.07,Y
DP14439,Vikas P,Bike,Part-time,4.31,Y
DP05849,Santosh L,Scooter,Full-time,4.23,Y
DP05551,Neha V,Car,Full-time,4.45,Y
DP10471,Pooja V,Bike,Full-time,4.18,Y
DP03759,Rahul T,Bike,Full-time,4.36,Y
DP09845,Divya F,Scooter,Full-time,4.42,Y
DP07829,Shreya O,Scooter,Full-time,4.54,Y
DP05392,Suresh G,Scooter,Full-time,4.16,Y
DP09699,Deepak U,Bike,Contract,4.23,Y
DP12927,Divya U,Scooter,Full-time,4.14,Y
DP06050,Arjun C,Bike,Contract,4.28,Y
DP11685,Divya E,Scooter,Full-time,4.44,Y
DP12035,Amit T,Scooter,Contract,4.18,Y
DP00423,Nikhil O,Bike,Full-time,3.93,Y
DP14680,Neha L,Cycle,Full-time,3.88,Y
DP14294,Amit P,Bike,Full-time,4.21,Y
DP07502,Manoj Y,Scooter,Contract,4.12,Y
DP05841,Suresh U,Scooter,Part-time,4.43,Y
DP14362,Sneha N,Scooter,Full-time,3.82,Y
DP08372,Ananya D,Cycle,Full-time,4.52,Y
DP12323,Deepak O,Scooter,Full-time,3.93,Y
DP03289,Manoj S,Scooter,Full-time,3.73,Y
DP06558,Meena S,Bike,Part-time,4.29,Y
DP03633,Pooja A,Bike,Part-time,4.03,Y
DP12397,Neha S,Scooter,Full-time,4.29,Y
DP02337,Priya L,Bike,Full-time,3.65,N
DP11818,Suresh Q,Bike,Full-time,4.19,Y
DP03301,Pooja X,Cycle,Part-time,4.39,Y
DP14601,Sneha B,Bike,Full-time,3.58,Y
DP08831,Ravi J,Bike,Full-time,4.04,Y
DP04603,Santosh I,Bike,Full-time,4.23,Y
DP02247,Santosh L,Bike,Full-time,4.88,Y
DP11933,Rakesh O,Scooter,Full-time,4.59,Y
DP08757,Priya V,Cycle,Contract,3.92,Y
DP03203,Priya B,Bike,Part-time,4.49,N
DP10484,Meena U,Bike,Full-time,4.49,Y
DP09695,Meena X,Scooter,Full-time,4.27,Y
DP11842,Rakesh T,Scooter,Contract,4.48,N
DP05819,Ravi A,Bike,Part-time,4.07,Y
DP06314,Meena V,Cycle,Full-time,4.3,Y
DP11616,Shreya D,Scooter,Part-time,3.97,Y
DP01756,Manoj J,Bike,Contract,4.26,Y
DP06045,Ravi J,Scooter,Contract,4.2,Y
DP13860,Manoj F,Cycle,Part-time,4.4,Y
DP11784,Vikas Y,Scooter,Full-time,3.9,Y
DP12320,Amit K,Cycle,Full-time,4.61,Y
DP08331,Ravi B,Scooter,Part-time,3.82,Y
DP04753,Suresh M,Bike,Full-time,4.05,Y
DP09168,Vikas F,Scooter,Full-time,4.28,Y
DP01768,Vikas D,Cycle,Part-time,3.97,Y
DP08663,Rakesh Z,Bike,Part-time,4.09,Y
DP00236,Shreya G,Cycle,Contract,4.25,Y
DP00650,Pooja D,Scooter,Part-time,4.53,Y
DP11069,Divya M,Bike,Contract,4.12,Y
DP04655,Deepak O,Scooter,Part-time,4.19,Y
DP06168,Kiran I,Cycle,Full-time,4.26,Y
DP05018,Divya C,Bike,Part-time,3.88,Y
DP10199,Suresh O,Scooter,Full-time,4.48,Y
DP08381,Divya U,Scooter,Part-time,4.05,N
DP04934,Priya M,Scooter,Full-time,4.14,N
DP10966,Shreya I,Scooter,Full-time,4.2,Y
DP02143,Shreya P,Bike,Full-time,4.81,Y
DP04731,Santosh H,Bike,Full-time,3.7,Y
DP00667,Arjun I,Scooter,Full-time,4.12,Y
DP01297,Santosh M,Scooter,Part-time,4.35,N
DP02868,Vikas D,Scooter,Part-time,4.28,Y
DP00444,Kiran U,Scooter,Full-time,4.73,Y
DP11968,Neha W,Bike,Full-time,4.29,Y
DP12388,Priya K,Bike,Contract,4.44,Y
DP09253,Manoj W,Car,Full-time,3.79,Y
DP01402,Divya B,Bike,Full-time,3.99,Y
DP04545,Shreya V,Bike,Full-time,4.35,Y
DP05355,Rakesh K,Cycle,Full-time,4.64,Y
DP07583,Meena D,Scooter,Part-time,4.36,Y
DP10731,Rakesh R,Scooter,Full-time,4.58,Y
DP08398,Santosh H,Bike,Full-time,4.16,Y
DP09938,Ravi E,Cycle,Part-time,4.44,Y
DP13154,Rahul W,Scooter,Contract,4.26,Y
DP06953,Ananya Q,Scooter,Full-time,4,Y
DP03018,Amit G,Bike,Part-time,3.99,Y
DP01025,Vikas S,Bike,Full-time,4.32,Y
DP00038,Deepak E,Scooter,Full-time,3.71,Y
DP10072,Amit O,Bike,Part-time,4.29,Y
DP06903,Ananya B,Bike,Full-time,5,Y
DP05054,Priya X,Cycle,Full-time,4.31,Y
DP03306,Suresh T,Bike,Part-time,4.14,Y
DP05368,Divya C,Scooter,Contract,4.54,Y
DP08647,Neha B,Cycle,Full-time,4.07,Y
DP00748,Manoj F,Scooter,Full-time,4.39,Y
DP09330,Arjun Y,Cycle,Full-time,3.81,Y
DP00141,Shreya N,Bike,Contract,4.35,N
DP10485,Santosh J,Car,Full-time,4.37,Y
DP14529,Amit R,Bike,Contract,4.25,Y
DP05119,Manoj Q,Cycle,Part-time,4.47,Y
DP13368,Deepak Q,Bike,Full-time,4.18,Y
DP01986,Nikhil V,Bike,Part-time,4.69,Y
DP04475,Nikhil V,Scooter,Full-time,3.74,Y
DP03926,Santosh Z,Cycle,Part-time,4.1,N
DP14811,Kiran E,Scooter,Full-time,3.85,Y
DP00597,Shreya B,Bike,Full-time,4.68,Y
DP04670,Ravi K,Bike,Full-time,4.35,Y
DP08215,Suresh Z,Scooter,Contract,4.23,Y
DP10582,Sneha I,Bike,Full-time,4.52,Y
DP09202,Vikas H,Bike,Part-time,3.91,Y
DP14488,Amit T,Cycle,Part-time,3.98,Y
DP07718,Suresh X,Scooter,Part-time,4.65,Y
DP14909,Pooja H,Scooter,Contract,4.19,Y
DP07447,Rakesh T,Bike,Full-time,4.09,Y
DP05136,Vikas C,Bike,Part-time,4.45,Y
DP05432,Divya Z,Cycle,Full-time,4.17,Y
DP07756,Rakesh Z,Scooter,Full-time,4.32,Y
DP04488,Rakesh F,Bike,Part-time,4.34,Y
DP01598,Sneha G,Bike,Contract,4.21,Y
DP02574,Suresh K,Bike,Part-time,3.8,Y
DP09755,Manoj C,Cycle,Full-time,4.17,Y
DP14289,Ravi Z,Scooter,Full-time,4.13,Y
DP13361,Amit H,Scooter,Full-time,4.23,Y
DP08878,Nikhil Z,Bike,Full-time,4.38,Y
DP07746,Sneha K,Scooter,Part-time,4.58,Y
DP10585,Pooja W,Scooter,Full-time,4.47,Y
DP04271,Priya A,Bike,Full-time,4.08,Y
DP02671,Deepak S,Scooter,Full-time,3.84,Y
DP04480,Ananya L,Bike,Full-time,3.94,Y
DP10234,Vikas E,Bike,Part-time,4.29,Y
DP05009,Manoj S,Scooter,Part-time,4.12,N
DP09680,Arjun P,Scooter,Part-time,4.04,Y
DP04592,Nikhil D,Bike,Part-time,4.08,Y
DP03956,Meena M,Scooter,Full-time,3.69,Y
DP05532,Pooja G,Scooter,Contract,4.29,Y
DP09633,Meena G,Cycle,Full-time,4.23,N
DP00745,Vikas K,Car,Full-time,4.47,N
DP06295,Ananya D,Scooter,Contract,4.26,Y
DP02557,Rahul G,Scooter,Part-time,4.4,N
DP08239,Arjun M,Cycle,Full-time,4.02,Y
DP00810,Rakesh P,Scooter,Part-time,4.02,Y
DP09721,Arjun G,Bike,Full-time,4.04,Y
DP07189,Divya E,Bike,Full-time,4.74,Y
DP10473,Vikas I,Scooter,Part-time,4.98,Y
DP09955,Pooja P,Scooter,Contract,4.07,Y
DP12978,Kiran M,Scooter,Contract,4.57,Y
DP06285,Santosh V,Scooter,Contract,4.04,Y
DP02639,Nikhil W,Cycle,Full-time,3.99,Y
DP14558,Suresh X,Scooter,Full-time,4.77,Y
DP10269,Arjun M,Bike,Full-time,3.69,Y
DP04901,Meena O,Cycle,Full-time,4.15,Y
DP03835,Suresh Z,Bike,Full-time,3.77,Y
DP03727,Rakesh U,Bike,Part-time,3.81,Y
DP08462,Arjun I,Scooter,Full-time,3.91,Y
DP06345,Rahul Z,Cycle,Part-time,4.25,Y
DP08273,Kiran T,Bike,Full-time,3.94,Y
DP08754,Rakesh D,Bike,Part-time,4.42,Y
DP10515,Santosh O,Bike,Part-time,4.66,Y
DP01470,Ravi K,Bike,Full-time,3.72,Y
DP12555,Rakesh V,Bike,Part-time,4.32,Y
DP01748,Rahul Y,Scooter,Full-time,4.36,N
DP05813,Arjun F,Scooter,Contract,3.91,Y
DP04646,Vikas T,Cycle,Part-time,4.38,Y
DP12529,Nikhil M,Bike,Contract,4.16,Y
DP03503,Kiran Z,Scooter,Part-time,3.78,Y
DP09861,Amit H,Bike,Full-time,4.28,Y
DP05141,Ananya K,Scooter,Full-time,4.23,Y
DP04217,Ananya N,Cycle,Full-time,3.86,Y
DP00150,Manoj M,Scooter,Part-time,4.39,Y
DP10172,Santosh P,Scooter,Full-time,4.47,Y
DP02754,Deepak M,Cycle,Part-time,4.44,Y
DP04529,Kiran E,Bike,Full-time,4,Y
DP04849,Divya P,Bike,Part-time,4.03,Y
DP11692,Rakesh A,Bike,Full-time,4.55,N
DP00865,Ananya T,Cycle,Full-time,3.87,Y
DP10592,Deepak S,Scooter,Part-time,3.88,Y
DP00297,Neha B,Scooter,Full-time,3.94,Y
DP08904,Nikhil Y,Scooter,Contract,3.66,Y
DP14232,Ananya Z,Bike,Full-time,4.75,Y
DP02359,Santosh F,Bike,Full-time,4.11,Y
DP09463,Santosh K,Cycle,Full-time,3.93,Y
DP10282,Meena T,Scooter,Full-time,4.37,Y
DP06275,Vikas F,Scooter,Full-time,4.29,Y
DP03240,Arjun U,Bike,Part-time,4.22,Y
DP06535,Meena V,Car,Contract,3.8,Y
DP13526,Pooja D,Bike,Full-time,4.32,Y
DP10261,Shreya C,Car,Contract,4.96,Y
DP13679,Divya J,Bike,Part-time,4.25,Y
DP06966,Meena T,Scooter,Full-time,4.36,Y
DP02588,Divya E,Scooter,Part-time,4.17,Y
DP04373,Rahul R,Scooter,Full-time,4.61,Y
DP06490,Santosh H,Scooter,Full-time,4.46,Y
DP00765,Suresh A,Scooter,Part-time,4.02,Y
DP14311,Ravi T,Bike,Part-time,4.29,Y
DP04200,Suresh M,Bike,Full-time,4.56,Y
DP11786,Deepak K,Scooter,Full-time,3.92,N
DP07100,Santosh B,Scooter,Full-time,4.19,Y
DP03958,Vikas C,Bike,Contract,3.94,Y
DP10429,Divya U,Scooter,Contract,4.13,Y
DP14586,Santosh A,Bike,Contract,3.77,N
DP12901,Ravi I,Bike,Full-time,4.42,Y
DP10762,Arjun K,Scooter,Contract,4.3,N
DP09042,Priya I,Car,Part-time,3.46,Y
DP14906,Vikas W,Bike,Contract,3.77,Y
DP00603,Santosh N,Scooter,Contract,3.79,Y
DP04170,Suresh D,Bike,Part-time,4.1,Y
DP02122,Ananya L,Car,Part-time,4.81,Y
DP08576,Amit X,Scooter,Full-time,4.11,N
DP05527,Divya Y,Bike,Contract,4.94,Y
DP04830,Pooja A,Bike,Part-time,4.55,Y
DP01442,Santosh Z,Bike,Full-time,4.07,Y
DP13358,Kiran C,Bike,Full-time,4.18,Y
DP12665,Santosh O,Bike,Part-time,4.61,Y
DP09523,Neha I,Scooter,Part-time,3.93,Y
DP12707,Sneha V,Cycle,Full-time,3.96,Y
DP06933,Kiran U,Scooter,Contract,3.72,Y
DP10413,Neha G,Cycle,Contract,3.99,Y
DP06069,Pooja C,Scooter,Contract,4.74,Y
DP10434,Vikas A,Scooter,Full-time,4.24,Y
DP13587,Kiran L,Cycle,Contract,4.37,N
DP02246,Sneha L,Scooter,Contract,4.08,Y
DP00047,Ravi A,Bike,Full-time,4.21,N
DP11949,Rakesh M,Bike,Part-time,3.6,Y
DP12825,Deepak A,Scooter,Contract,3.89,Y
DP13419,Santosh B,Scooter,Full-time,4.38,Y
DP08231,Amit S,Bike,Full-time,3.5,Y
DP00739,Santosh F,Bike,Full-time,4.13,N
DP13815,Neha U,Bike,Full-time,4.32,Y
DP02174,Manoj U,Bike,Full-time,4.14,Y
DP03229,Meena P,Scooter,Full-time,4.24,Y
DP12160,Rahul T,Bike,Contract,4.62,N
DP05866,Deepak Q,Bike,Full-time,4.26,Y
DP01386,Nikhil S,Car,Full-time,3.45,Y
DP08142,Santosh K,Scooter,Full-time,4.3,Y
DP04454,Amit Y,Scooter,Full-time,3.74,Y
DP08296,Kiran N,Bike,Contract,4.28,Y
DP05462,Suresh T,Bike,Contract,4.47,Y
DP09441,Priya W,Bike,Contract,4.6,Y
DP05163,Rahul Q,Car,Full-time,4.22,Y
DP07009,Sneha N,Scooter,Full-time,4.22,Y
DP11777,Ananya S,Bike,Full-time,4.45,Y
DP04615,Manoj G,Scooter,Part-time,4.22,Y
DP02670,Kiran D,Bike,Part-time,4.23,Y
DP02323,Santosh B,Scooter,Full-time,4.07,Y
DP09812,Rakesh Q,Scooter,Contract,4.57,Y
DP10245,Rakesh M,Scooter,Contract,4.21,Y
DP10076,Divya D,Scooter,Part-time,4.28,Y
DP04021,Suresh T,Scooter,Full-time,4.09,Y
DP06781,Vikas T,Scooter,Full-time,4.19,Y
DP14376,Nikhil S,Bike,Contract,4,Y
DP05320,Deepak X,Bike,Full-time,4.38,Y
DP04429,Amit B,Bike,Part-time,4.24,Y
DP03081,Manoj E,Scooter,Full-time,4.53,N
DP07550,Kiran S,Scooter,Full-time,4.48,Y
DP12996,Nikhil X,Bike,Contract,4.15,N
DP11665,Kiran B,Bike,Full-time,4.38,Y
DP02285,Kiran Q,Bike,Full-time,4.25,Y
DP07938,Ravi N,Bike,Full-time,3.98,Y
DP10858,Suresh Q,Bike,Full-time,4.31,Y
DP13712,Vikas C,Bike,Contract,4.48,Y
DP12132,Neha L,Scooter,Part-time,4.64,Y
DP08514,Shreya M,Scooter,Full-time,4.1,Y
DP13708,Divya G,Bike,Full-time,4.66,Y
DP06086,Suresh Y,Scooter,Full-time,4.34,Y
DP04774,Priya G,Scooter,Part-time,3.81,N
DP05483,Pooja O,Bike,Contract,4.18,Y
DP14580,Divya A,Bike,Contract,4.47,Y
DP06626,Ravi V,Bike,Full-time,3.9,Y
DP14853,Manoj Q,Cycle,Full-time,4.57,Y
DP11996,Ravi J,Scooter,Full-time,4.43,Y
DP04173,Suresh E,Cycle,Contract,4.17,Y
DP01180,Manoj R,Cycle,Full-time,4.01,Y
DP13662,Santosh O,Scooter,Contract,4.72,Y
DP11649,Vikas M,Scooter,Full-time,4.41,Y
DP09605,Manoj Z,Scooter,Part-time,4.15,Y
DP04718,Divya Z,Scooter,Part-time,4.1,Y
DP08111,Vikas V,Bike,Part-time,4.54,Y
DP06322,Manoj K,Scooter,Full-time,4.11,Y
DP08838,Arjun W,Scooter,Part-time,4.07,Y
DP06963,Pooja B,Scooter,Part-time,4.51,Y
DP13731,Kiran O,Scooter,Contract,3.95,Y
DP05394,Divya F,Scooter,Full-time,3.94,Y
DP09603,Suresh W,Scooter,Full-time,4.01,Y
DP07720,Neha T,Bike,Contract,4.95,N
DP13015,Rahul M,Cycle,Full-time,4.25,Y
DP11456,Shreya A,Bike,Full-time,4.55,Y
DP06336,Divya N,Cycle,Full-time,4.62,Y
DP08400,Deepak E,Cycle,Contract,3.87,Y
DP13719,Vikas A,Bike,Full-time,3.96,N
DP06725,Kiran X,Cycle,Full-time,4.02,Y
DP07722,Nikhil S,Scooter,Full-time,3.96,Y
DP10882,Rakesh Q,Scooter,Contract,4.03,Y
DP12872,Amit E,Bike,Part-time,4.57,Y
DP01404,Ravi M,Scooter,Part-time,3.93,N
DP08143,Ananya V,Bike,Full-time,3.76,Y
DP03136,Amit E,Cycle,Part-time,3.97,Y
DP10757,Rahul Q,Bike,Contract,4.86,Y
DP03253,Santosh A,Bike,Full-time,4.4,Y
DP13288,Arjun B,Bike,Part-time,3.84,Y
DP06776,Kiran V,Car,Part-time,4.44,Y
DP03218,Shreya K,Scooter,Full-time,4.26,Y
DP08325,Deepak S,Scooter,Part-time,4.63,Y
DP06330,Deepak T,Bike,Part-time,3.97,Y
DP14451,Rahul G,Scooter,Full-time,4.26,Y
DP09376,Sneha G,Cycle,Full-time,4.44,N
DP12381,Shreya U,Scooter,Full-time,4.19,Y
DP11760,Pooja L,Bike,Contract,4.36,N
DP10816,Priya C,Scooter,Contract,3.89,N
DP09568,Rakesh M,Scooter,Part-time,4.37,Y
DP08808,Deepak A,Cycle,Full-time,4.6,Y
DP00419,Nikhil L,Car,Part-time,4.3,Y
DP07714,Divya P,Scooter,Full-time,4.64,N
DP09858,Shreya O,Scooter,Part-time,4.25,Y
DP04028,Nikhil V,Bike,Part-time,4.86,N
DP09123,Manoj G,Bike,Full-time,4.05,Y
DP11398,Arjun V,Bike,Part-time,4.72,Y
DP00728,Suresh J,Scooter,Part-time,4.47,Y
DP14829,Shreya S,Bike,Full-time,3.74,Y
DP09179,Suresh E,Bike,Full-time,4.52,Y
DP11896,Shreya B,Cycle,Part-time,4.17,Y
DP14977,Suresh C,Scooter,Full-time,4.13,Y
DP05945,Manoj H,Scooter,Part-time,4.03,Y
DP00230,Rakesh L,Bike,Part-time,3.93,Y
DP14902,Kiran Q,Scooter,Full-time,3.95,Y
DP00388,Deepak I,Scooter,Part-time,3.81,Y
DP02166,Shreya Y,Scooter,Part-time,3.66,Y
DP09278,Nikhil R,Scooter,Contract,3.78,N
DP09135,Amit H,Bike,Contract,3.81,N
DP03424,Rahul G,Bike,Full-time,4.22,Y
DP09498,Nikhil I,Car,Full-time,3.98,N
DP06854,Kiran J,Bike,Full-time,4.15,N
DP14310,Santosh H,Scooter,Part-time,4.67,N
DP02262,Amit O,Scooter,Part-time,4,Y
DP00687,Divya T,Scooter,Part-time,4.16,Y
DP08562,Priya A,Scooter,Full-time,3.92,Y
DP13352,Ravi D,Cycle,Part-time,4.36,Y
DP03328,Deepak N,Scooter,Part-time,4.81,N
DP13000,Sneha G,Bike,Full-time,3.73,Y
DP03068,Ananya Q,Bike,Part-time,3.92,Y
DP07883,Suresh T,Scooter,Full-time,4.55,Y
DP06265,Santosh G,Scooter,Full-time,4.46,Y
DP01678,Amit O,Bike,Part-time,3.6,Y
DP14090,Vikas B,Car,Contract,3.82,Y
DP13333,Meena E,Scooter,Full-time,4.11,Y
DP02921,Vikas F,Scooter,Part-time,4.02,Y
DP03438,Suresh Y,Scooter,Part-time,4.56,Y
DP01143,Pooja K,Bike,Full-time,3.68,Y
DP00526,Amit Y,Scooter,Contract,4.33,Y
DP14934,Ananya M,Bike,Part-time,4.27,Y
DP05095,Divya P,Bike,Full-time,4.49,Y
DP13567,Kiran G,Scooter,Full-time,4.2,Y
DP00421,Deepak J,Bike,Part-time,4.16,Y
DP08814,Ananya Z,Scooter,Full-time,4.15,Y
DP11461,Deepak L,Scooter,Part-time,4.62,N
DP10934,Neha U,Bike,Full-time,3.55,Y
DP05538,Divya S,Bike,Contract,3.84,Y
DP14970,Vikas Q,Scooter,Contract,4.38,Y
DP14575,Suresh Z,Scooter,Full-time,3.85,Y
DP12986,Pooja N,Scooter,Full-time,4.23,Y
DP12458,Amit B,Scooter,Full-time,4.66,Y
DP06473,Arjun H,Scooter,Contract,4.09,Y
DP01690,Priya W,Bike,Full-time,4.02,Y
DP13245,Arjun E,Bike,Contract,4.39,Y
DP09720,Vikas N,Cycle,Full-time,4.17,Y
DP11608,Meena R,Bike,Part-time,4.01,Y
DP12917,Arjun O,Cycle,Full-time,3.85,Y
DP05952,Deepak X,Scooter,Full-time,4.47,N
DP04709,Priya G,Bike,Contract,4.11,Y
DP07486,Priya J,Scooter,Full-time,4.08,Y
DP04650,Arjun X,Bike,Part-time,4.36,Y
DP01444,Rahul W,Cycle,Full-time,4.16,Y
DP13560,Pooja L,Bike,Full-time,4.3,Y
DP07780,Nikhil T,Scooter,Full-time,4.14,Y
DP11696,Divya F,Bike,Contract,4.54,Y
DP08812,Suresh J,Bike,Full-time,4.07,Y
DP10193,Meena Z,Bike,Full-time,4.09,Y
DP12109,Meena P,Scooter,Contract,3.82,Y
DP12050,Rahul W,Scooter,Part-time,4.29,Y
DP02851,Meena A,Scooter,Full-time,3.56,Y
DP14871,Nikhil U,Scooter,Full-time,4.14,Y
DP01813,Divya A,Bike,Full-time,3.88,Y
DP05302,Neha P,Cycle,Contract,3.74,Y
DP14203,Kiran H,Scooter,Full-time,3.8,Y
DP09031,Priya Z,Bike,Full-time,3.67,Y
DP03183,Ananya Y,Bike,Full-time,4.02,Y
DP13210,Rahul S,Bike,Part-time,3.9,Y
DP09392,Suresh G,Bike,Full-time,3.96,Y
DP14492,Ravi J,Bike,Contract,4.39,Y
DP13222,Manoj F,Bike,Full-time,4.54,Y
DP13595,Arjun W,Scooter,Contract,3.69,Y
DP13540,Pooja B,Cycle,Contract,4.55,Y
DP00087,Meena K,Scooter,Full-time,4.13,Y
DP13660,Nikhil Q,Scooter,Full-time,4.48,Y
DP01417,Divya T,Cycle,Contract,3.9,Y
DP05325,Shreya V,Scooter,Full-time,4.1,Y
DP05157,Suresh S,Scooter,Part-time,4.24,Y
DP02580,Amit H,Bike,Part-time,4.52,Y
DP08992,Nikhil R,Bike,Full-time,4.12,Y
DP08919,Ananya R,Bike,Full-time,4.08,Y
DP02386,Divya V,Bike,Part-time,4.21,Y
DP12484,Divya N,Bike,Part-time,4.56,Y
DP14741,Ananya C,Scooter,Part-time,4.02,Y
DP02354,Vikas U,Scooter,Full-time,4.33,Y
DP02915,Arjun F,Scooter,Full-time,4.07,Y
DP03377,Sneha Z,Bike,Full-time,4.39,Y
DP04040,Priya N,Bike,Part-time,4.1,Y
DP10379,Priya O,Bike,Part-time,3.94,N
DP13323,Divya B,Scooter,Part-time,3.87,Y
DP10981,Pooja U,Scooter,Part-time,4.1,Y
DP03185,Arjun R,Cycle,Full-time,4.37,Y
DP03645,Suresh K,Bike,Contract,3.95,Y
DP06583,Manoj N,Bike,Full-time,4.59,Y
DP08450,Kiran S,Scooter,Full-time,4.31,Y
DP04767,Pooja K,Scooter,Part-time,3.9,Y
DP10880,Divya A,Cycle,Part-time,4.57,Y
DP12568,Vikas S,Bike,Contract,4.81,Y
DP09404,Divya F,Bike,Part-time,4.16,Y
DP04971,Arjun H,Bike,Contract,4.03,Y
DP08597,Meena J,Bike,Full-time,4.17,N
DP11475,Rakesh Q,Scooter,Contract,3.99,N
DP09265,Divya E,Cycle,Part-time,4.25,Y
DP06836,Rahul X,Scooter,Full-time,4.21,Y
DP05268,Vikas C,Bike,Part-time,4.16,Y
DP10919,Rahul O,Car,Full-time,3.88,Y
DP01130,Sneha J,Scooter,Contract,4.19,Y
DP13423,Meena L,Scooter,Full-time,3.9,Y
DP01179,Priya Z,Bike,Full-time,4.27,Y
DP09727,Deepak I,Cycle,Full-time,4.04,Y
DP08247,Amit H,Scooter,Part-time,4.12,Y
DP05478,Nikhil T,Bike,Full-time,4.37,Y
DP12625,Deepak Z,Cycle,Part-time,4.43,Y
DP09210,Vikas A,Cycle,Contract,4.2,Y
DP13079,Manoj E,Scooter,Full-time,4.29,Y
DP10820,Suresh Q,Scooter,Full-time,4.41,Y
DP09062,Rahul V,Scooter,Part-time,4,Y
DP01443,Arjun I,Bike,Full-time,4.2,Y
DP10521,Sneha K,Cycle,Full-time,3.97,Y
DP08454,Pooja B,Scooter,Part-time,4.24,Y
DP05429,Divya A,Bike,Full-time,4.05,N
DP02889,Rahul F,Scooter,Full-time,4.29,Y
DP10470,Pooja W,Cycle,Full-time,3.87,Y
DP00459,Arjun S,Scooter,Contract,4.17,Y
DP04987,Nikhil T,Bike,Part-time,4.56,Y
DP06167,Meena U,Scooter,Contract,4.07,Y
DP11733,Divya K,Cycle,Full-time,4.13,Y
DP05661,Kiran H,Scooter,Part-time,4.17,Y
DP13329,Santosh M,Car,Part-time,3.26,Y
DP09069,Vikas W,Scooter,Full-time,3.88,Y
DP00575,Kiran A,Bike,Full-time,4.26,Y
DP13531,Pooja V,Bike,Full-time,3.93,Y
DP07197,Neha H,Bike,Contract,3.92,Y
DP13649,Kiran H,Bike,Full-time,4.35,Y
DP09576,Pooja J,Scooter,Full-time,4.02,Y
DP08429,Ravi W,Bike,Part-time,4.14,Y
DP01623,Rahul Y,Scooter,Part-time,4.25,Y
DP02163,Rakesh B,Scooter,Part-time,3.85,Y
DP14999,Neha B,Cycle,Part-time,4.17,Y
DP05904,Rakesh H,Scooter,Full-time,4.05,Y
DP09051,Kiran M,Car,Part-time,4.47,Y
DP04781,Nikhil L,Bike,Full-time,4.31,Y
DP04909,Shreya D,Scooter,Full-time,4.28,Y
DP11883,Vikas N,Cycle,Contract,4.1,Y
DP07493,Arjun F,Bike,Full-time,3.5,Y
DP04067,Deepak Y,Car,Full-time,4.79,N
DP07404,Rahul L,Scooter,Full-time,4.49,Y
DP01414,Vikas C,Bike,Full-time,3.62,Y
DP08945,Rahul C,Scooter,Full-time,4.09,Y
DP12749,Ravi B,Cycle,Part-time,4.67,Y
DP07434,Pooja W,Scooter,Contract,4.18,Y
DP06850,Rahul D,Bike,Part-time,4.08,N
DP03801,Manoj Y,Bike,Contract,4.12,Y
DP06319,Meena O,Bike,Full-time,3.74,Y
DP11038,Nikhil H,Bike,Full-time,4.23,Y
DP07225,Ananya W,Bike,Full-time,3.98,Y
DP13557,Nikhil V,Bike,Full-time,4.38,N
DP09610,Divya A,Bike,Part-time,4.48,Y
DP09671,Ananya C,Bike,Contract,4.49,Y
DP00146,Neha Q,Scooter,Full-time,4.16,Y
DP08466,Divya O,Car,Full-time,4.22,Y
DP13541,Pooja Y,Scooter,Part-time,4.12,Y
DP04747,Neha O,Bike,Full-time,4.15,Y
DP07136,Pooja L,Bike,Full-time,4.35,Y
DP04453,Sneha O,Scooter,Full-time,4.41,Y
DP03560,Manoj D,Scooter,Full-time,4.23,N
DP07086,Arjun U,Scooter,Part-time,4.28,Y
DP01005,Vikas M,Scooter,Part-time,4.34,Y
DP01783,Vikas E,Bike,Contract,3.74,N
DP05838,Santosh L,Scooter,Full-time,4.34,Y
DP09849,Divya E,Bike,Contract,3.82,Y
DP11263,Ananya Y,Scooter,Part-time,4.35,Y
DP07576,Rahul X,Bike,Part-time,4.07,Y
DP08769,Amit J,Cycle,Contract,3.84,Y
DP08635,Santosh R,Bike,Part-time,4.42,Y
DP10268,Divya F,Bike,Full-time,3.89,Y
DP00158,Manoj E,Bike,Contract,4.34,Y
DP10110,Meena H,Bike,Part-time,4.71,Y
DP09337,Priya K,Cycle,Full-time,3.79,Y
DP11888,Deepak J,Scooter,Part-time,4.3,Y
DP04349,Manoj Z,Bike,Part-time,4.55,Y
DP03238,Meena Z,Scooter,Part-time,4.26,Y
DP05740,Rakesh Y,Scooter,Full-time,4.16,Y
DP12624,Santosh B,Scooter,Full-time,3.91,N
DP04716,Sneha M,Bike,Full-time,4.24,N
DP14048,Ravi Y,Scooter,Contract,3.76,Y
DP09614,Divya H,Bike,Part-time,4.19,Y
DP12010,Arjun U,Scooter,Part-time,3.78,Y
DP11732,Rakesh J,Scooter,Contract,4.38,Y
DP14460,Sneha W,Scooter,Full-time,4.04,Y
DP06788,Suresh H,Bike,Full-time,3.91,Y
DP13312,Rahul F,Cycle,Full-time,4.35,Y
DP03842,Neha N,Bike,Part-time,4.35,Y
DP11045,Rahul S,Bike,Full-time,3.9,Y
DP09229,Divya D,Bike,Full-time,4.13,Y
DP01889,Manoj R,Bike,Full-time,4.1,Y
DP14341,Shreya Y,Scooter,Part-time,4.41,Y
DP09960,Manoj I,Bike,Contract,4.53,N
DP07099,Manoj I,Scooter,Part-time,4.39,Y
DP05627,Priya D,Scooter,Full-time,3.59,Y
DP06099,Manoj J,Scooter,Contract,4.46,Y
DP02686,Santosh M,Scooter,Contract,4.31,Y
DP14852,Priya C,Bike,Contract,4.32,Y
DP08559,Vikas V,Bike,Contract,4.31,Y
DP08204,Ravi E,Scooter,Full-time,4.23,Y
DP06627,Neha T,Bike,Part-time,3.66,Y
DP02853,Santosh G,Scooter,Full-time,4.03,Y
DP12857,Rakesh J,Bike,Contract,3.51,Y
DP04420,Vikas Z,Scooter,Part-time,4.31,Y
DP07459,Arjun H,Bike,Part-time,4.27,Y
DP09506,Kiran B,Bike,Part-time,4.7,Y
DP10660,Neha U,Scooter,Contract,4.37,Y
DP13073,Ananya Q,Bike,Full-time,4.65,Y
DP01418,Suresh R,Bike,Part-time,4.11,Y
DP12472,Santosh B,Scooter,Full-time,4.87,Y
DP08697,Suresh O,Cycle,Part-time,4.28,Y
DP07478,Divya T,Scooter,Part-time,4.2,Y
DP01174,Rakesh L,Bike,Part-time,4.24,N
DP05180,Ananya E,Bike,Full-time,4.27,Y
DP07884,Santosh B,Bike,Full-time,3.44,Y
DP11152,Ananya O,Bike,Part-time,4.3,Y
DP09942,Nikhil D,Cycle,Full-time,4.03,N
DP06158,Kiran J,Scooter,Contract,4.45,Y
DP00598,Shreya B,Scooter,Full-time,3.42,Y
DP01898,Vikas G,Cycle,Contract,4.42,Y
DP00223,Neha G,Bike,Contract,3.96,N
DP10499,Santosh J,Scooter,Full-time,4.32,Y
DP01936,Santosh A,Cycle,Part-time,4.02,Y
DP11545,Neha R,Bike,Contract,4.93,Y
DP11592,Kiran Z,Bike,Full-time,4.45,Y
DP08354,Ravi M,Bike,Full-time,4.57,Y
DP08575,Ananya W,Scooter,Contract,4.1,Y
DP10244,Neha U,Bike,Part-time,4.63,Y
DP08456,Arjun C,Bike,Full-time,4.24,Y
DP14631,Neha F,Bike,Full-time,3.94,Y
DP13168,Kiran Q,Scooter,Full-time,3.83,Y
DP03333,Nikhil F,Scooter,Contract,4.1,Y
DP05512,Divya K,Scooter,Part-time,4.16,Y
DP04633,Rakesh S,Cycle,Full-time,3.83,Y
DP10689,Suresh K,Cycle,Contract,3.71,Y
DP06927,Kiran Z,Bike,Full-time,4.01,Y
DP11778,Sneha J,Scooter,Contract,4.57,Y
DP09665,Deepak L,Bike,Part-time,4.28,Y
DP05096,Ravi P,Scooter,Contract,4.61,Y
DP13267,Suresh S,Scooter,Full-time,4.48,Y
DP04179,Pooja B,Scooter,Full-time,4.75,Y
DP06539,Santosh W,Scooter,Full-time,4.64,Y
DP11506,Rahul F,Scooter,Part-time,4.41,Y
DP09282,Vikas U,Scooter,Part-time,4.36,Y
DP09732,Vikas W,Car,Part-time,4.62,Y
DP14919,Arjun C,Bike,Full-time,4.06,Y
DP04598,Divya W,Bike,Full-time,4.36,Y
DP00125,Santosh W,Scooter,Full-time,4.06,Y
DP02508,Manoj V,Car,Full-time,3.72,Y
DP11565,Pooja E,Scooter,Part-time,4.26,Y
DP08866,Divya T,Cycle,Contract,4.63,Y
DP11452,Vikas P,Bike,Full-time,3.87,Y
DP10502,Deepak W,Bike,Full-time,4.23,Y
DP03993,Neha I,Cycle,Full-time,3.69,Y
DP13315,Suresh R,Bike,Full-time,4,Y
DP03700,Ravi E,Cycle,Contract,4.35,Y
DP14555,Priya Q,Bike,Full-time,4.58,Y
DP12744,Shreya R,Bike,Full-time,3.72,Y
DP11474,Ravi A,Bike,Part-time,4,Y
DP13264,Deepak U,Scooter,Full-time,4.6,Y
DP01553,Neha H,Bike,Part-time,4.29,Y
DP07015,Ravi F,Cycle,Full-time,4.42,Y
DP02530,Meena N,Scooter,Full-time,4.74,Y
DP04600,Manoj L,Scooter,Full-time,4.85,Y
DP03445,Amit K,Scooter,Full-time,4.17,Y
DP10168,Ananya G,Bike,Full-time,4.23,Y
DP12424,Divya B,Scooter,Part-time,4.69,Y
DP06516,Amit N,Bike,Full-time,4.35,Y
DP14838,Divya F,Bike,Full-time,4.16,Y
DP04701,Arjun N,Bike,Part-time,4.28,Y
DP06028,Meena I,Bike,Part-time,4.63,Y
DP12219,Priya U,Cycle,Full-time,3.66,Y
DP14171,Vikas I,Scooter,Full-time,3.84,Y
DP10365,Amit O,Scooter,Full-time,4.21,Y
DP14128,Suresh J,Scooter,Part-time,4.08,Y
DP05676,Divya T,Scooter,Full-time,3.98,Y
DP09890,Suresh N,Scooter,Full-time,4.14,Y
DP11112,Rahul B,Bike,Full-time,4.16,Y
DP11634,Manoj U,Bike,Part-time,4.17,Y
DP11830,Kiran Q,Cycle,Part-time,4.05,Y
DP00577,Pooja W,Scooter,Contract,4.14,Y
DP05998,Amit Q,Scooter,Full-time,4.31,Y
DP09318,Priya Y,Bike,Part-time,4.07,N
DP06711,Kiran X,Bike,Full-time,3.99,Y
DP09789,Neha F,Bike,Full-time,4.27,Y
DP06125,Meena G,Bike,Contract,4.47,Y
DP00219,Priya F,Bike,Full-time,4.25,Y
DP07058,Vikas S,Scooter,Part-time,4.83,Y
DP11614,Shreya W,Bike,Full-time,4.03,Y
DP05324,Ananya P,Bike,Full-time,4.42,Y
DP09140,Amit P,Bike,Contract,4.29,Y
DP08883,Deepak D,Bike,Full-time,4.4,Y
DP03966,Suresh X,Bike,Full-time,4.3,Y
DP07102,Sneha C,Bike,Full-time,4.18,Y
DP07577,Deepak B,Car,Full-time,4.1,Y
DP07012,Shreya Y,Scooter,Full-time,3.95,N
DP06338,Kiran I,Scooter,Full-time,4.49,Y
DP05293,Deepak A,Bike,Part-time,4.06,Y
DP10332,Divya X,Scooter,Full-time,4.29,Y
DP03201,Shreya W,Bike,Full-time,4.48,Y
DP03749,Divya S,Bike,Full-time,4.14,Y
DP01762,Divya W,Scooter,Full-time,4.24,Y
DP02568,Sneha I,Car,Full-time,4.05,Y
DP03989,Arjun S,Scooter,Full-time,4.14,Y
DP05075,Arjun C,Scooter,Full-time,4.33,Y
DP12593,Kiran X,Bike,Full-time,3.96,Y
DP07712,Rakesh R,Scooter,Full-time,4.58,Y
DP10520,Vikas H,Bike,Part-time,4.16,Y
DP00382,Ravi Z,Bike,Full-time,3.96,Y
DP13723,Suresh U,Scooter,Full-time,4.63,Y
DP02251,Ananya K,Bike,Contract,4.01,Y
DP11247,Divya W,Cycle,Contract,4.27,Y
DP02235,Divya N,Scooter,Part-time,3.91,Y
DP05227,Shreya I,Bike,Full-time,4.67,Y
DP06706,Deepak X,Scooter,Full-time,3.96,Y
DP04380,Ananya D,Bike,Contract,4.49,Y
DP09928,Santosh D,Cycle,Full-time,3.81,Y
DP02421,Ravi W,Cycle,Part-time,4.56,Y
DP13344,Amit I,Cycle,Full-time,4.33,Y
DP12645,Vikas C,Cycle,Full-time,4.03,Y
DP12159,Shreya A,Cycle,Contract,4.01,Y
DP06434,Arjun R,Scooter,Full-time,4.11,Y
DP04735,Kiran Y,Bike,Full-time,4.03,Y
DP06593,Sneha R,Bike,Contract,4.48,N
DP06905,Neha G,Bike,Full-time,4.56,Y
DP13271,Divya N,Cycle,Part-time,4.38,Y
DP04602,Shreya P,Scooter,Full-time,4.23,Y
DP11654,Arjun A,Scooter,Full-time,4.28,Y
DP09946,Amit G,Cycle,Full-time,4.39,Y
DP11866,Meena D,Scooter,Part-time,3.54,Y
DP01876,Arjun F,Cycle,Full-time,3.97,Y
DP03825,Divya G,Bike,Full-time,3.93,Y
DP02069,Pooja H,Cycle,Full-time,4.19,Y
DP03508,Arjun D,Car,Full-time,3.75,Y
DP13248,Ananya L,Cycle,Part-time,4.21,Y
DP09109,Deepak H,Bike,Full-time,4.17,Y
DP04265,Divya A,Bike,Full-time,3.87,Y
DP01549,Priya E,Scooter,Full-time,4.12,Y
DP06601,Suresh Y,Cycle,Full-time,3.9,Y
DP04823,Rakesh Z,Scooter,Part-time,4.16,Y
DP01817,Manoj W,Bike,Full-time,4.14,Y
DP14745,Amit A,Bike,Part-time,4,Y
DP00103,Priya Q,Bike,Part-time,4.99,Y
DP11793,Manoj J,Cycle,Full-time,3.91,Y
DP07618,Pooja T,Scooter,Part-time,4.25,Y
DP07291,Kiran H,Bike,Part-time,4.3,Y
DP14639,Sneha C,Cycle,Full-time,4.39,Y
DP13516,Manoj O,Cycle,Contract,4.25,Y
DP07803,Vikas T,Bike,Part-time,4.52,Y
DP09117,Neha S,Scooter,Full-time,4.41,Y
DP11540,Neha S,Car,Full-time,4.39,N
DP01445,Ravi K,Bike,Part-time,4.15,Y
DP09196,Rakesh P,Cycle,Part-time,4.18,Y
DP00856,Deepak M,Scooter,Full-time,4.44,Y
DP07795,Deepak P,Scooter,Part-time,4.08,Y
DP02759,Deepak E,Bike,Part-time,3.62,Y
DP04590,Rahul J,Scooter,Full-time,4.48,Y
DP11535,Rahul D,Bike,Part-time,4.23,Y
DP02810,Meena U,Bike,Full-time,4.28,Y
DP07142,Divya S,Scooter,Full-time,4.37,Y
DP11002,Sneha C,Bike,Part-time,3.86,Y
DP05768,Divya N,Bike,Full-time,3.32,Y
DP09485,Amit P,Car,Part-time,4.57,Y
DP04630,Suresh D,Bike,Full-time,3.6,Y
DP08612,Pooja N,Bike,Full-time,4.11,N
DP09640,Ananya O,Bike,Contract,4.03,Y
DP11676,Shreya H,Bike,Full-time,4.06,Y
DP05461,Ananya Z,Cycle,Full-time,3.95,Y
DP10229,Rahul C,Bike,Contract,3.57,Y
DP12876,Manoj T,Cycle,Full-time,4.45,N
DP04020,Divya J,Scooter,Full-time,4.6,Y
DP11898,Neha E,Bike,Part-time,4.16,Y
DP01066,Arjun F,Scooter,Full-time,4.79,N
DP09380,Arjun M,Scooter,Full-time,4.34,Y
DP08700,Deepak F,Scooter,Full-time,4.1,N
DP06283,Deepak W,Scooter,Full-time,4.48,N
DP03745,Rakesh S,Bike,Contract,4.59,Y
DP08747,Nikhil K,Bike,Part-time,3.95,Y
DP03794,Shreya Z,Scooter,Full-time,4.31,Y
DP05620,Vikas X,Scooter,Full-time,4.02,Y
DP14338,Santosh B,Scooter,Full-time,3.85,Y
DP01136,Nikhil J,Scooter,Full-time,3.82,Y
DP12513,Suresh W,Cycle,Full-time,4.55,Y
DP11753,Arjun U,Cycle,Contract,4.44,N
DP03279,Arjun B,Bike,Part-time,3.89,Y
DP00320,Pooja B,Car,Full-time,4.25,Y
DP07763,Amit O,Cycle,Contract,4.4,Y
DP01603,Ravi H,Scooter,Part-time,4.07,Y
DP05020,Amit I,Scooter,Full-time,4.22,Y
DP09882,Nikhil K,Scooter,Contract,4.17,Y
DP00383,Rakesh Z,Cycle,Contract,3.79,Y
DP12616,Neha W,Scooter,Full-time,4.47,Y
DP03613,Arjun N,Scooter,Contract,4.12,N
DP05626,Priya H,Bike,Full-time,4.02,Y
DP08179,Vikas L,Cycle,Contract,4.03,N
DP13004,Ananya X,Scooter,Full-time,4.35,Y
DP05662,Pooja L,Scooter,Part-time,4.12,Y
DP08679,Ananya Y,Bike,Part-time,3.72,Y
DP13022,Meena A,Cycle,Part-time,4.99,Y
DP11404,Santosh W,Bike,Full-time,4.03,Y
DP11729,Kiran X,Cycle,Full-time,4.67,Y
DP09917,Deepak G,Cycle,Full-time,4.18,Y
DP13884,Rakesh B,Bike,Full-time,4.08,Y
DP09694,Pooja T,Scooter,Full-time,4.07,Y
DP12005,Ananya J,Scooter,Full-time,4.71,Y
DP05352,Ananya X,Scooter,Full-time,4.21,Y
DP04401,Sneha F,Bike,Contract,4.35,Y
DP14984,Santosh L,Scooter,Full-time,4.38,N
DP07245,Pooja L,Bike,Part-time,4.1,Y
DP08956,Manoj B,Bike,Full-time,4.37,Y
DP07375,Rakesh Z,Cycle,Part-time,4.27,Y
DP11429,Ananya W,Cycle,Full-time,4.56,Y
DP11421,Vikas R,Bike,Full-time,4.11,Y
DP00802,Arjun Y,Car,Full-time,4.4,Y
DP08418,Pooja M,Bike,Full-time,4.07,Y
DP09878,Rahul P,Scooter,Part-time,4.3,Y
DP04678,Ravi O,Cycle,Full-time,4.59,Y
DP06157,Deepak F,Bike,Contract,4.51,Y
DP13024,Arjun M,Scooter,Full-time,3.99,Y
DP12567,Deepak G,Scooter,Part-time,4.42,Y
DP04025,Priya J,Scooter,Full-time,4,Y
DP03145,Shreya K,Scooter,Part-time,4.36,N
DP09760,Neha Q,Scooter,Part-time,3.88,Y
DP13304,Rakesh X,Scooter,Part-time,4.56,N
DP11646,Manoj N,Bike,Contract,3.87,Y
DP12373,Kiran A,Scooter,Part-time,4.25,Y
DP13076,Rahul V,Bike,Full-time,4.06,Y
DP06204,Arjun H,Cycle,Full-time,3.93,Y
DP02867,Nikhil C,Bike,Full-time,4.17,Y
DP03858,Sneha S,Scooter,Full-time,3.62,Y
DP14027,Arjun J,Scooter,Full-time,3.66,Y
DP06222,Pooja G,Scooter,Part-time,4.07,Y
DP07876,Priya E,Bike,Full-time,3.86,Y
DP11215,Deepak I,Bike,Contract,4.17,Y
DP13999,Amit X,Scooter,Contract,4.06,Y
DP03406,Vikas W,Bike,Part-time,4.29,Y
DP06364,Pooja X,Scooter,Contract,4.03,N
DP04143,Vikas G,Bike,Contract,4.53,N
DP07759,Arjun I,Bike,Contract,3.78,Y
DP06546,Pooja V,Cycle,Contract,3.81,Y
DP11458,Vikas A,Bike,Full-time,4.4,Y
DP04860,Nikhil R,Scooter,Part-time,4.38,Y
DP08680,Arjun Y,Cycle,Full-time,4.48,Y
DP13663,Sneha N,Scooter,Part-time,4.28,Y
DP00912,Manoj R,Cycle,Full-time,4.44,Y
DP03153,Pooja F,Cycle,Full-time,3.48,Y
DP04857,Deepak C,Bike,Contract,4.3,Y
DP08930,Divya C,Scooter,Part-time,4.35,Y
DP04552,Ananya G,Bike,Part-time,4.43,Y
DP06948,Pooja M,Scooter,Part-time,3.67,Y
DP08012,Divya D,Bike,Part-time,4.56,Y
DP08083,Sneha D,Scooter,Contract,4.17,Y
DP12176,Rakesh C,Scooter,Full-time,4.59,N
DP07880,Santosh R,Bike,Full-time,3.64,Y
DP01590,Kiran K,Car,Full-time,4.62,Y
DP03762,Priya N,Bike,Part-time,3.73,Y
DP13397,Ravi T,Scooter,Contract,3.82,Y
DP12326,Rahul S,Scooter,Part-time,4.33,Y
DP09932,Shreya O,Car,Full-time,4.19,Y
DP03578,Santosh R,Bike,Full-time,4.08,Y
DP04390,Rakesh O,Scooter,Part-time,3.87,Y
DP01204,Manoj J,Scooter,Contract,4.25,Y
DP04862,Pooja W,Bike,Full-time,4.46,Y
DP07283,Arjun L,Cycle,Part-time,3.68,Y
DP04814,Shreya Z,Scooter,Full-time,4.43,Y
DP13444,Deepak G,Bike,Full-time,3.96,Y
DP10151,Pooja C,Bike,Contract,4.03,Y
DP04666,Sneha F,Cycle,Part-time,4.07,Y
DP08533,Shreya Y,Car,Full-time,4.49,Y
DP02401,Ananya H,Scooter,Part-time,4.46,Y
DP02562,Vikas K,Scooter,Part-time,4.24,Y
DP04605,Vikas H,Bike,Part-time,3.91,N
DP07490,Suresh I,Bike,Full-time,4.66,Y
DP12580,Ananya N,Cycle,Contract,4.24,Y
DP02114,Rahul O,Bike,Full-time,3.94,Y
DP13728,Manoj B,Scooter,Contract,3.71,Y
DP04470,Meena U,Scooter,Full-time,4.35,Y
DP08910,Vikas S,Car,Full-time,4.38,Y
DP10522,Priya W,Cycle,Full-time,4.39,Y
DP04695,Santosh O,Car,Contract,5,N
DP04219,Arjun O,Scooter,Part-time,3.95,Y
DP04620,Pooja U,Scooter,Full-time,4.14,Y
DP02135,Rakesh F,Scooter,Full-time,4.42,Y
DP04210,Nikhil O,Cycle,Full-time,3.83,Y
DP10596,Rakesh I,Bike,Full-time,4.35,Y
DP01285,Rahul X,Bike,Part-time,4.16,N
DP01792,Deepak C,Scooter,Contract,3.89,Y
DP00594,Ravi O,Bike,Part-time,4.06,N
DP08818,Santosh U,Bike,Full-time,4.17,Y
DP05356,Rahul S,Scooter,Full-time,4.3,Y
DP11886,Sneha A,Cycle,Part-time,3.94,Y
DP07846,Meena S,Scooter,Full-time,4.52,Y
DP00911,Ananya I,Bike,Part-time,4.12,Y
DP13600,Amit H,Scooter,Part-time,4.52,Y
DP05460,Ananya U,Bike,Contract,4.52,Y
DP13861,Kiran C,Scooter,Part-time,3.84,Y
DP02313,Deepak H,Scooter,Full-time,4.35,N
DP00294,Shreya K,Bike,Contract,3.86,N
DP08976,Nikhil W,Bike,Full-time,4.5,Y
DP00070,Neha G,Bike,Full-time,3.82,Y
DP12277,Neha X,Cycle,Contract,3.91,N
DP12265,Ananya W,Scooter,Full-time,4.11,Y
DP09683,Nikhil I,Scooter,Part-time,4.18,Y
DP07057,Rahul B,Bike,Part-time,4.26,Y
DP03121,Manoj E,Scooter,Contract,4.31,Y
DP11790,Meena G,Bike,Full-time,4.17,Y
DP14679,Shreya M,Cycle,Full-time,4.67,Y
DP10160,Neha X,Scooter,Part-time,4.38,Y
DP06152,Rakesh J,Car,Full-time,4.51,Y
DP02289,Rahul K,Bike,Full-time,4.02,Y
DP01079,Rahul B,Bike,Part-time,3.97,Y
DP07432,Priya M,Bike,Contract,4.04,Y
DP00736,Ravi A,Scooter,Full-time,4.36,N
DP13848,Deepak C,Scooter,Full-time,4.16,Y
DP12417,Shreya M,Bike,Part-time,4.43,Y
DP07503,Divya Y,Bike,Contract,3.93,Y
DP08749,Priya M,Bike,Part-time,4.78,Y
DP07196,Arjun L,Bike,Part-time,3.82,Y
DP09467,Pooja M,Scooter,Part-time,4.24,Y
DP09146,Priya A,Cycle,Full-time,4.43,Y
DP04116,Vikas H,Scooter,Part-time,3.62,Y
DP03036,Sneha O,Bike,Full-time,4.42,Y
DP03035,Ravi E,Cycle,Contract,4.22,Y
DP10405,Ananya U,Scooter,Part-time,4.26,Y
DP10480,Suresh V,Car,Part-time,4.2,Y
DP14036,Meena B,Scooter,Contract,4.41,Y
DP01922,Rakesh R,Car,Full-time,4.17,Y
DP07085,Divya T,Scooter,Full-time,4.32,Y
DP14543,Amit L,Scooter,Full-time,4.51,Y
DP02905,Manoj K,Scooter,Part-time,3.85,Y
DP03031,Pooja M,Bike,Contract,3.8,Y
DP10464,Priya A,Bike,Full-time,4.46,Y
DP07658,Ravi M,Bike,Full-time,4.59,Y
DP08646,Amit M,Bike,Contract,4.27,Y
DP09379,Arjun G,Scooter,Full-time,4.38,Y
DP09507,Divya G,Bike,Full-time,4.17,Y
DP06930,Nikhil C,Bike,Part-time,3.78,Y
DP05181,Ravi N,Scooter,Full-time,4.22,N
DP07436,Pooja Z,Bike,Full-time,4.36,Y
DP09520,Pooja L,Cycle,Contract,4.67,Y
DP09601,Sneha U,Cycle,Full-time,4.1,Y
DP11028,Nikhil I,Bike,Part-time,4.18,Y
DP13254,Ananya H,Scooter,Full-time,3.82,Y
DP09822,Santosh A,Scooter,Full-time,4.2,Y
DP02165,Meena P,Scooter,Full-time,4.04,Y
DP14605,Vikas C,Scooter,Full-time,4.24,Y
DP01378,Amit D,Bike,Full-time,4.35,Y
DP03239,Vikas L,Bike,Part-time,4.66,Y
DP00757,Meena B,Scooter,Full-time,4.27,N
DP14533,Vikas V,Bike,Part-time,3.98,Y
DP02462,Ananya I,Bike,Full-time,4.96,Y
DP07017,Divya Y,Scooter,Full-time,3.96,Y
DP12512,Shreya Q,Scooter,Contract,4.05,Y
DP08187,Suresh Z,Scooter,Full-time,4.56,Y
DP08242,Vikas O,Bike,Contract,4.14,Y
DP12426,Sneha E,Scooter,Part-time,3.97,Y
DP05252,Santosh D,Bike,Full-time,3.93,Y
DP14477,Rakesh Y,Bike,Full-time,4.17,Y
DP03618,Santosh H,Bike,Part-time,4.14,N
DP08133,Kiran K,Cycle,Full-time,4.29,Y
DP12858,Shreya F,Bike,Full-time,3.81,Y
DP12123,Santosh C,Scooter,Contract,4.11,Y
DP03228,Nikhil G,Bike,Full-time,4,Y
DP05499,Nikhil T,Scooter,Part-time,4,Y
DP08081,Neha R,Scooter,Full-time,4.4,Y
DP05684,Neha J,Bike,Full-time,3.72,N
DP14973,Sneha Y,Scooter,Full-time,4.26,Y
DP14117,Rahul U,Bike,Full-time,4.31,Y
DP07710,Kiran N,Bike,Contract,4.16,N
DP13429,Neha M,Bike,Part-time,4.4,Y
DP00991,Nikhil A,Scooter,Full-time,4.55,Y
DP00021,Priya F,Scooter,Contract,3.82,Y
DP02770,Manoj U,Bike,Full-time,3.69,Y
DP03743,Sneha U,Bike,Full-time,4.14,Y
DP13387,Manoj H,Bike,Contract,4.51,Y
DP03791,Ravi H,Scooter,Contract,3.75,Y
DP09133,Neha X,Bike,Full-time,4.5,Y
DP13219,Suresh R,Bike,Full-time,4.07,Y
DP06332,Rahul J,Cycle,Part-time,4.04,Y
DP13759,Manoj V,Cycle,Full-time,4.6,Y
DP03337,Ananya Y,Scooter,Contract,4.3,Y
DP10337,Deepak K,Bike,Part-time,4.75,Y
DP06235,Deepak C,Scooter,Part-time,4.19,Y
DP08307,Santosh A,Bike,Contract,3.63,Y
DP14455,Neha K,Scooter,Part-time,4.3,Y
DP13952,Ravi Y,Bike,Contract,4.37,Y
DP01335,Rahul K,Scooter,Contract,4.3,Y
DP12829,Ananya B,Scooter,Part-time,4.53,Y
DP10545,Pooja V,Bike,Full-time,4.32,Y
DP11267,Suresh R,Bike,Full-time,3.9,Y
DP00589,Nikhil I,Bike,Full-time,4.91,Y
DP05456,Divya B,Bike,Full-time,3.87,N
DP06232,Suresh Z,Bike,Part-time,3.75,Y
DP12942,Nikhil K,Cycle,Part-time,4.73,Y
DP03807,Meena D,Cycle,Contract,3.84,Y
DP10823,Kiran A,Scooter,Full-time,4.43,Y
DP12748,Deepak E,Bike,Full-time,4.5,N
DP10776,Divya W,Bike,Part-time,4.39,N
DP08716,Deepak J,Bike,Full-time,4.11,Y
DP04996,Ravi S,Scooter,Full-time,4.2,Y
DP12215,Santosh D,Scooter,Full-time,4.22,Y
DP13498,Manoj U,Scooter,Full-time,4.05,Y
DP05660,Manoj N,Bike,Full-time,4.17,Y
DP12764,Ananya P,Bike,Part-time,4.12,Y
DP12380,Shreya R,Car,Full-time,4.32,Y
DP12178,Rahul U,Bike,Full-time,4.36,Y
DP08275,Divya K,Bike,Full-time,4.34,Y
DP00649,Rakesh A,Cycle,Full-time,4.18,N
DP00293,Arjun I,Bike,Full-time,4.43,Y
DP08394,Manoj C,Scooter,Full-time,4.79,Y
DP07609,Amit W,Bike,Full-time,4.42,Y
DP09122,Neha C,Bike,Full-time,4.57,Y
DP09980,Divya O,Car,Full-time,4.02,Y
DP05749,Santosh W,Cycle,Contract,4.85,Y
DP06301,Rahul O,Bike,Part-time,4.19,Y
DP02349,Arjun C,Scooter,Full-time,4.18,Y
DP11471,Rakesh Z,Cycle,Part-time,4.27,N
DP05176,Suresh A,Bike,Contract,3.92,N
DP10114,Ananya S,Bike,Contract,4.07,Y
DP11441,Ananya K,Scooter,Full-time,4.36,Y
DP09800,Arjun Q,Cycle,Full-time,3.8,Y
DP02637,Rakesh W,Bike,Full-time,4.7,Y
DP06972,Ananya W,Bike,Full-time,3.7,Y
DP12653,Nikhil J,Bike,Contract,3.93,Y
DP10113,Ananya J,Bike,Part-time,4.18,Y
DP06839,Kiran J,Scooter,Full-time,4.18,Y
DP07672,Manoj Q,Bike,Full-time,4.22,Y
DP09596,Neha D,Cycle,Part-time,4.33,Y
DP09592,Nikhil P,Bike,Contract,4.36,Y
DP04220,Vikas A,Scooter,Full-time,4.48,Y
DP02429,Ananya M,Scooter,Part-time,4.34,N
DP13769,Rakesh D,Bike,Part-time,4.15,Y
DP02473,Santosh T,Scooter,Part-time,4.35,Y
DP05789,Shreya H,Scooter,Part-time,3.99,Y
DP14861,Sneha Y,Bike,Contract,4.74,Y
DP01610,Suresh D,Scooter,Contract,4.06,Y
DP03889,Suresh M,Bike,Full-time,4.58,N
DP00607,Meena Y,Bike,Part-time,4.41,Y
DP13789,Nikhil J,Cycle,Full-time,4.39,Y
DP10649,Amit Z,Scooter,Part-time,4.17,Y
DP11808,Ananya T,Car,Full-time,4.26,Y
DP11521,Ravi I,Bike,Full-time,4.39,Y
DP12793,Santosh U,Scooter,Full-time,4.49,Y
DP08356,Priya K,Scooter,Contract,4.26,Y
DP09824,Suresh E,Bike,Full-time,4.46,N
DP14591,Neha M,Cycle,Full-time,4.67,Y
DP11948,Rakesh B,Scooter,Part-time,3.91,Y
DP06494,Priya Z,Bike,Full-time,4.26,Y
DP00846,Manoj O,Bike,Contract,4.15,Y
DP00235,Nikhil S,Scooter,Full-time,4.66,Y
DP04740,Shreya U,Scooter,Part-time,4.24,Y
DP06849,Sneha Q,Scooter,Part-time,4.36,Y
DP11915,Suresh C,Scooter,Part-time,4.88,Y
DP09104,Priya N,Cycle,Contract,4.24,Y
DP01305,Ravi E,Bike,Full-time,4.27,Y
DP13755,Amit O,Scooter,Full-time,4.79,Y
DP14968,Sneha U,Bike,Full-time,4.39,Y
DP11961,Suresh Q,Scooter,Part-time,4.32,Y
DP06188,Ananya O,Bike,Full-time,4.54,Y
DP00834,Meena Z,Cycle,Full-time,4.7,Y
DP04549,Ananya Q,Car,Full-time,4.18,Y
DP14945,Suresh S,Scooter,Full-time,4.82,Y
DP12097,Nikhil J,Car,Full-time,3.82,Y
DP08387,Ravi W,Bike,Full-time,3.7,N
DP10537,Santosh P,Bike,Full-time,4.23,Y
DP03373,Manoj G,Car,Contract,4.32,Y
DP14891,Santosh G,Bike,Full-time,3.68,Y
DP06969,Kiran Y,Scooter,Part-time,4.04,Y
DP12348,Kiran U,Scooter,Contract,4.39,Y
DP02928,Divya J,Cycle,Part-time,3.79,Y
DP04184,Amit O,Cycle,Full-time,4.04,Y
DP08449,Santosh U,Scooter,Full-time,4,N
DP13621,Vikas N,Bike,Contract,4.09,Y
DP01914,Meena X,Bike,Full-time,3.73,Y
DP04149,Divya G,Bike,Contract,4.14,Y
DP07926,Priya C,Bike,Contract,4.04,Y
DP01804,Shreya G,Cycle,Contract,3.92,Y
DP02065,Shreya C,Bike,Full-time,4.58,Y
DP01820,Arjun X,Scooter,Part-time,4.24,Y
DP06288,Rakesh K,Scooter,Full-time,4.42,N
DP07943,Priya I,Scooter,Full-time,4.34,Y
DP04345,Divya R,Bike,Contract,4.42,Y
DP11906,Arjun B,Cycle,Contract,3.6,Y
DP12059,Sneha R,Car,Full-time,3.93,Y
DP05828,Shreya W,Car,Part-time,3.43,Y
DP09045,Suresh V,Scooter,Contract,4.18,Y
DP03186,Rakesh L,Bike,Contract,4.19,Y
DP04407,Ananya J,Scooter,Part-time,4.03,Y
DP05459,Vikas T,Scooter,Full-time,3.89,Y
DP07388,Shreya R,Scooter,Full-time,4.26,Y
DP09185,Suresh C,Bike,Part-time,3.72,N
DP04208,Kiran A,Bike,Full-time,4.16,Y
DP14007,Deepak L,Scooter,Part-time,4.14,Y
DP12910,Priya Z,Bike,Full-time,4.42,Y
DP11266,Vikas Z,Scooter,Full-time,4.75,Y
DP09733,Kiran L,Cycle,Contract,4.39,Y
DP13053,Neha J,Bike,Contract,3.95,Y
DP06307,Suresh L,Scooter,Contract,3.58,Y
DP09628,Suresh B,Car,Full-time,4.64,Y
DP00651,Vikas E,Bike,Full-time,3.92,Y
DP05010,Shreya V,Scooter,Contract,4.1,Y
DP02847,Vikas T,Bike,Full-time,3.65,Y
DP01703,Kiran U,Scooter,Contract,4.2,Y
DP01108,Nikhil V,Scooter,Full-time,4.09,Y
DP04378,Ananya S,Scooter,Part-time,4.1,Y
DP02940,Suresh U,Cycle,Part-time,4.47,Y
DP03310,Pooja X,Bike,Full-time,4.09,Y
DP10028,Shreya P,Cycle,Part-time,4.18,Y
DP10827,Deepak V,Scooter,Full-time,4.1,Y
DP05167,Priya J,Cycle,Part-time,4.41,Y
DP04324,Kiran U,Cycle,Part-time,4.08,Y
DP05264,Suresh O,Cycle,Full-time,4.31,Y
DP03567,Deepak J,Scooter,Full-time,3.95,Y
DP09260,Arjun H,Scooter,Full-time,4.2,Y
DP02963,Sneha C,Scooter,Full-time,4.05,Y
DP11884,Kiran H,Bike,Part-time,4.89,Y
DP08506,Kiran X,Cycle,Part-time,4.47,Y
DP00864,Rakesh H,Scooter,Part-time,4.04,Y
DP00600,Santosh M,Bike,Part-time,4.01,Y
DP14355,Ananya M,Bike,Part-time,4.34,Y
DP00971,Ananya U,Scooter,Full-time,4.2,N
DP01807,Ananya T,Scooter,Full-time,4.8,Y
DP03788,Suresh C,Cycle,Full-time,4.08,Y
DP12318,Rahul Z,Bike,Full-time,3.73,Y
DP09989,Ravi J,Scooter,Part-time,4.38,Y
DP01206,Ananya N,Scooter,Contract,4.48,Y
DP13233,Suresh U,Bike,Part-time,3.77,Y
DP09575,Kiran V,Cycle,Full-time,4.05,Y
DP02146,Suresh B,Bike,Contract,4.64,Y
DP00889,Kiran J,Bike,Full-time,4.02,Y
DP02747,Pooja Y,Bike,Full-time,4.43,Y
DP03949,Rahul M,Bike,Full-time,4.54,Y
DP08059,Vikas Q,Bike,Part-time,4.21,N
DP11559,Ananya Z,Cycle,Part-time,4.27,Y
DP03800,Arjun A,Bike,Full-time,4.07,Y
DP11168,Neha A,Bike,Part-time,3.79,Y
DP05094,Shreya W,Bike,Full-time,4.54,Y
DP00310,Kiran K,Scooter,Full-time,4.43,N
DP07071,Meena H,Bike,Full-time,4.05,Y
DP10428,Divya L,Cycle,Contract,3.85,Y
DP00363,Kiran K,Scooter,Part-time,4.44,Y
DP09896,Ravi U,Bike,Full-time,4.41,Y
DP13593,Santosh U,Bike,Part-time,4.17,Y
DP12220,Nikhil F,Cycle,Part-time,4.61,Y
DP01455,Divya I,Bike,Full-time,4.46,Y
DP08773,Neha I,Car,Full-time,4.29,Y
DP05166,Rakesh S,Bike,Full-time,3.81,Y
DP00018,Rakesh M,Scooter,Full-time,4.08,Y
DP13629,Vikas T,Scooter,Part-time,3.95,Y
DP00545,Santosh M,Scooter,Contract,4.42,Y
DP09854,Rahul C,Bike,Contract,4.11,N
DP10948,Arjun T,Bike,Part-time,3.96,Y
DP06058,Shreya R,Scooter,Part-time,3.97,Y
DP01359,Shreya D,Scooter,Part-time,4.4,Y
DP01343,Kiran M,Scooter,Full-time,3.94,Y
DP02198,Shreya C,Scooter,Full-time,4.04,Y
DP09134,Amit M,Bike,Full-time,4.54,Y
DP11171,Shreya K,Scooter,Full-time,4.09,Y
DP02197,Meena N,Scooter,Full-time,4.76,Y
DP10016,Arjun M,Bike,Full-time,3.9,Y
DP10384,Kiran B,Cycle,Full-time,4.26,Y
DP06922,Shreya T,Bike,Full-time,4.21,Y
DP00554,Kiran L,Cycle,Full-time,4.35,Y
DP12146,Deepak T,Bike,Full-time,4.68,Y
DP01353,Santosh J,Scooter,Part-time,4.72,Y
DP08846,Meena F,Cycle,Contract,4.52,Y
DP12626,Sneha X,Scooter,Full-time,4.55,Y
DP01991,Arjun O,Bike,Contract,4.42,Y
DP01221,Rakesh U,Scooter,Contract,4.14,Y
DP07513,Suresh S,Scooter,Contract,4.52,Y
DP10543,Shreya I,Cycle,Part-time,3.84,Y
DP00041,Sneha A,Bike,Part-time,4.11,Y
DP10897,Deepak P,Scooter,Full-time,4.25,Y
DP00952,Kiran N,Bike,Part-time,4.22,N
DP01880,Vikas F,Bike,Full-time,4.04,Y
DP06269,Priya J,Scooter,Full-time,4.89,Y
DP08119,Deepak G,Bike,Contract,4.02,Y
DP12017,Rahul X,Scooter,Part-time,4.26,Y
DP02300,Sneha E,Car,Full-time,3.97,Y
DP07891,Neha N,Scooter,Full-time,4.11,Y
DP09570,Amit I,Scooter,Part-time,4.32,Y
DP04337,Vikas H,Scooter,Contract,3.89,Y
DP05958,Nikhil B,Bike,Full-time,4.21,Y
DP10617,Santosh R,Scooter,Part-time,4.53,Y
DP07113,Arjun V,Cycle,Full-time,3.87,Y
DP12638,Divya P,Scooter,Full-time,4.25,Y
DP14402,Deepak Q,Bike,Contract,4.2,N
DP06370,Nikhil E,Bike,Part-time,4.18,Y
DP01816,Divya E,Car,Full-time,4.12,Y
DP10214,Priya S,Scooter,Full-time,3.99,N
DP12845,Priya I,Scooter,Part-time,4.33,Y
DP02152,Amit I,Bike,Full-time,4.04,Y
DP12446,Kiran M,Scooter,Contract,3.87,Y
DP11515,Suresh I,Scooter,Part-time,4.4,Y
DP07122,Neha Y,Scooter,Full-time,4.26,Y
DP03663,Suresh J,Bike,Contract,3.86,Y
DP10567,Priya A,Bike,Full-time,4.35,Y
DP02734,Pooja B,Bike,Full-time,4.05,Y
DP14655,Santosh X,Bike,Full-time,4.38,N
DP10995,Rahul B,Bike,Part-time,4.44,N
DP03197,Arjun O,Scooter,Part-time,4.45,Y
DP13187,Amit I,Bike,Full-time,4.25,Y
DP02745,Meena Y,Scooter,Full-time,3.82,Y
DP05947,Sneha F,Bike,Contract,3.85,N
DP13875,Ananya Z,Cycle,Part-time,3.72,Y
DP13432,Rakesh Q,Cycle,Part-time,4.53,Y
DP12605,Arjun Y,Bike,Full-time,3.75,Y
DP07244,Ravi O,Bike,Contract,4.4,Y
DP13193,Rakesh N,Scooter,Part-time,4.25,N
DP13263,Santosh I,Scooter,Full-time,3.99,Y
DP08195,Deepak G,Bike,Part-time,4.16,Y
DP08543,Arjun G,Cycle,Contract,4.33,Y
DP03387,Rakesh I,Scooter,Part-time,4.42,Y
DP05604,Rahul H,Bike,Contract,3.94,Y
DP04820,Kiran Q,Cycle,Full-time,4.06,Y
DP10828,Ravi A,Bike,Part-time,4.27,Y
DP00738,Ravi F,Scooter,Full-time,4.46,Y
DP06000,Deepak R,Cycle,Contract,3.91,Y
DP14253,Ananya W,Bike,Part-time,4.41,Y
DP08413,Shreya D,Bike,Full-time,3.98,Y
DP13414,Divya H,Bike,Full-time,3.68,Y
DP05882,Neha W,Scooter,Full-time,4.43,Y
DP05281,Kiran F,Bike,Full-time,4.4,Y
DP01433,Amit Q,Cycle,Full-time,4.13,Y
DP01446,Amit N,Scooter,Contract,3.82,Y
DP10877,Meena P,Scooter,Full-time,4.05,N
DP12487,Pooja A,Bike,Full-time,4.06,Y
DP14358,Ravi D,Scooter,Part-time,4.27,Y
DP04674,Manoj A,Car,Part-time,3.86,Y
DP11260,Kiran B,Bike,Full-time,4.24,Y
DP11259,Manoj L,Scooter,Full-time,4.71,Y
DP04583,Neha Z,Cycle,Part-time,4.49,Y
DP02159,Priya G,Bike,Contract,3.88,Y
DP02682,Santosh S,Scooter,Full-time,4.14,Y
DP06818,Neha D,Scooter,Full-time,4.47,Y
DP09381,Shreya P,Scooter,Contract,4.21,Y
DP12174,Kiran V,Car,Full-time,4.64,Y
DP03030,Divya T,Scooter,Part-time,4.27,Y
DP14964,Kiran G,Cycle,Full-time,4.59,Y
DP05796,Vikas J,Scooter,Full-time,3.83,Y
DP09857,Pooja D,Scooter,Contract,4.8,Y
DP03108,Rakesh Q,Scooter,Contract,4.09,N
DP11409,Santosh Z,Bike,Contract,4.09,Y
DP01150,Suresh J,Bike,Full-time,4.47,Y
DP04854,Suresh U,Scooter,Full-time,4.07,Y
DP01581,Santosh H,Bike,Part-time,4.26,Y
DP04273,Nikhil H,Scooter,Full-time,4.13,Y
DP03630,Deepak T,Bike,Contract,4.49,Y
DP12136,Sneha M,Cycle,Full-time,5,Y
DP13901,Rahul W,Car,Contract,5,Y
DP00661,Santosh C,Scooter,Contract,4.34,Y
DP03694,Nikhil N,Cycle,Full-time,4.12,Y
DP10260,Nikhil L,Bike,Part-time,4.16,Y
DP00780,Shreya L,Bike,Full-time,4.23,Y
DP05029,Vikas U,Bike,Full-time,3.8,Y
DP04083,Vikas G,Cycle,Part-time,3.85,N
DP08230,Sneha U,Bike,Full-time,4.2,Y
DP10990,Meena W,Bike,Contract,4.64,Y
DP12494,Ravi G,Bike,Part-time,4.28,Y
DP02219,Neha X,Bike,Full-time,4.43,Y
DP05854,Nikhil Y,Scooter,Full-time,4.29,Y
DP06679,Deepak N,Scooter,Full-time,4.89,Y
DP04006,Amit T,Cycle,Contract,3.92,Y
DP04712,Rahul M,Scooter,Full-time,4.18,Y
DP07484,Suresh J,Scooter,Full-time,4.61,Y
DP01904,Pooja Q,Bike,Part-time,4,Y
DP05007,Rakesh D,Scooter,Part-time,4.22,Y
DP07412,Manoj D,Bike,Full-time,4.14,N
DP12255,Deepak W,Bike,Full-time,4.39,Y
DP08876,Ravi A,Scooter,Part-time,4.44,Y
DP01667,Neha E,Scooter,Full-time,3.89,Y
DP12394,Rahul P,Bike,Part-time,3.99,Y
DP05439,Ananya A,Scooter,Full-time,4.84,Y
DP01170,Neha L,Scooter,Part-time,4.1,Y
DP02048,Nikhil W,Scooter,Part-time,3.92,Y
DP12480,Meena Y,Cycle,Full-time,4.2,Y
DP01710,Sneha J,Bike,Contract,4.34,Y
DP00831,Ravi O,Bike,Full-time,4.49,N
DP12806,Shreya M,Bike,Part-time,4.17,Y
DP04348,Ananya Q,Bike,Full-time,4.26,Y
DP03354,Pooja Y,Cycle,Part-time,4.35,Y
DP08975,Vikas M,Bike,Contract,4.37,Y
DP02800,Rakesh W,Scooter,Contract,4.24,Y
DP01346,Divya R,Bike,Contract,4.46,Y
DP07998,Suresh S,Cycle,Full-time,4.19,Y
DP07594,Meena F,Bike,Full-time,4.09,Y
DP05372,Amit D,Bike,Contract,3.87,Y
DP08535,Rakesh N,Bike,Contract,4.33,N
DP01633,Deepak H,Cycle,Full-time,4.62,Y
DP02672,Meena C,Bike,Full-time,4.05,Y
DP12058,Rahul J,Bike,Part-time,3.86,Y
DP14791,Vikas T,Scooter,Contract,3.81,Y
DP02399,Sneha P,Bike,Full-time,4.09,Y
DP10653,Deepak C,Scooter,Contract,3.92,Y
DP05732,Suresh B,Scooter,Contract,4.55,Y
DP09734,Nikhil Y,Scooter,Full-time,4.2,Y
DP14875,Priya Z,Bike,Full-time,3.7,Y
DP05393,Manoj R,Car,Contract,4.42,Y
DP07855,Ananya U,Bike,Full-time,3.51,Y
DP13565,Sneha T,Bike,Full-time,4.97,Y
DP04833,Kiran Q,Scooter,Full-time,4.28,Y
DP05702,Vikas Y,Bike,Full-time,4.43,Y
DP13953,Neha Y,Bike,Part-time,3.9,Y
DP13726,Kiran Q,Scooter,Full-time,4.61,Y
DP01278,Sneha J,Scooter,Part-time,4.32,Y
DP02603,Kiran Z,Bike,Part-time,4.45,Y
DP10829,Priya I,Cycle,Contract,4.15,Y
DP03167,Divya W,Scooter,Full-time,4.35,Y
DP08364,Kiran X,Cycle,Full-time,4.36,Y
DP11164,Arjun B,Scooter,Part-time,4.62,Y
DP10885,Manoj H,Bike,Full-time,3.98,Y
DP06861,Amit L,Scooter,Full-time,4.19,Y
DP06595,Manoj D,Bike,Full-time,3.75,Y
DP09033,Amit X,Bike,Contract,4.18,Y
DP07002,Suresh K,Bike,Full-time,3.95,Y
DP13007,Ananya Z,Bike,Full-time,4.02,Y
DP07881,Santosh G,Bike,Full-time,4.12,Y
DP03774,Manoj Q,Scooter,Full-time,4.5,Y
DP07495,Rahul S,Bike,Full-time,3.95,Y
DP04818,Nikhil X,Bike,Full-time,3.88,Y
DP09005,Ravi P,Bike,Part-time,4.25,Y
DP01945,Amit X,Scooter,Contract,4.4,Y
DP07790,Rahul Y,Bike,Full-time,4.13,Y
DP13760,Arjun S,Scooter,Full-time,4.39,Y
DP08799,Divya O,Cycle,Part-time,3.57,Y
DP01582,Kiran D,Bike,Contract,4.59,N
DP01514,Deepak F,Bike,Full-time,4,N
DP11319,Amit W,Cycle,Part-time,4.02,Y
DP05980,Ravi L,Scooter,Part-time,4.39,Y
DP05837,Shreya S,Scooter,Part-time,4.34,Y
DP12044,Neha X,Car,Full-time,3.78,Y
DP05573,Deepak B,Scooter,Full-time,4.43,N
DP13255,Ananya X,Bike,Full-time,3.99,Y
DP07474,Neha X,Car,Contract,4.21,Y
DP12471,Kiran H,Scooter,Contract,4.15,Y
DP07186,Kiran G,Scooter,Full-time,4.56,Y
DP12807,Kiran H,Scooter,Part-time,3.93,Y
DP08870,Santosh H,Scooter,Part-time,4.11,Y
DP02978,Deepak I,Scooter,Part-time,4.27,Y
DP09984,Neha X,Bike,Contract,4.35,N
DP08128,Rahul H,Scooter,Full-time,4.06,Y
DP13974,Ananya K,Bike,Part-time,4.2,N
DP04370,Santosh D,Cycle,Full-time,3.75,Y
DP14691,Amit T,Bike,Contract,4.33,Y
DP10866,Priya H,Scooter,Full-time,4.14,Y
DP06961,Santosh T,Cycle,Full-time,4.55,Y
DP11412,Priya O,Bike,Contract,3.83,Y
DP00580,Amit S,Bike,Part-time,3.72,Y
DP01983,Neha R,Scooter,Part-time,4.01,Y
DP06929,Deepak J,Scooter,Full-time,4.21,N
DP01289,Amit A,Scooter,Full-time,4.54,Y
DP11693,Neha T,Cycle,Contract,4.01,Y
DP12460,Priya B,Bike,Part-time,4,Y
DP03399,Meena R,Bike,Full-time,3.81,N
DP09128,Ravi L,Scooter,Part-time,4.36,Y
DP12507,Meena Y,Scooter,Full-time,4.26,Y
DP03610,Arjun B,Scooter,Contract,4.46,N
DP09685,Rakesh H,Scooter,Full-time,3.73,Y
DP12962,Meena M,Cycle,Part-time,4.79,Y
DP13982,Neha L,Scooter,Full-time,4,Y
DP06911,Rahul T,Bike,Full-time,4.52,Y
DP02977,Santosh Z,Scooter,Full-time,4.22,Y
DP12547,Rakesh N,Car,Part-time,4.17,Y
DP07915,Rakesh Y,Scooter,Full-time,4.81,Y
DP04904,Sneha T,Cycle,Part-time,4.47,Y
DP08206,Suresh E,Bike,Contract,4.41,Y
DP10212,Nikhil E,Bike,Full-time,4.39,Y
DP14621,Divya D,Scooter,Contract,4.78,Y
DP00352,Santosh O,Bike,Full-time,4.35,N
DP07711,Nikhil R,Scooter,Part-time,4.47,Y
DP00287,Ananya D,Bike,Full-time,4.03,Y
DP01191,Pooja Y,Cycle,Part-time,4.26,Y
DP01077,Manoj V,Scooter,Full-time,4.08,Y
DP11182,Amit S,Scooter,Full-time,4.04,Y
DP07529,Shreya E,Bike,Part-time,3.85,Y
DP09886,Rakesh R,Bike,Full-time,4.42,Y
DP14093,Kiran H,Cycle,Contract,4.09,N
DP03936,Suresh B,Bike,Part-time,3.69,Y
DP13969,Amit A,Scooter,Full-time,4.24,N
DP12281,Kiran X,Scooter,Full-time,4.22,Y
DP04368,Kiran M,Bike,Part-time,3.71,Y
DP04852,Shreya O,Bike,Full-time,4.57,Y
DP03526,Arjun F,Scooter,Contract,4.46,Y
DP00380,Santosh Z,Scooter,Full-time,4.71,Y
DP03724,Manoj I,Scooter,Contract,3.92,Y
DP00939,Nikhil D,Cycle,Full-time,4.38,Y
DP10788,Ravi T,Scooter,Full-time,4.23,Y
DP09162,Suresh D,Scooter,Full-time,3.26,Y
DP08791,Arjun R,Bike,Part-time,4.93,Y
DP00282,Suresh K,Cycle,Full-time,4.39,Y
DP13437,Sneha F,Cycle,Contract,3.95,Y
DP13411,Manoj F,Bike,Part-time,4.3,Y
DP02439,Amit A,Bike,Part-time,3.92,Y
DP05122,Meena D,Scooter,Full-time,4.35,Y
DP03376,Meena T,Bike,Full-time,4.56,Y
DP02294,Deepak J,Cycle,Contract,3.94,Y
DP04218,Divya K,Bike,Full-time,4.63,Y
DP09791,Deepak A,Bike,Part-time,4.47,Y
DP14079,Sneha Y,Cycle,Contract,4.19,Y
DP12221,Sneha A,Cycle,Full-time,3.97,Y
DP09017,Priya K,Bike,Contract,3.88,Y
DP14951,Nikhil V,Scooter,Part-time,4.2,Y
DP00587,Nikhil M,Bike,Full-time,4.23,N
DP14044,Neha G,Scooter,Full-time,4.48,Y
DP09532,Meena B,Bike,Full-time,4.5,Y
DP06156,Rakesh Q,Scooter,Full-time,4.3,Y
DP00606,Neha P,Bike,Full-time,4.01,Y
DP11361,Neha Z,Bike,Full-time,4.57,Y
DP00540,Amit J,Scooter,Full-time,3.96,Y
DP07255,Santosh T,Scooter,Full-time,3.77,Y
DP13083,Pooja U,Bike,Part-time,4.17,Y
DP00791,Santosh U,Cycle,Full-time,4.48,Y
DP09639,Sneha F,Bike,Part-time,4.18,Y
DP01579,Deepak P,Bike,Full-time,3.73,N
DP13857,Rahul S,Cycle,Full-time,4.09,Y
DP12167,Rakesh K,Scooter,Full-time,3.82,Y
DP00462,Arjun C,Scooter,Contract,3.78,Y
DP07374,Nikhil K,Car,Full-time,4.49,Y
DP13386,Nikhil H,Scooter,Contract,4.21,Y
DP10061,Rakesh O,Scooter,Part-time,4.03,Y
DP02559,Divya I,Scooter,Part-time,3.8,Y
DP03231,Suresh A,Bike,Part-time,4.56,Y
DP00392,Ananya J,Scooter,Part-time,3.99,Y
DP10544,Neha W,Bike,Full-time,3.55,Y
DP05718,Manoj C,Bike,Part-time,4.24,Y
DP08802,Sneha P,Bike,Full-time,3.41,Y
DP00524,Ananya X,Scooter,Contract,3.75,Y
DP02059,Manoj X,Scooter,Full-time,3.96,N
DP06088,Manoj G,Bike,Full-time,4.47,Y
DP01128,Priya S,Bike,Contract,4.34,Y
DP02002,Neha H,Scooter,Full-time,3.83,Y
DP11136,Santosh F,Bike,Full-time,3.88,Y
DP04952,Kiran W,Scooter,Part-time,3.73,Y
DP13643,Rakesh D,Car,Full-time,4.61,Y
DP08652,Ananya W,Bike,Full-time,3.61,Y
DP04539,Ananya H,Bike,Full-time,3.66,N
DP09328,Divya F,Scooter,Full-time,3.85,Y
DP09521,Meena G,Bike,Full-time,3.77,Y
DP02973,Shreya Y,Scooter,Full-time,4.38,Y
DP09460,Pooja C,Scooter,Contract,4.21,Y
DP03783,Neha Q,Scooter,Full-time,3.83,Y
DP00334,Nikhil S,Bike,Contract,4.55,Y
DP05863,Deepak V,Bike,Part-time,4.44,Y
DP00930,Ananya H,Bike,Full-time,4.47,Y
DP14484,Divya R,Cycle,Full-time,3.68,N
DP12214,Rakesh R,Scooter,Part-time,3.98,Y
DP02423,Manoj X,Cycle,Full-time,4.02,Y
DP00538,Ananya D,Bike,Contract,4.36,Y
DP04171,Rakesh L,Scooter,Full-time,4.53,Y
DP07611,Rakesh O,Scooter,Part-time,4.16,Y
DP01075,Neha J,Bike,Part-time,4.06,Y
DP08849,Manoj Z,Cycle,Part-time,4.05,Y
DP14465,Rakesh I,Scooter,Full-time,3.89,Y
DP12543,Sneha O,Scooter,Contract,4.21,Y
DP14704,Ravi B,Scooter,Full-time,3.81,Y
DP04540,Vikas D,Bike,Full-time,4.34,Y
DP04939,Arjun M,Scooter,Full-time,4.34,Y
DP13871,Meena V,Scooter,Part-time,4.04,Y
DP04131,Nikhil J,Bike,Full-time,4.57,N
DP13921,Nikhil I,Scooter,Contract,4.04,Y
DP00645,Deepak H,Cycle,Contract,4.04,Y
DP12273,Amit P,Cycle,Contract,4.8,Y
DP01367,Kiran P,Bike,Full-time,3.73,Y
DP09877,Ananya R,Bike,Part-time,3.64,Y
DP09487,Rahul J,Scooter,Full-time,4.06,N
DP02554,Neha E,Scooter,Full-time,4.71,Y
DP02927,Shreya L,Scooter,Full-time,4.26,N
DP11643,Shreya P,Scooter,Part-time,4.27,Y
DP09396,Nikhil C,Cycle,Full-time,3.48,Y
DP12180,Ravi C,Bike,Part-time,4.36,Y
DP03273,Arjun Q,Bike,Part-time,4.25,Y
DP02725,Priya O,Bike,Full-time,4.35,N
DP02524,Suresh V,Scooter,Full-time,4.48,Y
DP03746,Nikhil P,Bike,Part-time,4.58,Y
DP02895,Priya R,Scooter,Part-time,4.31,Y
DP01751,Amit J,Bike,Part-time,4.23,Y
DP02780,Vikas Y,Bike,Part-time,3.59,Y
DP10602,Nikhil C,Scooter,Full-time,4.49,Y
DP07290,Sneha J,Cycle,Full-time,3.73,Y
DP14520,Kiran Y,Bike,Contract,3.8,Y
DP12814,Meena D,Bike,Contract,4.17,Y
DP06740,Rahul C,Scooter,Part-time,4.05,Y
DP04749,Vikas U,Scooter,Contract,4.23,N
DP11653,Nikhil Z,Scooter,Full-time,3.83,Y
DP08007,Pooja T,Bike,Part-time,4.3,Y
DP09156,Neha O,Bike,Contract,4.51,Y
DP08334,Amit F,Cycle,Part-time,4.22,Y
DP01687,Suresh G,Scooter,Full-time,3.94,Y
DP12709,Manoj F,Bike,Part-time,4.83,Y
DP14160,Pooja Y,Bike,Part-time,4,Y
DP02807,Neha M,Scooter,Full-time,4.85,Y
DP13394,Santosh T,Bike,Full-time,4.22,Y
DP12122,Pooja S,Bike,Full-time,4.26,Y
DP07616,Kiran T,Cycle,Full-time,4.69,Y
DP03334,Meena F,Cycle,Full-time,4.35,Y
DP12572,Ravi O,Scooter,Full-time,4.09,Y
DP14784,Ravi X,Car,Contract,4.37,N
DP12733,Divya T,Bike,Part-time,5,Y
DP00936,Divya D,Scooter,Full-time,4.18,Y
DP08139,Pooja R,Scooter,Contract,3.93,Y
DP14275,Pooja A,Bike,Part-time,4.65,Y
DP10369,Neha G,Scooter,Full-time,4.5,Y
DP09242,Neha D,Scooter,Full-time,4.12,Y
DP07191,Deepak G,Scooter,Part-time,4.51,Y
DP07035,Divya V,Scooter,Part-time,4.37,Y
DP00875,Santosh W,Bike,Contract,4.32,N
DP08213,Vikas E,Cycle,Full-time,4.4,Y
DP12921,Sneha I,Scooter,Full-time,4.35,Y
DP10867,Deepak C,Scooter,Contract,4.38,Y
DP12751,Ravi Y,Scooter,Part-time,4.31,Y
DP06614,Priya U,Scooter,Contract,4.21,Y
DP07082,Suresh N,Scooter,Contract,3.67,Y
DP13244,Meena K,Scooter,Part-time,3.63,Y
DP10607,Kiran F,Bike,Full-time,4.16,Y
DP00108,Rahul I,Bike,Part-time,4.19,Y
DP04439,Santosh F,Scooter,Full-time,3.98,Y
DP01987,Neha P,Cycle,Full-time,4.47,Y
DP05038,Priya O,Bike,Contract,5,Y
DP03049,Ravi P,Bike,Part-time,4.22,Y
DP08129,Suresh K,Scooter,Full-time,3.85,Y
DP13433,Ravi V,Scooter,Full-time,4.11,Y
DP09644,Deepak G,Car,Part-time,4.14,Y
DP10916,Ravi L,Scooter,Full-time,3.76,Y
DP10338,Pooja X,Bike,Full-time,4.56,Y
DP04550,Arjun L,Scooter,Full-time,4.22,Y
DP03205,Priya S,Bike,Full-time,4.24,Y
DP04124,Shreya H,Cycle,Contract,4.23,Y
DP11363,Pooja T,Bike,Full-time,4.63,Y
DP04807,Santosh U,Cycle,Part-time,3.76,Y
DP05066,Ananya Y,Cycle,Contract,4.21,Y
DP03812,Amit M,Bike,Full-time,4,Y
DP07174,Arjun T,Cycle,Full-time,4.28,Y
DP09763,Divya J,Car,Full-time,4.36,Y
DP01993,Vikas V,Scooter,Full-time,4.44,Y
DP04889,Vikas J,Cycle,Part-time,4.13,N
DP11909,Shreya X,Cycle,Part-time,4.01,Y
DP02612,Sneha K,Bike,Full-time,4.2,Y
DP10781,Pooja Q,Scooter,Full-time,4.16,Y
DP01937,Vikas S,Scooter,Full-time,4.55,Y
DP13569,Manoj N,Bike,Full-time,4.15,Y
DP08840,Amit P,Scooter,Full-time,4.07,Y
DP02222,Amit X,Car,Part-time,3.97,Y
DP05041,Divya V,Scooter,Full-time,4.21,Y
DP04728,Shreya I,Bike,Full-time,4.55,Y
DP02318,Priya S,Bike,Full-time,4.32,Y
DP04076,Manoj T,Scooter,Part-time,4.14,N
DP11722,Shreya J,Car,Full-time,3.93,Y
DP02997,Ravi X,Scooter,Part-time,3.99,Y
DP12902,Amit W,Scooter,Part-time,3.92,Y
DP05839,Deepak U,Scooter,Part-time,4.68,Y
DP09411,Pooja P,Bike,Contract,4.7,N
DP14421,Kiran C,Bike,Full-time,4.52,Y
DP01104,Meena S,Scooter,Full-time,4.41,Y
DP12433,Kiran Q,Bike,Contract,4.1,Y
DP07034,Manoj O,Scooter,Full-time,3.94,Y
DP14881,Santosh I,Bike,Part-time,4.44,Y
DP04960,Amit Q,Scooter,Full-time,4.04,Y
DP04832,Divya X,Scooter,Contract,3.92,Y
DP08737,Kiran I,Scooter,Contract,4.33,Y
DP03758,Shreya K,Bike,Contract,3.42,Y
DP03128,Arjun W,Scooter,Full-time,4.3,Y
DP07215,Rakesh N,Scooter,Full-time,3.82,Y
DP03777,Kiran W,Scooter,Full-time,4.35,Y
DP08299,Rahul B,Bike,Full-time,4.32,N
DP03539,Sneha N,Scooter,Part-time,3.95,Y
DP10312,Amit O,Bike,Full-time,4.27,Y
DP04357,Rakesh A,Scooter,Full-time,3.85,Y
DP11772,Meena B,Bike,Full-time,4.31,Y
DP13028,Manoj Z,Bike,Full-time,4.66,Y
DP10875,Meena G,Bike,Contract,4.64,Y
DP06306,Kiran U,Bike,Full-time,4.5,Y
DP00360,Divya G,Car,Full-time,3.93,Y
DP05192,Sneha G,Car,Part-time,4.25,Y
DP10304,Deepak W,Bike,Contract,4.27,Y
DP08062,Deepak X,Cycle,Contract,3.86,Y
DP10881,Arjun Q,Bike,Full-time,3.93,Y
DP13112,Vikas L,Cycle,Contract,4.42,Y
DP06678,Meena A,Car,Full-time,3.73,Y
DP11098,Rahul C,Cycle,Part-time,4.21,Y
DP04957,Ananya O,Bike,Part-time,4.55,Y
DP07421,Rahul Z,Scooter,Full-time,4.47,Y
DP09036,Vikas U,Scooter,Part-time,4.29,Y
DP11340,Neha L,Bike,Full-time,3.59,Y
DP02947,Pooja S,Bike,Contract,4.15,Y
DP14115,Nikhil C,Bike,Part-time,3.95,Y
DP03436,Deepak Q,Bike,Full-time,4.12,Y
DP12677,Divya B,Bike,Full-time,4.51,Y
DP14478,Shreya L,Car,Full-time,4.02,Y
DP13348,Suresh E,Bike,Full-time,4.21,N
DP03033,Suresh S,Bike,Full-time,4.37,Y
DP08022,Nikhil O,Scooter,Full-time,4.62,Y
DP14243,Kiran R,Scooter,Full-time,4.46,Y
DP01729,Rakesh A,Cycle,Full-time,4.17,Y
DP02741,Suresh N,Scooter,Contract,4.15,Y
DP05983,Rakesh R,Cycle,Full-time,4.78,Y
DP05685,Santosh T,Scooter,Contract,3.85,Y
DP14880,Amit N,Cycle,Part-time,4.15,N
DP03386,Vikas S,Bike,Full-time,4.49,Y
DP06486,Sneha V,Bike,Part-time,4.35,Y
DP01250,Ravi Y,Bike,Full-time,3.8,Y
DP06090,Deepak E,Scooter,Part-time,4.22,Y
DP10608,Rakesh R,Scooter,Contract,3.71,Y
DP07458,Sneha E,Car,Part-time,4.12,Y
DP02346,Deepak Z,Bike,Full-time,4.37,Y
DP13976,Santosh H,Bike,Full-time,4.69,Y
DP00578,Pooja O,Car,Part-time,4.24,Y
DP01105,Deepak I,Bike,Part-time,3.82,Y
DP05689,Neha H,Bike,Full-time,4.33,Y
DP11509,Santosh M,Bike,Part-time,4.48,Y
DP13473,Kiran Z,Bike,Part-time,4.41,Y
DP06749,Shreya I,Scooter,Full-time,4.51,Y
DP05026,Suresh A,Bike,Full-time,3.68,Y
DP00368,Ananya V,Bike,Part-time,3.71,Y
DP07639,Priya J,Scooter,Part-time,4,Y
DP12488,Ravi M,Bike,Contract,4.52,Y
DP11734,Meena V,Bike,Full-time,4.59,Y
DP06302,Deepak I,Cycle,Full-time,4.22,N
DP09933,Rakesh X,Car,Part-time,4.32,Y
DP13229,Meena X,Scooter,Part-time,4.13,N
DP03830,Ravi K,Car,Full-time,4.29,Y
DP10047,Shreya K,Bike,Contract,4.82,Y
DP01809,Deepak H,Scooter,Full-time,4.47,Y
DP03535,Rakesh B,Cycle,Full-time,4.06,N
DP11023,Santosh T,Scooter,Full-time,4.01,Y
DP12776,Sneha W,Bike,Contract,4.58,N
DP08868,Manoj P,Bike,Contract,3.72,Y
DP01774,Rahul I,Scooter,Part-time,3.91,Y
DP11135,Shreya P,Scooter,Contract,4.21,Y
DP06414,Kiran K,Cycle,Part-time,4.54,Y
DP06250,Ravi W,Scooter,Full-time,4.29,Y
DP04121,Divya N,Bike,Contract,4.49,Y
DP01437,Rakesh M,Cycle,Contract,4.66,Y
DP02986,Kiran B,Scooter,Part-time,4.1,Y
DP10947,Meena V,Bike,Contract,4.59,Y
DP07207,Meena H,Bike,Full-time,4.05,Y
DP00508,Rahul W,Scooter,Full-time,4.32,Y
DP01256,Pooja E,Car,Part-time,4.14,Y
DP02201,Kiran G,Scooter,Contract,3.98,Y
DP10532,Vikas L,Bike,Full-time,4.02,Y
DP05480,Rahul X,Scooter,Full-time,4.47,Y
DP14104,Ananya U,Cycle,Full-time,4.04,Y
DP14337,Nikhil D,Scooter,Contract,4.23,Y
DP14724,Sneha W,Cycle,Full-time,4.48,Y
DP09486,Neha H,Scooter,Full-time,4.47,Y
DP00465,Manoj H,Scooter,Full-time,4.65,Y
DP10362,Pooja A,Scooter,Full-time,4.47,Y
DP00822,Santosh B,Bike,Full-time,4.32,Y
DP01466,Pooja U,Car,Full-time,4.19,Y
DP11832,Priya W,Scooter,Full-time,4.58,Y
DP14080,Vikas Y,Bike,Full-time,3.92,Y
DP06329,Amit Q,Scooter,Full-time,3.55,Y
DP00198,Divya W,Scooter,Contract,4.23,Y
DP10774,Divya A,Cycle,Part-time,4.41,Y
DP06395,Pooja B,Scooter,Full-time,4.36,Y
DP13671,Priya R,Bike,Full-time,3.89,N
DP14105,Neha F,Cycle,Full-time,3.8,Y
DP03551,Manoj R,Scooter,Contract,4.34,Y
DP12700,Kiran Q,Car,Full-time,4.31,Y
DP12731,Rakesh G,Cycle,Contract,3.89,Y
DP13754,Meena N,Bike,Full-time,4.02,Y
DP04280,Ananya G,Bike,Part-time,3.69,Y
DP02920,Nikhil I,Scooter,Full-time,3.88,Y
DP06366,Ravi A,Bike,Part-time,4.13,Y
DP07324,Nikhil F,Scooter,Full-time,3.93,Y
DP04790,Pooja P,Bike,Part-time,3.9,N
DP02362,Kiran F,Bike,Full-time,4.41,N
DP04886,Pooja R,Scooter,Part-time,4.17,Y
DP07980,Rahul D,Cycle,Full-time,3.6,Y
DP11373,Divya M,Scooter,Part-time,4.54,Y
DP00337,Pooja O,Bike,Part-time,4.47,Y
DP04182,Priya S,Bike,Contract,4.39,Y
DP01931,Divya H,Scooter,Contract,4.33,Y
DP13325,Deepak Z,Scooter,Full-time,4.17,Y
DP06184,Neha R,Scooter,Contract,4.4,Y
DP13384,Shreya F,Scooter,Full-time,4.13,Y
DP10741,Pooja Q,Bike,Contract,4.56,Y
DP05673,Meena Y,Bike,Full-time,4.23,Y
DP08760,Divya L,Scooter,Part-time,4.27,N
DP10987,Sneha W,Cycle,Full-time,4.87,Y
DP06760,Nikhil Z,Scooter,Part-time,4.52,Y
DP10055,Santosh B,Bike,Part-time,4.31,Y
DP04095,Rakesh E,Cycle,Full-time,4.26,N
DP00371,Manoj C,Scooter,Part-time,4.02,Y
DP11202,Priya V,Bike,Full-time,4.14,Y
DP08522,Shreya Z,Cycle,Full-time,4.1,Y
DP05529,Deepak G,Bike,Full-time,3.96,Y
DP00304,Arjun S,Bike,Part-time,4.05,Y
DP14818,Rahul X,Scooter,Full-time,4.36,Y
DP05643,Rahul T,Scooter,Contract,4.16,Y
DP00752,Shreya X,Scooter,Full-time,4.23,Y
DP11271,Deepak B,Bike,Full-time,4.41,Y
DP14713,Santosh S,Scooter,Contract,4.21,Y
DP11173,Kiran W,Bike,Full-time,4.58,Y
DP02570,Suresh P,Scooter,Part-time,3.8,Y
DP03234,Priya G,Bike,Part-time,4.39,Y
DP04775,Pooja H,Cycle,Part-time,4.56,N
DP07683,Sneha G,Bike,Full-time,3.82,Y
DP04250,Kiran F,Scooter,Full-time,4.51,N
DP14653,Manoj S,Scooter,Full-time,4.03,Y
DP00400,Neha K,Bike,Full-time,4.37,Y
DP07419,Kiran U,Scooter,Part-time,4.76,Y
DP09774,Divya R,Scooter,Full-time,4.37,Y
DP13374,Ananya E,Bike,Contract,4.25,Y
DP04786,Vikas W,Cycle,Full-time,4.59,N
DP03126,Manoj K,Bike,Full-time,3.9,Y
DP14893,Suresh Q,Cycle,Contract,4.46,Y
DP08624,Neha D,Scooter,Part-time,4.46,Y
DP01856,Ravi R,Scooter,Contract,3.99,Y
DP03473,Sneha A,Scooter,Part-time,4.24,N
DP05816,Meena N,Bike,Full-time,4.09,Y
DP02890,Manoj C,Scooter,Full-time,3.86,Y
DP01498,Divya G,Cycle,Part-time,3.83,Y
DP09432,Rakesh Q,Bike,Full-time,3.99,Y
DP09340,Neha Q,Bike,Part-time,4.84,Y
DP11146,Ravi Z,Cycle,Full-time,3.67,N
DP02539,Priya C,Bike,Full-time,4.49,Y
DP14434,Rahul Z,Cycle,Part-time,4.59,Y
DP07738,Meena M,Scooter,Full-time,4.16,Y
DP09828,Ananya U,Scooter,Full-time,4.56,Y
DP07018,Rakesh C,Bike,Contract,4.19,Y
DP10594,Sneha G,Cycle,Full-time,4.42,Y
DP06371,Neha X,Scooter,Part-time,3.97,Y
DP11422,Ravi Y,Scooter,Full-time,4.63,Y
DP13841,Vikas V,Scooter,Contract,4.34,Y
DP06742,Divya M,Scooter,Full-time,4.58,Y
DP04117,Divya P,Cycle,Part-time,4.78,Y
DP03134,Sneha S,Bike,Contract,4.07,Y
DP03396,Amit Z,Bike,Contract,4.9,Y
DP12218,Manoj B,Bike,Full-time,4.03,Y
DP06005,Neha F,Bike,Full-time,3.69,N
DP11079,Amit W,Scooter,Full-time,4.6,Y
DP00073,Nikhil J,Bike,Part-time,4.36,Y
DP11122,Vikas U,Car,Full-time,4.4,Y
DP02452,Divya G,Bike,Full-time,5,Y
DP02968,Meena X,Bike,Full-time,4.25,Y
DP12264,Amit F,Scooter,Part-time,4.12,Y
DP13475,Kiran C,Bike,Part-time,4.53,Y
DP04481,Arjun M,Bike,Part-time,3.56,Y
DP10217,Vikas L,Scooter,Full-time,4.46,Y
DP07870,Vikas L,Scooter,Full-time,4.26,Y
DP00595,Arjun O,Bike,Full-time,4.57,Y
DP05525,Sneha Z,Bike,Full-time,4.11,Y
DP13592,Manoj A,Cycle,Part-time,4.35,Y
DP04411,Sneha L,Bike,Full-time,4.09,N
DP13034,Shreya F,Scooter,Full-time,4.05,Y
DP13240,Pooja I,Bike,Full-time,4.24,Y
DP05744,Shreya E,Bike,Part-time,3.93,Y
DP05182,Santosh E,Bike,Part-time,4.55,Y
DP06785,Rakesh K,Bike,Part-time,4.99,N
DP07972,Santosh N,Scooter,Full-time,3.99,Y
DP13823,Rahul J,Bike,Part-time,4.27,Y
DP07510,Shreya H,Bike,Full-time,4.14,Y
DP05924,Rakesh G,Scooter,Part-time,4.71,N
DP14695,Ananya I,Scooter,Contract,4.38,Y
DP08655,Sneha N,Car,Contract,4.5,Y
DP12406,Divya U,Car,Full-time,4.8,Y
DP06468,Neha K,Scooter,Full-time,4.28,Y
DP14298,Suresh X,Scooter,Full-time,4.36,Y
DP03444,Arjun W,Scooter,Part-time,4.38,Y
DP01616,Santosh S,Bike,Full-time,4.07,Y
DP14184,Vikas W,Bike,Full-time,4.84,Y
DP11039,Santosh Z,Scooter,Contract,3.86,Y
DP08736,Neha Q,Scooter,Part-time,4.61,Y
DP12774,Kiran W,Bike,Full-time,4.43,Y
DP03275,Sneha R,Car,Contract,4.08,Y
DP02595,Arjun O,Bike,Part-time,4.38,N
DP01279,Ravi E,Cycle,Part-time,4.32,Y
DP14070,Priya H,Scooter,Full-time,4.2,Y
DP12699,Ravi L,Bike,Part-time,4,Y
DP00591,Nikhil F,Cycle,Full-time,3.55,N
DP14385,Ananya X,Scooter,Full-time,4.13,N
DP11839,Shreya B,Cycle,Full-time,4.5,Y
DP10027,Divya A,Scooter,Part-time,3.7,Y
DP13207,Santosh S,Scooter,Part-time,4.27,Y
DP14845,Neha G,Bike,Full-time,4.25,Y
DP08792,Santosh M,Scooter,Full-time,3.9,Y
DP09943,Kiran E,Scooter,Full-time,4.2,Y
DP03285,Rahul C,Bike,Full-time,4.03,Y
DP01014,Rahul X,Scooter,Part-time,4.25,Y
DP03064,Vikas K,Bike,Part-time,4.29,Y
DP03059,Priya Y,Scooter,Full-time,3.91,Y
DP04447,Manoj W,Scooter,Contract,4.14,Y
DP01754,Shreya H,Bike,Part-time,3.7,Y
DP05961,Pooja H,Bike,Contract,4.54,Y
DP06658,Divya Y,Scooter,Full-time,4.09,Y
DP05062,Pooja A,Scooter,Part-time,4.41,N
DP03565,Vikas M,Scooter,Full-time,4.13,Y
DP09137,Rakesh M,Cycle,Part-time,3.88,Y
DP04023,Vikas V,Bike,Part-time,4.18,Y
DP05557,Suresh T,Bike,Full-time,3.96,Y
DP02712,Sneha C,Cycle,Contract,4.38,Y
DP00611,Rahul X,Bike,Contract,4.66,N
DP07879,Shreya H,Bike,Contract,4.62,Y
DP01052,Deepak O,Cycle,Full-time,3.87,Y
DP00515,Shreya V,Scooter,Part-time,4.41,Y
DP05925,Priya V,Scooter,Full-time,4.37,Y
DP03394,Amit S,Scooter,Full-time,4.23,Y
DP11018,Neha H,Bike,Contract,4.04,Y
DP13257,Priya E,Scooter,Part-time,4.08,Y
DP05416,Pooja Z,Scooter,Part-time,3.99,Y
DP06320,Arjun S,Bike,Contract,4.34,Y
DP04473,Vikas F,Scooter,Contract,3.6,Y
DP03041,Kiran X,Cycle,Part-time,3.86,Y
DP14587,Meena P,Scooter,Contract,4.84,Y
DP14855,Kiran S,Scooter,Part-time,4.2,Y
DP10783,Vikas M,Scooter,Full-time,4.08,Y
DP09577,Suresh D,Bike,Part-time,4.56,Y
DP05888,Arjun I,Bike,Full-time,4.66,N
DP01960,Amit V,Bike,Full-time,4.13,Y
DP01778,Manoj V,Bike,Full-time,4.46,Y
DP11736,Ananya R,Scooter,Full-time,4.47,Y
DP08101,Pooja A,Scooter,Part-time,3.98,Y
DP14503,Priya Y,Cycle,Part-time,4.02,Y
DP04682,Ananya J,Bike,Full-time,3.78,Y
DP00612,Rakesh L,Scooter,Full-time,4.32,Y
DP08735,Amit J,Bike,Contract,4.38,Y
DP00850,Suresh Z,Bike,Full-time,4.53,Y
DP04873,Rahul A,Bike,Contract,4.17,Y
DP09382,Vikas X,Scooter,Full-time,3.66,Y
DP05754,Amit O,Car,Contract,4.05,Y
DP02520,Shreya C,Scooter,Full-time,4.52,Y
DP07115,Meena K,Scooter,Full-time,4.19,Y
DP08684,Neha A,Scooter,Full-time,3.94,Y
DP14640,Manoj B,Scooter,Contract,4.45,Y
DP03998,Suresh A,Bike,Full-time,4.27,N
DP07348,Vikas I,Scooter,Contract,4.4,Y
DP12640,Rahul O,Car,Full-time,3.76,Y
DP06915,Sneha S,Cycle,Full-time,4.29,Y
DP02338,Rahul Q,Cycle,Full-time,3.96,Y
DP00156,Amit K,Bike,Full-time,4.1,Y
DP11708,Deepak H,Bike,Full-time,4.21,Y
DP06268,Shreya B,Bike,Full-time,4.55,Y
DP11796,Nikhil F,Scooter,Part-time,3.88,Y
DP11626,Meena F,Bike,Full-time,4.22,Y
DP10389,Rakesh R,Bike,Full-time,4.52,Y
DP11795,Pooja K,Bike,Full-time,4.56,Y
DP09785,Suresh C,Scooter,Contract,4.23,Y
DP06983,Arjun O,Bike,Full-time,4.01,Y
DP11228,Rakesh Z,Cycle,Full-time,4.79,Y
DP00766,Ananya D,Scooter,Full-time,4.3,Y
DP10233,Kiran Z,Scooter,Full-time,4.76,Y
DP11826,Nikhil D,Bike,Full-time,4.07,Y
DP12650,Sneha E,Scooter,Full-time,4.36,N
DP10767,Meena Z,Bike,Part-time,4.58,N
DP13330,Meena O,Cycle,Contract,4.69,Y
DP00573,Amit U,Bike,Part-time,4.11,Y
DP09595,Ravi B,Car,Full-time,4.44,N
DP06571,Pooja W,Scooter,Full-time,4.6,Y
DP00628,Santosh N,Cycle,Part-time,3.84,Y
DP12646,Priya U,Bike,Contract,4.34,Y
DP01374,Ravi F,Bike,Contract,3.93,Y
DP03837,Ravi G,Scooter,Contract,4.66,Y
DP02261,Amit J,Bike,Full-time,3.88,N
DP00965,Neha R,Cycle,Contract,3.67,Y
DP03741,Nikhil L,Bike,Part-time,4.15,Y
DP14774,Sneha A,Scooter,Full-time,4.63,Y
DP12040,Deepak V,Scooter,Full-time,4.12,N
DP09607,Deepak L,Bike,Full-time,4.03,Y
DP04714,Nikhil Z,Bike,Part-time,4.1,Y
DP10623,Pooja C,Car,Full-time,4.5,Y
DP02891,Meena P,Scooter,Contract,3.99,Y
DP13159,Ananya C,Bike,Full-time,4.29,Y
DP00181,Ravi I,Scooter,Part-time,4.16,Y
DP14301,Rakesh P,Cycle,Full-time,3.98,Y
DP07417,Shreya Z,Cycle,Full-time,4.3,Y
DP03677,Suresh T,Scooter,Full-time,3.68,Y
DP00978,Shreya I,Bike,Part-time,3.86,Y
DP10927,Divya W,Bike,Full-time,4.08,Y
DP13711,Ananya C,Bike,Full-time,4.4,Y
DP12263,Vikas H,Car,Full-time,4.38,Y
DP02738,Meena U,Scooter,Full-time,4.11,Y
DP01878,Neha S,Car,Full-time,3.93,Y
DP01135,Santosh L,Bike,Full-time,4.4,Y
DP11537,Vikas A,Cycle,Part-time,4.19,Y
DP08827,Divya L,Bike,Full-time,4.17,Y
DP13218,Ravi P,Bike,Part-time,3.86,Y
DP02180,Rakesh Q,Bike,Contract,4.42,Y
DP00586,Shreya K,Cycle,Contract,4.41,Y
DP10706,Rahul C,Bike,Part-time,4.39,Y
DP03985,Arjun W,Scooter,Full-time,4.84,Y
DP07496,Ravi T,Bike,Contract,4.34,Y
DP12610,Nikhil F,Scooter,Full-time,3.97,Y
DP02713,Deepak C,Scooter,Part-time,4.27,Y
DP04074,Kiran C,Bike,Part-time,3.89,Y
DP01008,Shreya W,Scooter,Part-time,4.1,Y
DP00799,Pooja N,Scooter,Contract,3.98,Y
DP07155,Priya A,Scooter,Full-time,4.16,Y
DP01208,Kiran J,Bike,Full-time,3.84,Y
DP12000,Amit J,Cycle,Part-time,4.66,Y
DP09428,Kiran B,Bike,Contract,4.64,Y
DP04486,Ananya B,Bike,Contract,4.79,Y
DP12336,Priya Z,Scooter,Part-time,4.35,N
DP11503,Amit J,Scooter,Part-time,4.07,N
DP04066,Meena M,Bike,Full-time,4.42,Y
DP01676,Vikas S,Bike,Part-time,4.39,Y
DP03042,Kiran F,Scooter,Full-time,3.48,Y
DP09110,Nikhil I,Scooter,Part-time,3.88,Y
DP06816,Santosh D,Scooter,Full-time,3.85,Y
DP10488,Neha O,Scooter,Contract,5,Y
DP14633,Arjun B,Scooter,Full-time,4.22,Y
DP07407,Amit P,Scooter,Part-time,3.89,Y
DP10253,Pooja M,Bike,Part-time,3.87,Y
DP09728,Suresh V,Bike,Full-time,4.08,Y
DP04223,Rakesh H,Bike,Part-time,3.87,Y
DP10013,Deepak A,Scooter,Part-time,4.53,Y
DP11713,Amit U,Bike,Full-time,4.21,Y
DP10547,Shreya N,Cycle,Full-time,4.47,Y
DP07077,Rahul C,Scooter,Contract,4.64,Y
DP00428,Suresh A,Bike,Full-time,4.46,Y
DP14236,Divya U,Scooter,Part-time,4.29,Y
DP09829,Neha D,Scooter,Contract,3.79,N
DP06104,Ananya Q,Bike,Full-time,3.81,Y
DP10633,Nikhil O,Scooter,Full-time,3.99,N
DP06326,Nikhil G,Bike,Full-time,4.33,Y
DP09875,Kiran P,Bike,Contract,4.13,Y
DP11889,Pooja M,Scooter,Part-time,4.08,Y
DP09251,Rahul P,Cycle,Full-time,4.4,N
DP05619,Santosh P,Bike,Part-time,3.9,Y
DP14525,Amit S,Scooter,Full-time,4.46,Y
DP06390,Suresh V,Bike,Full-time,4.58,Y
DP03771,Rakesh W,Bike,Full-time,3.97,Y
DP08329,Amit K,Scooter,Full-time,3.91,N
DP12673,Arjun O,Cycle,Contract,4.37,Y
DP09454,Rakesh F,Scooter,Full-time,3.57,Y
DP07612,Rakesh C,Bike,Full-time,3.95,Y
DP14456,Priya Q,Scooter,Full-time,4.41,Y
DP06964,Rahul M,Cycle,Part-time,4.44,Y
DP00741,Rakesh F,Bike,Contract,4.42,Y
DP05769,Shreya V,Cycle,Contract,4.63,Y
DP00644,Rahul K,Scooter,Full-time,4.48,N
DP03546,Priya G,Cycle,Contract,4.92,Y
DP05800,Ananya U,Scooter,Full-time,3.8,Y
DP11286,Kiran O,Bike,Full-time,4.38,Y
DP14224,Kiran R,Bike,Full-time,4.25,Y
DP12505,Divya V,Bike,Contract,4.51,Y
DP08556,Shreya V,Bike,Full-time,3.79,Y
DP13190,Meena D,Scooter,Part-time,4.12,Y
DP02678,Sneha G,Scooter,Full-time,3.95,Y
DP03932,Meena H,Bike,Full-time,4.42,N
DP12778,Neha L,Scooter,Full-time,3.92,Y
DP02879,Arjun U,Bike,Full-time,4.54,N
DP06685,Nikhil S,Car,Full-time,4.13,Y
DP11283,Manoj J,Cycle,Full-time,4.53,N
DP09302,Deepak I,Scooter,Part-time,4.83,Y
DP07620,Ananya V,Scooter,Part-time,4.21,Y
DP00990,Rahul E,Cycle,Part-time,4.66,Y
DP04379,Ananya J,Scooter,Full-time,4.1,Y
DP14564,Suresh T,Cycle,Contract,4.17,Y
DP09949,Kiran D,Cycle,Full-time,3.67,Y
DP08789,Sneha D,Bike,Part-time,3.34,N
DP06694,Vikas O,Bike,Full-time,4.13,Y
DP10861,Deepak O,Bike,Contract,4.21,Y
DP13795,Vikas D,Scooter,Part-time,4.66,Y
DP01732,Rakesh M,Scooter,Part-time,3.79,Y
DP06115,Suresh K,Bike,Contract,4.56,N
DP04185,Amit L,Scooter,Full-time,4.05,Y
DP10889,Santosh I,Cycle,Contract,3.77,Y
DP11724,Sneha E,Scooter,Full-time,4.43,Y
DP06255,Meena G,Bike,Full-time,3.96,Y
DP08772,Neha W,Car,Contract,5,N
DP05747,Vikas G,Scooter,Full-time,4.65,Y
DP06328,Deepak F,Scooter,Full-time,4.31,Y
DP14223,Vikas T,Bike,Full-time,4.4,Y
DP00268,Pooja H,Scooter,Part-time,4.15,N
DP11395,Santosh S,Scooter,Contract,4.44,Y
DP02187,Meena W,Scooter,Part-time,4.44,Y
DP09847,Rakesh V,Cycle,Full-time,4.6,Y
DP02909,Divya O,Scooter,Part-time,4.8,N
DP10109,Nikhil T,Scooter,Part-time,4.4,Y
DP03268,Kiran I,Bike,Full-time,4.08,N
DP04387,Vikas C,Cycle,Part-time,3.82,Y
DP09985,Ravi T,Scooter,Full-time,4.42,Y
DP02955,Rakesh U,Bike,Contract,3.6,Y
DP08314,Rahul Q,Scooter,Full-time,4.31,N
DP12200,Pooja C,Scooter,Contract,4.31,Y
DP03174,Neha Y,Bike,Contract,4.75,Y
DP04082,Divya D,Scooter,Part-time,4.14,Y
DP05965,Nikhil D,Car,Part-time,4.37,Y
DP13408,Kiran B,Bike,Full-time,4.47,Y
DP07284,Suresh C,Bike,Contract,4.32,Y
DP13232,Manoj D,Scooter,Full-time,4.24,Y
DP00266,Ananya T,Bike,Contract,4.25,Y
DP05185,Meena X,Scooter,Full-time,4.39,Y
DP02348,Rakesh W,Scooter,Part-time,4.14,Y
DP08616,Kiran O,Bike,Contract,4.79,N
DP04153,Ravi S,Bike,Contract,4.57,Y
DP09063,Priya H,Scooter,Part-time,4.04,Y
DP06428,Divya U,Bike,Full-time,4.54,Y
DP06149,Kiran X,Scooter,Part-time,4.17,Y
DP06553,Arjun T,Bike,Contract,3.62,Y
DP02128,Neha P,Bike,Contract,3.74,Y
DP13967,Deepak F,Scooter,Part-time,4.1,Y
DP06034,Santosh G,Scooter,Contract,3.98,N
DP10837,Manoj I,Bike,Full-time,4.37,Y
DP00627,Divya T,Bike,Contract,3.87,Y
DP12128,Rahul A,Bike,Full-time,4.44,Y
DP04384,Deepak G,Bike,Full-time,4.01,Y
DP04252,Santosh O,Scooter,Part-time,3.85,Y
DP14790,Ananya T,Bike,Full-time,4.44,Y
DP01763,Deepak Y,Bike,Contract,4.48,Y
DP13878,Nikhil H,Car,Full-time,3.8,Y
DP12642,Shreya F,Car,Part-time,4.14,Y
DP13826,Santosh I,Car,Full-time,4.13,Y
DP14892,Santosh Q,Cycle,Full-time,4.37,Y
DP06705,Deepak D,Bike,Full-time,4.02,Y
DP12521,Neha V,Bike,Full-time,4.22,Y
DP13849,Sneha Z,Bike,Full-time,4.46,Y
DP13306,Sneha O,Bike,Full-time,4.13,Y
DP06262,Deepak F,Scooter,Full-time,4.64,Y
DP00975,Deepak K,Bike,Full-time,3.88,Y
DP10377,Deepak H,Scooter,Part-time,3.61,Y
DP05042,Nikhil H,Scooter,Part-time,4.38,Y
DP10925,Meena V,Bike,Contract,4.42,Y
DP04702,Rahul E,Bike,Full-time,4.32,Y
DP01953,Meena P,Scooter,Full-time,4.58,Y
DP00205,Arjun Y,Bike,Contract,4.02,Y
DP09238,Pooja H,Scooter,Part-time,4.05,Y
DP03200,Manoj L,Bike,Full-time,4.01,N
DP13485,Deepak U,Car,Full-time,3.73,Y
DP12298,Meena X,Bike,Part-time,4.12,Y
DP11411,Santosh S,Bike,Contract,4.09,N
DP04097,Shreya G,Bike,Full-time,3.95,Y
DP03345,Kiran F,Scooter,Full-time,3.81,Y
DP05678,Ananya T,Cycle,Full-time,3.83,Y
DP05905,Vikas C,Scooter,Full-time,4.01,Y
DP09722,Vikas G,Scooter,Contract,4.23,Y
DP03828,Vikas A,Bike,Part-time,4.52,Y
DP13172,Ananya Q,Scooter,Contract,4.4,Y
DP04030,Deepak H,Scooter,Full-time,4.32,Y
DP13657,Vikas C,Scooter,Contract,3.97,Y
DP12827,Meena J,Bike,Full-time,4.28,Y
DP11145,Kiran J,Bike,Full-time,4.15,Y
DP05033,Rakesh B,Cycle,Part-time,4.3,Y
DP03891,Arjun G,Cycle,Contract,4.43,Y
DP14664,Pooja G,Scooter,Contract,4.4,Y
DP01035,Suresh I,Bike,Full-time,3.96,Y
DP10019,Pooja L,Cycle,Contract,4.6,Y
DP11603,Arjun C,Bike,Full-time,3.97,Y
DP14359,Divya K,Scooter,Part-time,4.78,Y
DP14618,Neha Y,Scooter,Full-time,4.6,Y
DP11418,Vikas I,Bike,Part-time,4.74,Y
DP01227,Pooja L,Bike,Part-time,3.46,Y
DP00009,Ananya V,Scooter,Full-time,4.05,Y
DP09449,Arjun Y,Car,Full-time,4.2,Y
DP03317,Nikhil L,Bike,Full-time,4.11,Y
DP06463,Meena L,Scooter,Full-time,4.15,Y
DP02118,Pooja V,Bike,Contract,4.54,Y
DP02653,Pooja Y,Bike,Full-time,4.56,Y
DP00445,Meena O,Bike,Full-time,4.47,Y
DP11301,Arjun X,Bike,Part-time,4.55,Y
DP08294,Priya S,Scooter,Full-time,4.33,N
DP06518,Meena C,Bike,Full-time,4.04,Y
DP09499,Priya Z,Cycle,Part-time,4.1,Y
DP08965,Suresh G,Cycle,Part-time,5,Y
DP06196,Neha Z,Bike,Part-time,4.48,Y
DP09655,Priya P,Scooter,Contract,4.19,Y
DP14932,Pooja Z,Bike,Part-time,4.04,Y
DP14000,Kiran Q,Scooter,Contract,4.36,Y
DP00824,Amit P,Bike,Full-time,3.94,Y
DP00408,Meena V,Scooter,Full-time,3.97,Y
DP08107,Santosh R,Bike,Part-time,4.48,Y
DP05337,Deepak M,Scooter,Contract,4.17,Y
DP04034,Amit T,Scooter,Full-time,4.27,Y
DP05282,Ravi H,Bike,Full-time,4.4,Y
DP10908,Pooja B,Bike,Full-time,3.84,Y
DP12632,Vikas K,Bike,Full-time,3.95,Y
DP03360,Santosh B,Cycle,Full-time,3.85,Y
DP09851,Nikhil C,Bike,Full-time,4.47,Y
DP03859,Nikhil Q,Scooter,Contract,3.62,Y
DP10397,Kiran G,Bike,Part-time,4.08,Y
DP01575,Rahul Y,Bike,Part-time,4.42,Y
DP02449,Santosh Y,Car,Full-time,4.1,Y
DP11473,Rakesh N,Bike,Part-time,3.67,Y
DP11930,Manoj U,Scooter,Full-time,4.49,Y
DP12307,Santosh U,Scooter,Part-time,4.39,Y
DP09608,Deepak Z,Scooter,Full-time,3.91,Y
DP02041,Arjun X,Scooter,Full-time,3.9,Y
DP08189,Priya E,Scooter,Part-time,4.09,Y
DP02026,Rahul M,Scooter,Contract,4.48,N
DP06867,Suresh O,Scooter,Full-time,4.66,Y
DP09910,Arjun O,Scooter,Full-time,4,Y
DP02502,Pooja W,Bike,Contract,3.85,Y
DP07353,Neha A,Bike,Full-time,3.76,Y
DP05832,Deepak G,Scooter,Contract,3.71,Y
DP09549,Nikhil F,Bike,Contract,3.81,Y
DP09174,Ravi U,Cycle,Contract,4.44,Y
DP03192,Manoj Z,Scooter,Full-time,3.72,Y
DP08471,Meena E,Cycle,Full-time,4.68,Y
DP02063,Priya U,Scooter,Part-time,3.84,Y
DP06237,Amit Y,Scooter,Part-time,4.15,Y
DP14747,Priya E,Scooter,Part-time,3.9,N
DP10830,Priya T,Bike,Part-time,4.17,Y
DP14351,Priya W,Cycle,Full-time,4.12,Y
DP03283,Kiran U,Cycle,Full-time,4.47,Y
DP01705,Amit C,Scooter,Part-time,4.16,Y
DP03001,Amit S,Bike,Full-time,4.18,Y
DP01689,Nikhil A,Cycle,Part-time,3.91,Y
DP12508,Priya O,Cycle,Full-time,4.07,Y
DP00878,Rahul H,Bike,Part-time,4.48,Y
DP11823,Pooja Q,Cycle,Full-time,4.03,Y
DP10494,Neha X,Scooter,Full-time,3.73,Y
DP03430,Meena T,Scooter,Full-time,3.54,Y
DP14309,Nikhil C,Scooter,Full-time,4.28,N
DP03621,Santosh S,Cycle,Full-time,4.34,Y
DP04285,Ravi I,Cycle,Full-time,4.61,Y
DP01320,Rakesh J,Scooter,Full-time,4.3,Y
DP04869,Ananya M,Scooter,Contract,4.09,Y
DP05697,Rakesh S,Scooter,Full-time,3.88,Y
DP05920,Ravi F,Cycle,Part-time,4.39,Y
DP13803,Meena O,Cycle,Part-time,4.18,N
DP13227,Vikas E,Bike,Full-time,3.83,Y
DP07471,Ravi N,Bike,Full-time,3.82,Y
DP00185,Nikhil U,Scooter,Full-time,4.11,Y
DP06052,Pooja R,Car,Contract,4.58,Y
DP03378,Rahul W,Cycle,Part-time,3.74,Y
DP09345,Amit S,Cycle,Part-time,4.33,Y
DP13838,Manoj H,Scooter,Contract,4.29,Y
DP11881,Meena L,Cycle,Full-time,3.54,Y
DP02171,Ravi W,Bike,Full-time,3.74,Y
DP06873,Deepak O,Cycle,Full-time,4.1,Y
DP03999,Priya P,Bike,Contract,4.88,Y
DP09039,Rakesh Q,Bike,Full-time,3.52,Y
DP02460,Manoj U,Scooter,Part-time,4.38,Y
DP12227,Arjun D,Car,Full-time,4.08,Y
DP14469,Vikas Z,Bike,Full-time,4.19,Y
DP13762,Amit B,Bike,Contract,4.32,Y
DP11907,Sneha C,Cycle,Full-time,3.63,Y
DP04493,Deepak B,Cycle,Full-time,4.26,Y
DP03515,Nikhil X,Bike,Full-time,4.53,Y
DP07706,Pooja V,Scooter,Contract,3.72,Y
DP05365,Nikhil W,Cycle,Full-time,3.95,Y
DP06498,Ravi I,Scooter,Part-time,4.06,Y
DP13183,Pooja C,Bike,Full-time,4.34,Y
DP04967,Deepak T,Scooter,Part-time,4.34,Y
DP04301,Meena V,Cycle,Part-time,4.56,Y
DP01216,Kiran B,Cycle,Full-time,4.38,Y
DP06035,Suresh N,Cycle,Full-time,4.06,Y
DP08935,Deepak M,Bike,Contract,4.9,Y
DP13065,Rahul J,Scooter,Part-time,4.07,Y
DP09158,Neha P,Bike,Contract,4.3,Y
DP06568,Arjun H,Scooter,Full-time,4.37,Y
DP03564,Nikhil U,Bike,Full-time,4.24,Y
DP11648,Amit Z,Bike,Full-time,3.9,Y
DP05962,Divya P,Scooter,Part-time,4.37,Y
DP00818,Santosh Q,Scooter,Full-time,4.23,Y
DP03974,Santosh S,Scooter,Part-time,4.62,N
DP00390,Deepak Y,Bike,Full-time,4.42,N
DP01619,Vikas S,Scooter,Full-time,4.66,Y
DP14949,Rakesh W,Bike,Full-time,4.15,Y
DP10907,Ravi F,Cycle,Full-time,4.39,N
DP07646,Pooja H,Scooter,Full-time,4.53,Y
DP09619,Ravi Q,Bike,Part-time,4.88,Y
DP08550,Amit Q,Bike,Full-time,3.85,N
DP14303,Vikas U,Bike,Full-time,4.5,N
DP06545,Shreya U,Scooter,Part-time,4.16,Y
DP12518,Shreya J,Bike,Contract,4.34,Y
DP01551,Arjun M,Cycle,Full-time,4.73,Y
DP04128,Amit O,Scooter,Full-time,4.59,Y
DP01648,Priya X,Cycle,Part-time,4.5,Y
DP01941,Priya O,Car,Part-time,4.42,Y
DP02566,Vikas U,Bike,Full-time,4.43,Y
DP04835,Deepak M,Scooter,Full-time,4.33,Y
DP14293,Rahul J,Bike,Part-time,4.31,Y
DP10675,Divya Y,Bike,Full-time,4.46,Y
DP06862,Amit F,Bike,Contract,4.1,Y
DP10313,Suresh L,Bike,Part-time,4.03,Y
DP07424,Meena L,Scooter,Contract,4.33,Y
DP08867,Santosh U,Car,Full-time,4.41,Y
DP10164,Priya P,Bike,Full-time,3.9,N
DP04403,Manoj G,Scooter,Part-time,4.46,Y
DP01835,Sneha S,Cycle,Part-time,4.29,Y
DP05680,Rakesh U,Car,Full-time,3.97,Y
DP05823,Nikhil P,Scooter,Part-time,4.37,N
DP13483,Santosh H,Car,Contract,3.83,Y
DP05256,Manoj I,Scooter,Part-time,4.13,Y
DP10933,Vikas G,Cycle,Full-time,4.6,Y
DP04085,Santosh M,Scooter,Full-time,3.65,Y
DP04514,Arjun Y,Scooter,Contract,4.2,N
DP08546,Rakesh H,Car,Contract,3.99,Y
DP14786,Nikhil V,Bike,Full-time,4.07,N
DP08176,Rakesh Y,Scooter,Part-time,4.14,Y
DP07555,Shreya W,Scooter,Part-time,4.43,Y
DP03911,Ananya K,Bike,Full-time,4.19,Y
DP14762,Meena C,Cycle,Full-time,4.18,Y
DP07545,Meena E,Scooter,Contract,3.82,N
DP02440,Pooja E,Bike,Full-time,4.26,Y
DP13668,Vikas R,Bike,Full-time,3.77,Y
DP02646,Manoj Q,Scooter,Full-time,4.3,Y
DP02664,Shreya U,Cycle,Full-time,3.71,Y
DP01630,Shreya M,Bike,Full-time,3.62,Y
DP08563,Suresh D,Cycle,Part-time,4.6,Y
DP05090,Ravi X,Scooter,Part-time,4.27,N
DP12554,Amit L,Cycle,Part-time,4.23,Y
DP00269,Arjun E,Cycle,Full-time,4.29,N
DP05108,Ravi Q,Cycle,Part-time,4.62,Y
DP09648,Meena F,Bike,Part-time,4.15,Y
DP05781,Shreya E,Bike,Full-time,4.56,Y
DP11234,Arjun O,Scooter,Full-time,4.18,Y
DP02587,Vikas V,Cycle,Part-time,3.63,N
DP07765,Kiran Y,Scooter,Part-time,4.21,Y
DP07236,Rakesh I,Bike,Contract,3.94,Y
DP12687,Rakesh N,Bike,Full-time,4.45,N
DP13890,Kiran U,Bike,Full-time,4.78,N
DP13095,Ravi X,Car,Contract,3.68,Y
DP04286,Vikas G,Scooter,Full-time,3.87,Y
DP12834,Nikhil B,Bike,Part-time,4.5,Y
DP08458,Kiran U,Bike,Contract,4.06,Y
DP03166,Shreya P,Scooter,Part-time,4.4,N
DP09519,Amit D,Scooter,Full-time,4.12,Y
DP07997,Ravi F,Scooter,Full-time,4.13,Y
DP05560,Kiran L,Scooter,Part-time,4.5,N
DP03981,Rakesh Y,Bike,Part-time,4.62,Y
DP00091,Amit B,Bike,Contract,4,Y
DP11390,Pooja Z,Bike,Full-time,3.96,Y
DP10020,Priya P,Bike,Full-time,4.8,Y
DP10299,Amit A,Bike,Full-time,4.11,Y
DP13785,Manoj C,Cycle,Contract,3.8,Y
DP13518,Sneha J,Scooter,Full-time,4.73,Y
DP10940,Rahul G,Scooter,Full-time,4.14,Y
DP13944,Pooja Y,Bike,Full-time,3.71,Y
DP13320,Pooja W,Bike,Contract,4.26,Y
DP01780,Ravi X,Bike,Part-time,4.19,Y
DP00520,Amit S,Cycle,Contract,4.61,Y
DP10300,Neha F,Bike,Part-time,4.3,Y
DP06758,Vikas O,Scooter,Full-time,4.7,Y
DP09453,Sneha T,Scooter,Part-time,4.57,Y
DP06208,Divya Q,Bike,Full-time,3.97,Y
DP04461,Santosh B,Scooter,Full-time,3.84,Y
DP07605,Santosh O,Bike,Full-time,3.85,Y
DP06764,Ananya F,Car,Full-time,4.62,Y
DP03083,Sneha R,Bike,Part-time,4,Y
DP05633,Deepak B,Cycle,Full-time,4.71,Y
DP02316,Vikas Y,Scooter,Full-time,4.91,Y
DP10124,Pooja P,Bike,Part-time,4.73,Y
DP11113,Suresh H,Bike,Part-time,4.37,Y
DP10440,Arjun K,Scooter,Contract,4.31,Y
DP03513,Pooja B,Scooter,Part-time,4.21,Y
DP07593,Sneha H,Cycle,Part-time,4.88,Y
DP03168,Amit Z,Bike,Contract,4.13,Y
DP05272,Suresh I,Cycle,Full-time,4.5,Y
DP02776,Arjun Y,Scooter,Full-time,4.37,Y
DP12520,Divya P,Car,Full-time,4.35,N
DP02424,Divya P,Scooter,Full-time,4.37,Y
DP10651,Meena D,Scooter,Contract,4.2,Y
DP04659,Deepak U,Bike,Full-time,4.26,Y
DP06136,Divya B,Scooter,Part-time,4.4,Y
DP08478,Pooja Y,Scooter,Part-time,4.46,Y
DP05087,Rakesh T,Bike,Part-time,4.75,Y
DP13059,Ananya D,Bike,Full-time,3.99,N
DP00035,Vikas L,Scooter,Full-time,4.16,Y
DP05311,Ananya O,Bike,Full-time,4.28,Y
DP06955,Priya V,Bike,Full-time,3.81,Y
DP11632,Nikhil E,Scooter,Contract,4.14,Y
DP06077,Vikas V,Bike,Full-time,4.2,Y
DP05561,Priya P,Bike,Full-time,4.27,Y
DP14324,Neha L,Car,Full-time,4.46,Y
DP13916,Amit C,Car,Contract,3.8,Y
DP00837,Amit A,Scooter,Full-time,4.38,Y
DP12375,Rahul J,Car,Contract,4.2,Y
DP04308,Arjun F,Scooter,Full-time,4.36,Y
DP07148,Amit K,Scooter,Full-time,3.63,Y
DP00699,Sneha C,Bike,Part-time,3.83,Y
DP11941,Priya B,Cycle,Part-time,3.97,Y
DP09625,Ananya W,Scooter,Contract,4.59,Y
DP07320,Shreya U,Scooter,Full-time,4.5,Y
DP01399,Divya Q,Scooter,Full-time,4.84,N
DP00909,Pooja Q,Car,Full-time,4.29,Y
DP11120,Amit X,Bike,Full-time,4.65,Y
DP01155,Ravi M,Bike,Full-time,3.7,Y
DP05147,Neha A,Bike,Full-time,4.37,Y
DP12597,Manoj F,Bike,Part-time,3.98,Y
DP11009,Kiran X,Bike,Full-time,4.5,Y
DP12728,Ravi N,Cycle,Part-time,4.2,Y
DP05177,Sneha X,Bike,Part-time,3.97,Y
DP04237,Kiran P,Scooter,Full-time,4.27,Y
DP01741,Amit Z,Scooter,Full-time,3.84,Y
DP07857,Pooja F,Bike,Full-time,3.93,Y
DP12403,Kiran V,Scooter,Contract,4.2,Y
DP05346,Shreya P,Bike,Part-time,4.48,Y
DP10580,Priya B,Scooter,Part-time,4.72,Y
DP14045,Sneha T,Cycle,Full-time,4.3,Y
DP08480,Santosh Z,Car,Full-time,4.49,N
DP13897,Rakesh G,Bike,Part-time,4.3,Y
DP03262,Suresh I,Bike,Full-time,3.84,Y
DP06542,Amit B,Scooter,Part-time,4.18,Y
DP12241,Arjun M,Bike,Part-time,4.59,Y
DP07713,Suresh K,Bike,Part-time,4.3,N
DP13812,Shreya H,Bike,Part-time,4.03,Y
DP13809,Manoj U,Bike,Full-time,4.15,Y
DP06456,Sneha P,Bike,Full-time,4.36,Y
DP06274,Suresh H,Bike,Full-time,4.27,Y
DP00190,Divya X,Scooter,Full-time,3.81,N
DP10994,Ananya R,Scooter,Full-time,4.18,Y
DP04606,Vikas D,Scooter,Contract,4.16,Y
DP09118,Suresh B,Scooter,Part-time,3.65,N
DP08746,Nikhil D,Cycle,Part-time,4,Y
DP08634,Suresh Y,Scooter,Full-time,3.99,Y
DP08622,Rakesh M,Bike,Part-time,4.36,Y
DP00925,Manoj J,Bike,Part-time,3.72,Y
DP05760,Ravi N,Bike,Full-time,4.6,Y
DP13940,Rakesh D,Cycle,Part-time,4.34,Y
DP06852,Priya E,Scooter,Contract,4.39,Y
DP09138,Ravi X,Bike,Contract,4.51,Y
DP06495,Priya S,Bike,Part-time,4.56,Y
DP01968,Kiran W,Bike,Full-time,4.04,N
DP09643,Vikas R,Bike,Contract,4.25,Y
DP06514,Suresh C,Bike,Part-time,4.21,Y
DP07781,Rakesh O,Car,Full-time,3.53,N
DP08440,Suresh J,Scooter,Full-time,4.65,Y
DP11044,Rakesh A,Cycle,Full-time,4.16,Y
DP09332,Rakesh N,Scooter,Full-time,3.92,Y
DP00298,Vikas B,Scooter,Full-time,3.8,N
DP07524,Meena R,Scooter,Full-time,4.45,Y
DP02130,Shreya F,Car,Full-time,4.04,Y
DP06858,Amit B,Cycle,Contract,3.63,Y
DP02942,Shreya D,Scooter,Full-time,4.34,Y
DP05615,Manoj P,Bike,Full-time,4.28,Y
DP10150,Divya L,Scooter,Full-time,4.22,Y
DP13596,Meena F,Scooter,Contract,4.59,N
DP14794,Priya S,Scooter,Contract,4.22,Y
DP02886,Shreya R,Cycle,Part-time,4.21,Y
DP02517,Amit V,Bike,Full-time,4.06,Y
DP07674,Rakesh V,Scooter,Part-time,3.87,N
DP13013,Kiran S,Car,Full-time,4.61,Y
DP00020,Meena F,Scooter,Contract,4.22,Y
DP04485,Arjun I,Bike,Full-time,4.44,Y
DP11633,Deepak Q,Bike,Part-time,3.81,Y
DP11669,Suresh X,Scooter,Full-time,4.21,Y
DP01215,Sneha O,Bike,Part-time,4.52,Y
DP13740,Manoj Y,Scooter,Part-time,4.24,Y
DP04500,Amit Z,Cycle,Contract,4.3,Y
DP10248,Rakesh V,Bike,Contract,3.97,N
DP06756,Divya H,Bike,Full-time,4.26,Y
DP10645,Arjun X,Bike,Part-time,4.84,Y
DP12670,Nikhil X,Scooter,Part-time,3.97,N
DP00662,Amit U,Bike,Full-time,4.14,Y
DP14705,Rakesh Z,Scooter,Full-time,4.23,Y
DP07177,Shreya C,Bike,Part-time,4.28,N
DP00051,Nikhil R,Scooter,Full-time,4.16,Y
DP00474,Shreya T,Scooter,Full-time,4.02,Y
DP00115,Ananya K,Bike,Contract,3.7,Y
DP14937,Rakesh U,Scooter,Full-time,4.19,Y
DP13166,Meena V,Scooter,Contract,3.76,Y
DP10510,Ravi X,Bike,Part-time,4.65,Y
DP00362,Deepak F,Bike,Contract,4.15,Y
DP01103,Vikas E,Bike,Full-time,4.08,N
DP06995,Kiran W,Bike,Full-time,3.83,N
DP14457,Arjun W,Scooter,Contract,4.23,Y
DP13334,Neha H,Cycle,Part-time,4.31,Y
DP05369,Ravi I,Car,Part-time,4.84,Y
DP00354,Deepak K,Scooter,Full-time,4.38,Y
DP06084,Sneha V,Scooter,Full-time,4.32,Y
DP08132,Vikas V,Bike,Part-time,3.92,Y
DP02729,Divya L,Scooter,Full-time,4.13,Y
DP11494,Amit X,Scooter,Full-time,4.2,Y
DP12252,Priya Q,Bike,Full-time,4.19,N
DP03046,Arjun R,Scooter,Full-time,4.28,Y
DP02703,Manoj F,Scooter,Full-time,4.43,Y
DP04463,Priya V,Bike,Contract,4.32,Y
DP12587,Ananya E,Bike,Full-time,4.42,Y
DP14153,Rakesh A,Scooter,Contract,4.49,Y
DP08461,Amit S,Bike,Full-time,4.32,Y
DP13448,Divya J,Scooter,Part-time,4.29,Y
DP06864,Arjun P,Scooter,Contract,4.04,Y
DP05348,Suresh L,Bike,Full-time,4.19,Y
DP07267,Nikhil B,Scooter,Part-time,4.31,Y
DP14025,Shreya K,Bike,Contract,3.83,Y
DP04330,Rakesh X,Scooter,Contract,4.18,Y
DP12930,Arjun Y,Cycle,Full-time,3.59,Y
DP04733,Divya I,Scooter,Contract,4.02,Y
DP06791,Shreya D,Bike,Full-time,4.51,Y
DP12072,Nikhil S,Scooter,Contract,4.43,Y
DP00344,Rakesh P,Scooter,Part-time,4.19,Y
DP08427,Vikas M,Bike,Full-time,4.48,Y
DP04310,Pooja V,Cycle,Full-time,4.13,Y
DP13915,Meena L,Scooter,Part-time,4.59,Y
DP04804,Pooja W,Scooter,Full-time,4.15,N
DP06352,Neha V,Cycle,Full-time,4.02,Y
DP13273,Sneha L,Bike,Full-time,3.43,Y
DP13766,Priya G,Bike,Part-time,4.36,Y
DP08090,Manoj Y,Bike,Part-time,4.2,Y
DP14502,Vikas D,Scooter,Full-time,4,Y
DP04669,Arjun S,Scooter,Contract,4.17,Y
DP14398,Suresh C,Bike,Part-time,4.58,N
DP04175,Pooja P,Bike,Part-time,4.61,Y
DP12525,Shreya B,Bike,Part-time,4.04,Y
DP07601,Santosh H,Bike,Full-time,3.88,Y
DP08704,Vikas C,Bike,Contract,4.06,Y
DP02563,Vikas X,Bike,Part-time,4.5,Y
DP03479,Manoj E,Scooter,Full-time,3.99,Y
DP04784,Rakesh G,Scooter,Part-time,4.46,Y
DP03906,Rakesh U,Car,Contract,4.01,Y
DP01605,Divya H,Bike,Part-time,4.66,N
DP00227,Rakesh U,Cycle,Full-time,3.99,N
DP10702,Divya R,Scooter,Full-time,4.15,Y
DP02100,Rahul B,Scooter,Full-time,4.62,Y
DP11063,Pooja V,Bike,Part-time,4.54,Y
DP00610,Pooja S,Scooter,Full-time,3.81,Y
DP09502,Meena I,Scooter,Part-time,4.8,Y
DP12379,Arjun J,Bike,Contract,3.89,Y
DP10737,Ananya U,Scooter,Full-time,4.07,Y
DP10026,Vikas Q,Cycle,Contract,4.18,N
DP06100,Amit B,Scooter,Full-time,4.13,Y
DP00737,Nikhil U,Scooter,Full-time,4.06,N
DP11448,Amit U,Bike,Contract,4.58,Y
DP09409,Manoj V,Scooter,Full-time,4.03,Y
DP14076,Rakesh D,Bike,Full-time,3.92,Y
DP03010,Divya A,Cycle,Full-time,4.27,Y
DP04770,Divya G,Bike,Full-time,3.35,Y
DP10855,Neha Y,Scooter,Full-time,3.72,Y
DP04478,Vikas N,Scooter,Contract,4.52,Y
DP14258,Neha X,Scooter,Part-time,3.91,Y
DP04531,Manoj G,Bike,Full-time,3.91,Y
DP14772,Manoj I,Bike,Part-time,3.9,Y
DP04750,Ananya Z,Cycle,Full-time,4.18,Y
DP04055,Rakesh T,Bike,Contract,4.25,Y
DP11788,Ananya V,Bike,Part-time,4.42,Y
DP07586,Kiran P,Bike,Full-time,4.73,Y
DP14150,Kiran S,Cycle,Full-time,4.39,Y
DP09213,Vikas R,Bike,Contract,3.93,Y
DP00083,Ravi B,Scooter,Full-time,4.49,Y
DP05515,Santosh W,Bike,Contract,4.36,Y
DP01161,Divya R,Scooter,Full-time,4.19,Y
DP14154,Vikas A,Scooter,Full-time,3.97,Y
DP05068,Amit N,Cycle,Full-time,4.31,N
DP06700,Ravi Y,Scooter,Full-time,4.62,Y
DP11606,Sneha M,Scooter,Full-time,4.2,Y
DP14570,Ravi S,Scooter,Full-time,4.74,Y
DP09787,Divya Q,Cycle,Part-time,4.28,Y
DP03642,Amit F,Bike,Contract,4.36,Y
DP11586,Arjun A,Bike,Full-time,4.14,Y
DP06555,Shreya W,Scooter,Contract,4.39,N
DP09803,Rakesh N,Scooter,Full-time,4.12,Y
DP00187,Manoj U,Bike,Contract,4.01,Y
DP11804,Ravi H,Cycle,Part-time,3.67,Y
DP03524,Sneha J,Bike,Full-time,3.81,Y
DP00986,Rahul E,Bike,Full-time,4.31,Y
DP04992,Vikas Y,Scooter,Part-time,3.98,Y
DP12671,Ananya B,Scooter,Full-time,4.59,Y
DP06638,Meena B,Scooter,Contract,4.66,Y
DP14144,Priya Q,Cycle,Contract,4.47,Y
DP08552,Rakesh Q,Scooter,Part-time,4.03,N
DP04053,Rakesh Z,Cycle,Contract,3.6,Y
DP01050,Rakesh L,Bike,Full-time,4.5,Y
DP07460,Suresh B,Cycle,Full-time,3.73,Y
DP00983,Manoj K,Cycle,Part-time,3.92,Y
DP05485,Neha C,Scooter,Part-time,4.38,Y
DP06439,Neha R,Bike,Part-time,4.6,Y
DP00525,Deepak I,Scooter,Contract,4.51,N
DP06664,Rakesh Y,Bike,Full-time,3.81,Y
DP14255,Ananya A,Bike,Full-time,4.18,Y
DP12878,Rahul G,Scooter,Full-time,4.23,Y
DP10555,Manoj I,Scooter,Contract,4.43,Y
DP06247,Manoj D,Bike,Full-time,3.2,Y
DP03925,Amit P,Scooter,Full-time,4.34,Y
DP09905,Meena N,Scooter,Part-time,4.8,Y
DP02234,Priya N,Bike,Part-time,3.77,Y
DP11858,Manoj D,Cycle,Full-time,4.46,Y
DP12329,Divya T,Scooter,Full-time,4.42,Y
DP06661,Deepak Q,Cycle,Part-time,4.21,Y
DP05314,Rahul Y,Bike,Contract,4.21,Y
DP10526,Neha B,Cycle,Part-time,4.75,Y
DP11644,Vikas S,Bike,Contract,3.57,Y
DP03342,Rahul B,Scooter,Part-time,3.65,Y
DP11754,Sneha W,Cycle,Full-time,3.95,Y
DP14295,Santosh W,Bike,Full-time,4.36,Y
DP09136,Pooja P,Scooter,Full-time,3.91,Y
DP09116,Kiran Q,Cycle,Part-time,4.5,Y
DP14167,Pooja F,Scooter,Full-time,4.12,N
DP14844,Shreya S,Bike,Part-time,4.51,Y
DP09553,Deepak U,Scooter,Full-time,4.27,N
DP14518,Ravi N,Bike,Part-time,4.47,Y
DP08811,Arjun D,Cycle,Contract,3.69,Y
DP05817,Santosh X,Scooter,Contract,4.4,Y
DP07030,Shreya W,Scooter,Full-time,4.67,Y
DP07156,Neha M,Scooter,Full-time,3.78,Y
DP00163,Santosh W,Bike,Full-time,4.69,N
DP11299,Manoj J,Scooter,Part-time,4.23,Y
DP08380,Ananya E,Scooter,Part-time,4.03,Y
DP09076,Pooja F,Bike,Full-time,4.59,Y
DP11728,Deepak R,Car,Full-time,4.09,Y
DP12376,Priya P,Car,Full-time,4.14,N
DP12850,Pooja G,Bike,Part-time,3.88,Y
DP05229,Pooja Q,Cycle,Contract,4.45,Y
DP04561,Rahul S,Bike,Full-time,4.58,N
DP11567,Santosh R,Bike,Part-time,4.36,Y
DP11106,Divya T,Cycle,Part-time,3.97,Y
DP12713,Sneha J,Scooter,Full-time,4.43,Y
DP00319,Ananya A,Scooter,Part-time,4.1,Y
DP01349,Rahul G,Scooter,Full-time,4.42,Y
DP00039,Nikhil Q,Scooter,Part-time,4.34,Y
DP08708,Rakesh S,Scooter,Full-time,4.11,Y
DP07499,Deepak N,Scooter,Full-time,3.86,Y
DP10295,Kiran A,Cycle,Part-time,4.19,Y
DP07851,Ravi R,Cycle,Part-time,3.5,Y
DP06612,Suresh D,Bike,Full-time,4.62,Y
DP12367,Vikas A,Car,Full-time,4.22,Y
DP04430,Suresh R,Scooter,Part-time,3.99,Y
DP13800,Arjun G,Bike,Part-time,3.86,Y
DP01495,Divya H,Scooter,Full-time,4.23,Y
DP00043,Priya C,Scooter,Full-time,3.54,Y
DP00862,Vikas C,Cycle,Full-time,4.89,Y
DP04457,Deepak E,Cycle,Part-time,4.33,Y
DP05103,Deepak E,Scooter,Full-time,4.01,Y
DP12164,Rakesh V,Bike,Full-time,4.27,Y
DP05739,Pooja B,Scooter,Full-time,4.34,Y
DP02804,Arjun J,Scooter,Full-time,4.65,Y
DP14397,Arjun Y,Scooter,Full-time,4.58,Y
DP07682,Rahul G,Bike,Contract,4.15,Y
DP14610,Ananya A,Bike,Part-time,3.28,Y
DP14055,Kiran R,Car,Part-time,4.08,Y
DP04078,Kiran I,Scooter,Part-time,4.54,Y
DP03422,Ravi X,Bike,Full-time,4,N
DP10666,Rahul C,Bike,Part-time,4.13,Y
DP01400,Rakesh N,Bike,Full-time,4.28,Y
DP08797,Vikas S,Scooter,Full-time,4.44,Y
DP03465,Amit N,Bike,Full-time,4.26,Y
DP04332,Nikhil N,Bike,Part-time,5,Y
DP10550,Vikas T,Bike,Contract,4.25,Y
DP09657,Priya L,Bike,Contract,4.6,Y
DP13851,Rakesh L,Cycle,Full-time,3.99,Y
DP11486,Suresh R,Cycle,Full-time,4.31,Y
DP04376,Divya R,Scooter,Contract,4.03,Y
DP14138,Vikas W,Cycle,Part-time,4.32,Y
DP09842,Amit O,Scooter,Part-time,3.61,Y
DP00819,Vikas N,Bike,Full-time,4.22,Y
DP02442,Sneha E,Bike,Full-time,4.35,Y
DP09926,Santosh J,Bike,Part-time,4.69,Y
DP09360,Rakesh H,Scooter,Full-time,4.15,Y
DP00460,Rakesh D,Scooter,Contract,4.04,N
DP14532,Priya I,Scooter,Part-time,4.41,Y
DP02284,Pooja I,Bike,Full-time,4.18,Y
DP04321,Ravi Q,Car,Full-time,3.96,Y
DP10786,Deepak M,Bike,Full-time,4.76,Y
DP01423,Nikhil Y,Scooter,Full-time,4.3,Y
DP12995,Sneha W,Scooter,Contract,4.73,Y
DP14869,Rahul I,Scooter,Contract,3.08,Y
DP12837,Rahul O,Bike,Contract,4.33,Y
DP02000,Ananya R,Cycle,Part-time,4.72,N
DP07767,Neha X,Bike,Contract,4.11,Y
DP12862,Divya F,Bike,Full-time,3.98,Y
DP00475,Manoj R,Scooter,Part-time,4.81,Y
DP05333,Deepak L,Bike,Full-time,4.52,Y
DP03312,Santosh H,Bike,Full-time,4.11,Y
DP14013,Rahul Q,Bike,Part-time,4.27,Y
DP02629,Vikas I,Bike,Full-time,4.4,Y
DP08136,Vikas Q,Scooter,Full-time,3.99,Y
DP03075,Amit Z,Scooter,Full-time,4.01,Y
DP01051,Suresh H,Bike,Full-time,4.55,N
DP01714,Vikas P,Bike,Contract,4.61,Y
DP12908,Amit J,Bike,Full-time,4.14,N
DP06315,Rakesh J,Bike,Part-time,4.37,N
DP07344,Shreya O,Bike,Contract,3.78,Y
DP07633,Sneha Y,Scooter,Part-time,4.56,Y
DP04608,Neha T,Bike,Full-time,4.12,Y
DP10576,Ravi K,Scooter,Full-time,4.45,Y
DP00966,Sneha L,Bike,Full-time,3.88,N
DP09899,Manoj Z,Scooter,Part-time,4.47,Y
DP05383,Meena N,Scooter,Contract,4.75,Y
DP01461,Santosh B,Scooter,Part-time,4.21,Y
DP11336,Nikhil P,Car,Part-time,4.06,Y
DP03702,Ananya Q,Bike,Full-time,4.2,Y
DP07890,Kiran K,Scooter,Part-time,3.53,Y
DP00492,Neha A,Scooter,Part-time,3.77,Y
DP14157,Amit V,Bike,Contract,4.02,Y
DP04487,Santosh S,Scooter,Full-time,4.59,N
DP01039,Manoj Y,Cycle,Part-time,4.29,Y
DP02936,Priya G,Bike,Part-time,3.77,Y
DP02576,Neha U,Bike,Part-time,4.06,N
DP06484,Santosh E,Scooter,Full-time,3.93,Y
DP11811,Rahul F,Cycle,Contract,3.81,Y
DP02822,Sneha B,Cycle,Full-time,4.51,Y
DP08969,Rakesh Z,Bike,Full-time,3.94,Y
DP09700,Manoj P,Scooter,Full-time,3.77,Y
DP11397,Vikas Y,Scooter,Part-time,4.7,Y
DP10034,Rahul S,Scooter,Part-time,4.64,Y
DP12169,Meena S,Scooter,Full-time,4.34,Y
DP06164,Sneha Z,Bike,Full-time,3.95,Y
DP01460,Pooja Y,Scooter,Full-time,3.99,Y
DP00955,Vikas Q,Bike,Part-time,4.34,Y
DP13926,Pooja K,Scooter,Part-time,4.15,Y
DP01091,Divya K,Scooter,Contract,4.28,Y
DP06505,Neha H,Scooter,Contract,4.07,Y
DP05430,Ananya G,Bike,Contract,3.79,Y
DP00970,Manoj H,Bike,Contract,4.25,Y
DP07489,Ravi O,Cycle,Full-time,4.06,Y
DP13038,Neha Z,Cycle,Full-time,3.8,Y
DP10615,Amit L,Scooter,Part-time,4.12,Y
DP06252,Manoj N,Scooter,Full-time,4.42,Y
DP03241,Divya X,Bike,Full-time,3.97,Y
DP06755,Pooja U,Cycle,Contract,4.55,Y
DP04239,Neha O,Scooter,Part-time,4.45,N
DP00210,Manoj T,Cycle,Full-time,4.13,Y
DP00003,Suresh I,Cycle,Part-time,4.45,Y
DP03805,Neha M,Bike,Part-time,4.03,N
DP01547,Priya K,Scooter,Full-time,3.87,Y
DP09580,Vikas G,Bike,Full-time,4.17,Y
DP06847,Divya L,Bike,Part-time,3.83,Y
DP07241,Suresh L,Bike,Full-time,4.61,Y
DP09692,Manoj N,Scooter,Full-time,4.2,Y
DP09737,Deepak N,Scooter,Full-time,4.34,Y
DP10771,Manoj F,Bike,Full-time,4.29,Y
DP04049,Meena W,Scooter,Contract,4.37,Y
DP02098,Neha A,Scooter,Part-time,4.43,Y
DP08430,Shreya K,Cycle,Full-time,4.23,Y
DP00763,Deepak H,Bike,Contract,4.63,Y
DP10574,Kiran E,Bike,Full-time,4.36,Y
DP12408,Deepak R,Cycle,Full-time,4.18,Y
DP12831,Priya S,Bike,Part-time,4.24,Y
DP14468,Pooja S,Scooter,Full-time,4.82,Y
DP13155,Manoj V,Bike,Full-time,4.48,Y
DP01825,Divya C,Scooter,Full-time,3.84,Y
DP09526,Shreya H,Bike,Part-time,4.13,Y
DP07872,Santosh G,Scooter,Part-time,4.13,Y
DP00774,Sneha W,Bike,Full-time,4.29,N
DP09390,Vikas E,Bike,Part-time,4.25,Y
DP03416,Suresh F,Bike,Full-time,3.91,Y
DP08386,Ravi W,Cycle,Full-time,3.73,Y
DP00567,Suresh X,Bike,Part-time,4.09,Y
DP04274,Nikhil R,Scooter,Full-time,4.35,Y
DP09772,Deepak X,Cycle,Full-time,4.32,Y
DP13895,Rahul B,Bike,Part-time,4.35,Y
DP06747,Deepak N,Bike,Full-time,3.8,Y
DP13832,Deepak H,Scooter,Contract,4.19,Y
DP08960,Deepak X,Scooter,Full-time,4.08,Y
DP01996,Suresh D,Bike,Full-time,3.9,Y
DP07248,Santosh T,Bike,Part-time,4.19,Y
DP09550,Divya L,Scooter,Part-time,4.09,N
DP00461,Meena L,Bike,Part-time,4.27,Y
DP07863,Nikhil S,Scooter,Part-time,4.15,N
DP08411,Rahul G,Bike,Full-time,4.12,Y
DP00478,Divya V,Car,Part-time,4.15,Y
DP12928,Nikhil X,Cycle,Part-time,3.79,Y
DP11914,Divya R,Scooter,Full-time,3.99,N
DP03975,Suresh X,Bike,Part-time,4.11,Y
DP05132,Rahul B,Cycle,Contract,4.17,Y
DP07933,Nikhil G,Scooter,Full-time,4.19,Y
DP12295,Suresh C,Cycle,Full-time,3.57,Y
DP06616,Meena D,Bike,Part-time,4.05,Y
DP12534,Manoj E,Bike,Full-time,3.92,Y
DP01419,Arjun Q,Bike,Contract,4.66,Y
DP06921,Suresh O,Scooter,Contract,4.37,Y
DP06990,Priya U,Scooter,Part-time,4.42,N
DP06257,Amit X,Scooter,Full-time,3.96,Y
DP07778,Neha V,Scooter,Full-time,3.91,Y
DP10760,Amit E,Bike,Full-time,4.29,Y
DP10957,Vikas A,Scooter,Part-time,4.08,Y
DP10833,Priya Y,Bike,Contract,4.1,Y
DP02120,Divya H,Bike,Part-time,3.77,Y
DP11057,Shreya M,Bike,Full-time,4.32,Y
DP12692,Manoj N,Scooter,Full-time,4.04,Y
DP03063,Vikas K,Bike,Full-time,3.77,Y
DP14689,Neha U,Bike,Full-time,4.63,Y
DP02202,Nikhil R,Bike,Full-time,4.32,Y
DP02393,Pooja X,Scooter,Full-time,3.77,Y
DP13204,Ravi K,Car,Full-time,4.29,N
DP05235,Amit A,Bike,Contract,3.93,Y
DP09474,Meena A,Bike,Part-time,4.3,Y
DP11206,Neha O,Scooter,Full-time,4.33,Y
DP05545,Suresh Z,Bike,Full-time,4.1,Y
DP09668,Nikhil I,Bike,Part-time,4.8,Y
DP10654,Sneha K,Bike,Full-time,4.09,Y
DP03712,Nikhil E,Scooter,Part-time,4.08,Y
DP03912,Divya K,Cycle,Full-time,4.47,Y
DP06768,Priya M,Bike,Part-time,4.46,N
DP00422,Ravi W,Scooter,Full-time,4.71,Y
DP08628,Nikhil G,Cycle,Full-time,4.18,Y
DP14291,Priya L,Bike,Part-time,4.28,Y
DP01043,Shreya D,Bike,Contract,4.51,N
DP14318,Deepak E,Bike,Contract,4.12,Y
DP01331,Santosh Z,Scooter,Contract,4.24,Y
DP14616,Ananya A,Scooter,Contract,4.15,Y
DP00130,Rakesh R,Scooter,Full-time,4.21,Y
DP13739,Deepak U,Cycle,Full-time,4.02,Y
DP14671,Sneha S,Cycle,Full-time,4.58,Y
DP06357,Neha R,Scooter,Full-time,3.82,Y
DP03403,Rahul S,Cycle,Full-time,3.8,Y
DP12879,Ananya T,Bike,Contract,3.93,Y
DP08584,Deepak S,Scooter,Full-time,4.54,Y
DP14041,Neha P,Cycle,Full-time,3.89,Y
DP11609,Arjun R,Scooter,Part-time,3.95,Y
DP05212,Nikhil V,Scooter,Part-time,4.32,Y
DP03838,Amit D,Bike,Full-time,4.44,Y
DP08439,Priya E,Bike,Full-time,3.62,Y
DP01761,Pooja P,Cycle,Part-time,3.92,Y
DP01513,Shreya T,Scooter,Part-time,4.31,Y
DP12441,Santosh V,Bike,Part-time,4.11,Y
DP14491,Meena J,Bike,Part-time,4.7,Y
DP14002,Ananya A,Bike,Contract,4.06,Y
DP08872,Sneha M,Bike,Full-time,3.91,Y
DP07010,Deepak T,Cycle,Full-time,4.4,Y
DP02900,Manoj K,Bike,Part-time,4.55,Y
DP03697,Suresh J,Bike,Part-time,4.05,N
DP10512,Suresh B,Scooter,Full-time,3.98,Y
DP04362,Rahul Q,Bike,Part-time,4.51,Y
DP13158,Pooja Q,Scooter,Full-time,4.42,Y
DP08348,Rahul K,Scooter,Full-time,4.63,Y
DP03938,Meena B,Cycle,Full-time,3.75,Y
DP01738,Santosh Z,Scooter,Full-time,4.5,Y
DP01764,Vikas K,Car,Part-time,4.16,Y
DP02791,Kiran I,Bike,Full-time,4.37,Y
DP07981,Kiran E,Scooter,Part-time,4.32,Y
DP03237,Santosh S,Scooter,Part-time,4.32,Y
DP11580,Santosh R,Bike,Full-time,4.03,Y
DP11174,Vikas Z,Bike,Part-time,4.83,Y
DP11791,Pooja O,Car,Full-time,4.68,Y
DP06952,Pooja M,Cycle,Full-time,4.35,Y
DP04681,Rahul N,Scooter,Part-time,3.83,Y
DP14622,Amit F,Cycle,Contract,4.14,Y
DP07910,Santosh V,Cycle,Full-time,4.88,Y
DP06492,Ananya N,Car,Full-time,3.76,Y
DP02785,Ravi B,Bike,Full-time,3.86,Y
DP01976,Shreya L,Bike,Part-time,4.41,Y
DP05675,Pooja I,Cycle,Full-time,4.34,Y
DP01085,Deepak D,Car,Full-time,4.12,Y
DP12086,Vikas X,Bike,Full-time,4.24,Y
DP13480,Priya C,Scooter,Contract,4.53,Y
DP10974,Santosh S,Bike,Full-time,4.56,Y
DP09354,Suresh W,Cycle,Part-time,4.51,N
DP03500,Pooja S,Scooter,Part-time,4.4,Y
DP08861,Vikas Y,Scooter,Contract,3.84,Y
DP11645,Ananya D,Bike,Full-time,4.47,Y
DP02561,Arjun N,Scooter,Part-time,4.45,N
DP07604,Rakesh D,Scooter,Full-time,4.36,Y
DP14727,Vikas F,Cycle,Full-time,4.46,Y
DP06663,Rahul C,Bike,Contract,4.63,Y
DP14514,Priya N,Scooter,Part-time,4.59,Y
DP06820,Ananya Q,Bike,Part-time,4.09,Y
DP05756,Arjun V,Scooter,Full-time,3.64,Y
DP05596,Nikhil Q,Scooter,Full-time,4.25,Y
DP01262,Kiran Q,Car,Full-time,4.63,Y
DP01447,Sneha V,Car,Part-time,4.16,Y
DP08793,Ananya K,Bike,Part-time,4.23,Y
DP07699,Pooja P,Car,Contract,4.11,Y
DP12053,Rahul C,Scooter,Full-time,3.83,Y
DP02477,Suresh P,Bike,Part-time,3.72,N
DP09497,Rahul A,Car,Contract,3.98,Y
DP01885,Suresh N,Scooter,Contract,4.28,N
DP10215,Amit J,Bike,Contract,4.4,Y
DP01563,Vikas R,Cycle,Part-time,3.81,N
DP07893,Vikas S,Bike,Part-time,3.92,Y
DP14009,Priya U,Scooter,Contract,4.07,Y
DP04026,Priya K,Bike,Contract,4.31,Y
DP13922,Vikas R,Bike,Contract,4.31,Y
DP11249,Santosh X,Scooter,Full-time,3.97,Y
DP08691,Rahul I,Bike,Full-time,4.73,N
DP10798,Deepak M,Bike,Contract,4.3,Y
DP01897,Divya J,Bike,Contract,3.47,Y
DP07951,Shreya Z,Cycle,Contract,3.91,Y
DP05599,Meena B,Bike,Full-time,4.15,Y
DP08738,Ravi O,Bike,Contract,4.33,N
DP10382,Rahul U,Scooter,Full-time,4.53,Y
DP05133,Kiran M,Bike,Part-time,4.21,N
DP08196,Meena D,Scooter,Full-time,4.47,Y
DP03944,Priya Y,Scooter,Full-time,4.4,Y
DP02772,Sneha S,Scooter,Full-time,4.34,Y
DP13367,Santosh C,Bike,Contract,4.3,Y
DP08103,Divya I,Bike,Full-time,4.33,Y
DP13011,Deepak R,Bike,Full-time,3.71,Y
DP05989,Kiran U,Cycle,Full-time,4.52,Y
DP08664,Kiran S,Bike,Part-time,4.19,Y
DP05733,Divya B,Bike,Full-time,3.9,Y
DP02696,Meena W,Cycle,Contract,4.42,Y
DP12470,Vikas H,Bike,Full-time,4.03,Y
DP00919,Suresh I,Cycle,Full-time,3.64,Y
DP12576,Kiran P,Car,Part-time,4.25,Y
DP06890,Divya W,Bike,Full-time,4.35,Y
DP03084,Amit D,Bike,Part-time,4.09,Y
DP14466,Vikas C,Bike,Full-time,4.15,Y
DP08874,Priya M,Scooter,Part-time,4.5,Y
DP13588,Deepak P,Bike,Full-time,4.86,N
DP11130,Vikas A,Scooter,Part-time,4.23,Y
DP02387,Pooja L,Cycle,Part-time,4.38,Y
DP10571,Kiran D,Bike,Full-time,3.85,Y
DP13365,Kiran I,Car,Contract,3.83,Y
DP05327,Sneha P,Scooter,Part-time,4.76,Y
DP12301,Meena A,Car,Part-time,4.24,Y
DP09788,Priya A,Scooter,Full-time,4.2,Y
DP07960,Priya X,Bike,Full-time,4.72,Y
DP14375,Vikas W,Bike,Contract,4.06,Y
DP13174,Divya F,Bike,Part-time,3.95,Y
DP12849,Deepak U,Car,Full-time,3.82,Y
DP03140,Santosh Q,Car,Part-time,4.37,Y
DP05016,Shreya M,Cycle,Full-time,3.79,Y
DP12183,Pooja R,Bike,Part-time,4.17,Y
DP04060,Pooja X,Bike,Part-time,4.19,Y
DP03053,Suresh R,Scooter,Part-time,3.77,Y
DP01311,Kiran C,Cycle,Part-time,4.42,Y
DP05867,Rahul L,Cycle,Full-time,4,Y
DP14795,Pooja M,Bike,Part-time,4.56,Y
DP06276,Ravi O,Bike,Full-time,4.44,Y
DP09157,Meena L,Scooter,Full-time,4.95,Y
DP08614,Rahul M,Cycle,Full-time,3.66,Y
DP07325,Nikhil G,Cycle,Full-time,4.02,Y
DP07311,Sneha Z,Bike,Part-time,4.95,Y
DP09856,Suresh A,Bike,Contract,4.05,Y
DP14941,Santosh G,Scooter,Full-time,3.97,Y
DP07654,Nikhil I,Scooter,Full-time,4.61,Y
DP04958,Santosh N,Bike,Full-time,4.38,Y
DP00844,Sneha M,Scooter,Full-time,4.3,Y
DP08686,Shreya Q,Cycle,Full-time,4.51,Y
DP01848,Neha C,Scooter,Part-time,4.45,Y
DP04054,Rakesh Z,Car,Contract,4.21,Y
DP00279,Priya M,Scooter,Part-time,3.92,Y
DP04754,Divya Q,Car,Full-time,4.74,Y
DP03176,Rakesh F,Scooter,Part-time,4.75,Y
DP07110,Ravi H,Bike,Contract,4.5,N
DP11569,Divya E,Scooter,Part-time,4.03,Y
DP03484,Divya S,Scooter,Contract,4.05,Y
DP10447,Priya C,Cycle,Full-time,4.02,Y
DP04665,Rakesh C,Bike,Full-time,4.11,Y
DP05433,Vikas U,Bike,Contract,3.89,Y
DP02733,Divya F,Scooter,Contract,3.84,Y
DP14151,Rakesh F,Bike,Part-time,3.94,Y
DP01777,Suresh Q,Cycle,Part-time,3.69,Y
DP04794,Vikas H,Bike,Contract,3.96,Y
DP00680,Vikas K,Scooter,Contract,4.65,Y
DP12279,Arjun O,Cycle,Full-time,4.25,Y
DP07643,Kiran K,Scooter,Contract,4.22,Y
DP03542,Kiran X,Cycle,Part-time,4.86,Y
DP07755,Amit W,Scooter,Full-time,3.73,Y
DP12946,Meena P,Scooter,Full-time,4.44,N
DP10208,Sneha M,Scooter,Part-time,3.91,N
DP09664,Manoj E,Cycle,Full-time,4.07,Y
DP12368,Nikhil Z,Scooter,Part-time,4.51,Y
DP08147,Ravi X,Bike,Contract,3.9,N
DP12606,Arjun U,Bike,Full-time,3.77,Y
DP13041,Manoj H,Bike,Full-time,4.36,Y
DP11317,Shreya R,Scooter,Part-time,4.14,Y
DP02723,Vikas T,Scooter,Full-time,4.43,Y
DP06342,Manoj P,Cycle,Full-time,4.19,Y
DP00751,Manoj H,Scooter,Full-time,3.82,Y
DP06984,Santosh I,Bike,Full-time,4.05,Y
DP09164,Arjun Z,Cycle,Full-time,3.9,Y
DP01416,Suresh P,Scooter,Full-time,3.57,Y
DP14343,Vikas M,Cycle,Full-time,3.7,N
DP09983,Divya J,Cycle,Part-time,4.74,Y
DP13615,Shreya I,Bike,Part-time,4.1,Y
DP03543,Rakesh H,Scooter,Full-time,3.89,Y
DP14827,Suresh L,Bike,Contract,4.41,N
DP14693,Priya J,Scooter,Part-time,4.15,Y
DP07132,Arjun D,Bike,Full-time,4.55,Y
DP05451,Deepak V,Cycle,Part-time,4.37,Y
DP09776,Santosh D,Bike,Full-time,3.9,Y
DP03009,Amit M,Bike,Contract,4.05,Y
DP14259,Meena L,Car,Full-time,3.64,Y
DP04288,Arjun K,Bike,Part-time,4.06,Y
DP02407,Rahul E,Bike,Part-time,4.12,Y
DP04527,Rakesh P,Bike,Full-time,4.67,Y
DP00353,Shreya A,Bike,Full-time,4.53,Y
DP04887,Ravi H,Bike,Full-time,3.94,Y
DP08175,Vikas A,Cycle,Full-time,4.33,Y
DP03287,Meena W,Cycle,Full-time,4.44,Y
DP05865,Meena N,Car,Contract,3.68,Y
DP13139,Arjun H,Bike,Contract,4.57,Y
DP04897,Deepak S,Bike,Full-time,4.43,Y
DP08921,Manoj W,Cycle,Part-time,3.83,Y
DP08928,Vikas A,Scooter,Full-time,4.12,Y
DP00113,Suresh N,Cycle,Part-time,3.89,Y
DP06564,Manoj S,Scooter,Full-time,4.2,Y
DP05691,Santosh T,Scooter,Full-time,4.28,Y
DP00306,Meena V,Bike,Full-time,4.14,Y
DP14662,Arjun R,Scooter,Full-time,4.07,Y
DP14637,Pooja S,Cycle,Full-time,3.8,Y
DP09022,Manoj D,Cycle,Full-time,4.49,N
DP00784,Priya C,Bike,Contract,3.67,Y
DP08434,Sneha F,Cycle,Full-time,3.9,N
DP10334,Meena J,Scooter,Part-time,4.21,Y
DP07650,Ravi V,Bike,Full-time,3.42,Y
DP08016,Santosh X,Scooter,Full-time,4.38,Y
DP13631,Priya L,Cycle,Full-time,4.16,Y
DP11824,Manoj R,Scooter,Contract,4.26,Y
DP01040,Sneha S,Scooter,Part-time,4.26,N
DP01452,Rakesh Y,Bike,Part-time,4.16,Y
DP00441,Ananya W,Scooter,Part-time,4.31,Y
DP10746,Rakesh P,Scooter,Full-time,3.99,Y
DP08966,Kiran D,Bike,Contract,3.86,Y
DP03034,Meena K,Bike,Contract,4.52,Y
DP01988,Amit L,Bike,Contract,4.02,Y
DP11658,Manoj A,Bike,Full-time,4.1,Y
DP04953,Sneha Q,Scooter,Full-time,3.91,Y
DP03562,Rakesh I,Scooter,Full-time,4.42,Y
DP01524,Pooja K,Bike,Full-time,3.83,Y
DP04878,Priya F,Scooter,Full-time,4.37,Y
DP08675,Santosh C,Cycle,Full-time,4.03,N
DP08621,Divya X,Scooter,Contract,4.38,Y
DP01720,Priya H,Bike,Full-time,4.03,Y
DP02344,Vikas Y,Bike,Full-time,3.7,Y
DP14975,Shreya T,Bike,Full-time,4.89,Y
DP07557,Vikas R,Cycle,Part-time,4.35,Y
DP09189,Nikhil Y,Bike,Full-time,4.49,Y
DP05919,Neha B,Bike,Part-time,4.02,Y
DP03426,Sneha C,Car,Full-time,4.32,Y
DP02402,Arjun F,Bike,Full-time,4.12,N
DP06799,Meena X,Bike,Full-time,4.2,Y
DP04303,Priya K,Bike,Full-time,4.12,Y
DP13055,Deepak N,Scooter,Full-time,4.13,Y
DP11076,Nikhil X,Cycle,Contract,4.07,N
DP03135,Sneha Z,Cycle,Full-time,4.74,Y
DP10835,Deepak I,Bike,Contract,3.88,Y
DP05683,Deepak Z,Scooter,Part-time,4.3,Y
DP02209,Divya P,Scooter,Contract,4.15,Y
DP01830,Vikas L,Bike,Full-time,4.09,Y
DP05174,Vikas A,Scooter,Full-time,3.4,Y
DP05581,Manoj F,Bike,Part-time,3.8,Y
DP11680,Nikhil P,Bike,Full-time,4.59,Y
DP06974,Amit V,Scooter,Full-time,4.2,Y
DP13521,Neha C,Bike,Full-time,3.93,Y
DP02383,Kiran O,Scooter,Full-time,4.4,Y
DP14638,Suresh U,Scooter,Full-time,4.5,Y
DP06016,Neha N,Cycle,Full-time,3.91,Y
DP13014,Arjun O,Bike,Full-time,4.63,Y
DP06226,Amit X,Bike,Contract,4.04,Y
DP07628,Rahul L,Scooter,Part-time,4.03,Y
DP10133,Ananya K,Bike,Part-time,4.04,N
DP14347,Nikhil U,Cycle,Part-time,3.69,Y
DP02258,Priya O,Scooter,Part-time,4.71,Y
DP03244,Ravi C,Scooter,Full-time,3.91,Y
DP10122,Ravi M,Scooter,Full-time,3.97,Y
DP06660,Divya G,Bike,Full-time,4.02,Y
DP02105,Kiran Z,Cycle,Part-time,3.94,Y
DP06731,Nikhil B,Bike,Full-time,4.4,Y
DP01568,Rahul C,Cycle,Part-time,4.33,Y
DP01061,Manoj B,Scooter,Contract,4.02,N
DP03598,Sneha O,Bike,Full-time,3.65,Y
DP10319,Kiran O,Scooter,Contract,4.45,Y
DP08887,Ananya X,Scooter,Full-time,4.31,N
DP09893,Ravi D,Bike,Part-time,4.02,Y
DP02456,Suresh Z,Car,Part-time,3.7,Y
DP04703,Kiran V,Scooter,Full-time,3.97,Y
DP04791,Ravi J,Scooter,Full-time,3.97,Y
DP07690,Kiran Q,Bike,Full-time,3.6,Y
DP07298,Ravi X,Bike,Full-time,4.26,Y
DP06651,Arjun F,Cycle,Full-time,3.68,Y
DP05046,Rahul W,Scooter,Contract,4.61,N
DP07547,Kiran D,Scooter,Full-time,4.09,N
DP07514,Ravi J,Scooter,Full-time,4.43,Y
DP08104,Meena X,Bike,Full-time,4.14,N
DP05040,Rahul H,Car,Full-time,4.03,Y
DP04518,Arjun O,Bike,Full-time,4.12,Y
DP02869,Santosh F,Scooter,Contract,4.52,Y
DP14147,Shreya U,Cycle,Contract,4.9,Y
DP12090,Priya R,Scooter,Contract,3.95,Y
DP10448,Divya R,Scooter,Part-time,4.02,Y
DP01213,Shreya P,Scooter,Full-time,4.35,Y
DP01627,Kiran O,Scooter,Part-time,4.24,Y
DP11129,Sneha Z,Bike,Full-time,4.35,Y
DP12899,Vikas G,Bike,Contract,4.63,Y
DP11170,Arjun Q,Bike,Part-time,4.23,Y
DP04036,Divya R,Scooter,Contract,3.53,Y
DP05063,Suresh U,Bike,Full-time,4.25,Y
DP14221,Ananya G,Bike,Full-time,3.73,Y
DP06503,Vikas H,Scooter,Full-time,4.22,Y
DP02039,Arjun P,Scooter,Contract,4,Y
DP08815,Manoj J,Bike,Full-time,4.7,Y
DP03718,Suresh F,Scooter,Full-time,4.27,Y
DP04331,Rahul Z,Scooter,Part-time,4.68,Y
DP11686,Amit K,Car,Part-time,4.82,Y
DP14435,Deepak R,Bike,Contract,3.95,Y
DP06083,Amit Q,Bike,Contract,4.01,Y
DP13820,Santosh Y,Cycle,Part-time,4.23,Y
DP11251,Suresh M,Bike,Full-time,4.02,Y
DP02857,Vikas Y,Car,Full-time,4.08,Y
DP02638,Kiran K,Scooter,Part-time,3.74,Y
DP10996,Ananya I,Bike,Full-time,4.85,Y
DP06451,Suresh Y,Bike,Part-time,4.89,Y
DP02934,Amit R,Scooter,Full-time,4.36,Y
DP01241,Priya S,Bike,Full-time,3.51,Y
DP01718,Manoj X,Bike,Full-time,4.25,Y
DP01536,Amit G,Cycle,Contract,4.4,Y
DP04872,Neha A,Cycle,Part-time,3.82,N
DP14114,Arjun P,Bike,Full-time,4.01,Y
DP05886,Vikas I,Bike,Full-time,4.49,Y
DP02787,Santosh R,Scooter,Contract,3.72,Y
DP14955,Manoj L,Scooter,Part-time,4.48,Y
DP09826,Shreya S,Scooter,Part-time,4.25,Y
DP08287,Manoj U,Bike,Contract,4.17,Y
DP12666,Vikas H,Scooter,Full-time,3.91,Y
DP02249,Amit H,Bike,Part-time,4.15,Y
DP08762,Suresh A,Cycle,Contract,4.22,N
DP14047,Meena T,Cycle,Full-time,4.67,Y
DP13778,Nikhil J,Scooter,Full-time,4.3,Y
DP06163,Nikhil C,Scooter,Full-time,3.86,Y
DP13224,Meena B,Scooter,Contract,4.21,Y
DP13788,Vikas X,Scooter,Part-time,4.02,Y
DP02252,Santosh F,Cycle,Full-time,4.65,Y
DP03877,Amit Q,Bike,Full-time,4.3,Y
DP02605,Sneha V,Bike,Full-time,4.36,Y
DP07347,Shreya X,Scooter,Full-time,4.12,Y
DP08804,Vikas H,Cycle,Part-time,3.92,N
DP06272,Suresh P,Scooter,Full-time,4.16,N
DP01013,Deepak U,Bike,Contract,3.64,Y
DP05508,Meena I,Cycle,Contract,4.2,Y
DP14038,Arjun O,Bike,Contract,4.29,Y
DP13146,Rakesh C,Bike,Full-time,4.69,Y
DP10037,Arjun I,Scooter,Contract,4.08,Y
DP10267,Rahul K,Bike,Full-time,3.98,Y
DP12350,Sneha Y,Scooter,Full-time,4.22,Y
DP00884,Divya K,Bike,Part-time,4.31,Y
DP08764,Rakesh M,Scooter,Part-time,4.42,N
DP12607,Deepak I,Cycle,Full-time,4.41,Y
DP14716,Ananya X,Cycle,Full-time,3.84,Y
DP14489,Nikhil F,Scooter,Contract,4.15,Y
DP10053,Nikhil M,Bike,Contract,4.09,Y
DP13881,Kiran Z,Scooter,Part-time,4.67,N
DP04966,Shreya G,Bike,Contract,3.83,Y
DP14771,Meena X,Bike,Full-time,3.92,Y
DP06569,Vikas F,Bike,Part-time,3.97,Y
DP02685,Santosh T,Bike,Part-time,4.59,Y
DP08771,Rahul W,Scooter,Part-time,4.24,Y
DP00800,Priya C,Scooter,Contract,3.88,Y
DP13589,Neha G,Cycle,Full-time,3.9,Y
DP11596,Suresh C,Scooter,Part-time,4.24,Y
DP09175,Vikas E,Scooter,Contract,4.29,Y
DP10601,Priya D,Scooter,Part-time,4.27,Y
DP04459,Arjun X,Scooter,Full-time,3.91,Y
DP04499,Kiran D,Bike,Contract,4.48,Y
DP08913,Deepak X,Cycle,Full-time,4.54,Y
DP00186,Ananya B,Cycle,Full-time,4.24,Y
DP13750,Deepak E,Car,Part-time,3.84,Y
DP00122,Neha C,Bike,Full-time,4.35,N
DP11595,Santosh Q,Bike,Full-time,4.16,Y
DP03518,Priya G,Scooter,Contract,4.11,N
DP06130,Santosh F,Cycle,Part-time,4.25,Y
DP00470,Kiran H,Bike,Full-time,3.88,Y
DP07697,Kiran C,Scooter,Full-time,4.19,Y
DP06396,Neha P,Cycle,Full-time,4.29,Y
DP08756,Meena J,Cycle,Part-time,3.83,Y
DP02211,Kiran B,Cycle,Part-time,3.85,Y
DP02830,Pooja E,Scooter,Contract,3.98,Y
DP11973,Rakesh V,Scooter,Full-time,4.03,Y
DP01439,Manoj U,Bike,Full-time,3.69,Y
DP13943,Pooja O,Car,Full-time,4.13,N
DP00827,Rahul Q,Bike,Full-time,3.94,Y
DP04834,Suresh W,Scooter,Contract,4.02,N
DP06783,Divya T,Scooter,Full-time,4.55,N
DP08443,Ananya K,Bike,Contract,4.25,Y
DP11190,Nikhil G,Cycle,Contract,4.05,Y
DP11591,Rakesh H,Scooter,Full-time,4.19,Y
DP02624,Amit O,Scooter,Part-time,4.27,Y
DP04275,Rahul J,Bike,Full-time,4.29,Y
DP01632,Amit J,Bike,Full-time,3.95,Y
DP09084,Santosh S,Bike,Full-time,3.96,Y
DP11699,Manoj C,Bike,Contract,4.01,Y
DP01265,Shreya H,Scooter,Full-time,3.84,Y
DP06386,Priya R,Scooter,Full-time,4.46,Y
DP13399,Vikas M,Bike,Part-time,4.7,N
DP03884,Ananya U,Scooter,Contract,4.05,Y
DP00905,Priya B,Scooter,Full-time,4.44,Y
DP03105,Divya W,Bike,Full-time,4.14,Y
DP02131,Shreya O,Scooter,Full-time,4.47,Y
DP00785,Rahul B,Scooter,Contract,4.15,Y
DP00614,Manoj T,Scooter,Part-time,4.42,Y
DP11894,Meena A,Scooter,Full-time,4.64,Y
DP06114,Rakesh A,Cycle,Full-time,4.02,Y
DP01734,Deepak B,Bike,Contract,3.93,Y
DP12027,Priya Z,Bike,Full-time,3.83,Y
DP11268,Vikas H,Car,Part-time,4.42,Y
DP02761,Nikhil T,Cycle,Full-time,4.53,Y
DP12429,Deepak R,Bike,Full-time,4.56,Y
DP10478,Meena I,Scooter,Full-time,4.24,Y
DP06318,Sneha Q,Scooter,Part-time,3.92,Y
DP05507,Suresh T,Bike,Full-time,4.24,Y
DP12275,Rahul X,Scooter,Full-time,4.39,Y
DP05860,Suresh Z,Car,Part-time,4.42,Y
DP14863,Rahul D,Bike,Contract,4.33,N
DP11052,Priya E,Bike,Part-time,4.47,Y
DP14135,Arjun D,Bike,Contract,4.64,N
DP04793,Kiran R,Bike,Full-time,4.45,Y
DP11962,Meena V,Bike,Part-time,4.42,Y
DP10134,Santosh Q,Scooter,Part-time,4.56,N
DP02764,Arjun C,Scooter,Part-time,3.76,N
DP00014,Rahul O,Scooter,Contract,3.8,Y
DP14510,Ravi W,Bike,Full-time,4.18,Y
DP14916,Amit X,Scooter,Full-time,4.26,Y
DP05230,Ravi M,Scooter,Contract,4.13,Y
DP01841,Nikhil P,Scooter,Full-time,4.4,Y
DP07400,Manoj N,Bike,Part-time,4.05,Y
DP00222,Meena T,Car,Part-time,4.53,Y
DP03772,Amit Y,Bike,Part-time,4.28,Y
DP00820,Sneha E,Scooter,Part-time,4.11,Y
DP14719,Ananya O,Scooter,Contract,4.31,N
DP05159,Meena F,Scooter,Full-time,4.19,Y
DP05704,Rahul F,Scooter,Full-time,4.39,Y
DP14202,Priya K,Scooter,Part-time,4.15,Y
DP07013,Ravi D,Cycle,Part-time,3.46,Y
DP12861,Deepak J,Cycle,Full-time,3.88,Y
DP04652,Vikas Y,Bike,Part-time,3.97,Y
DP08683,Rahul V,Scooter,Full-time,4.28,Y
DP05871,Arjun D,Bike,Part-time,4.17,N
DP01483,Ravi S,Bike,Full-time,4.06,Y
DP09621,Kiran D,Scooter,Full-time,3.48,Y
DP02763,Manoj N,Car,Full-time,4.46,Y
DP02193,Divya X,Cycle,Full-time,4.02,Y
DP00485,Rakesh T,Scooter,Contract,4.33,Y
DP07205,Rahul H,Scooter,Full-time,4.09,Y
DP00276,Shreya B,Bike,Full-time,4.34,N
DP05788,Arjun M,Bike,Full-time,3.98,Y
DP12028,Nikhil J,Scooter,Part-time,4.78,Y
DP07036,Arjun G,Cycle,Part-time,4.57,Y
DP11956,Rahul I,Bike,Full-time,3.71,N
DP06225,Priya T,Bike,Part-time,4.4,Y
DP01522,Santosh U,Cycle,Part-time,4.44,N
DP02565,Santosh L,Bike,Part-time,3.74,Y
DP13123,Meena T,Cycle,Part-time,4.17,Y
DP14319,Vikas K,Scooter,Full-time,4.5,Y
DP12585,Pooja S,Scooter,Contract,4.5,Y
DP06464,Nikhil D,Car,Part-time,4.16,Y
DP07328,Rahul I,Scooter,Part-time,4.45,Y
DP01158,Vikas C,Bike,Contract,3.98,Y
DP00782,Deepak I,Bike,Full-time,4.77,Y
DP00174,Priya H,Cycle,Full-time,3.95,Y
DP11015,Suresh E,Bike,Contract,4.69,Y
DP00572,Rakesh T,Bike,Part-time,3.91,Y
DP01054,Shreya J,Bike,Full-time,4.14,Y
DP08446,Kiran S,Cycle,Part-time,4.03,Y
DP05844,Rahul P,Bike,Full-time,4.6,Y
DP06361,Ananya X,Cycle,Contract,4.49,Y
DP03659,Nikhil U,Bike,Full-time,4.16,Y
DP12094,Ravi M,Cycle,Part-time,3.96,Y
DP14216,Ananya Y,Scooter,Part-time,3.62,Y
DP03124,Vikas T,Bike,Full-time,3.94,Y
DP10534,Pooja K,Bike,Contract,4.43,Y
DP00706,Shreya A,Scooter,Contract,4.45,Y
DP14926,Suresh J,Scooter,Contract,4.51,Y
DP03148,Amit C,Bike,Contract,4.56,Y
DP00290,Kiran K,Cycle,Contract,3.59,Y
DP00951,Sneha J,Cycle,Part-time,4.55,Y
DP01124,Divya G,Bike,Part-time,3.87,Y
DP14161,Deepak N,Bike,Part-time,4.19,Y
DP02569,Ravi R,Scooter,Full-time,4.03,Y
DP06402,Manoj W,Scooter,Contract,4.57,Y
DP11698,Santosh R,Bike,Part-time,4.61,Y
DP05470,Shreya B,Bike,Contract,3.9,Y
DP11254,Kiran B,Scooter,Full-time,4.05,Y
DP02781,Sneha L,Bike,Part-time,3.89,Y
DP04876,Amit W,Scooter,Full-time,4.3,Y
DP06959,Manoj P,Scooter,Part-time,4.6,N
DP06769,Manoj D,Cycle,Full-time,4.13,Y
DP04157,Shreya N,Scooter,Part-time,4.02,Y
DP00817,Kiran N,Scooter,Part-time,4.22,Y
DP10200,Shreya G,Bike,Full-time,4.13,Y
DP10822,Santosh I,Cycle,Part-time,4.84,Y
DP14187,Manoj J,Scooter,Full-time,4.61,Y
DP03661,Nikhil E,Scooter,Contract,4.09,N
DP14942,Kiran O,Scooter,Full-time,4.22,Y
DP12519,Ravi B,Bike,Contract,4.1,Y
DP14006,Suresh F,Bike,Part-time,4.15,Y
DP05047,Arjun Z,Cycle,Full-time,4.06,Y
DP12949,Divya X,Scooter,Full-time,4.05,Y
DP04042,Meena P,Cycle,Part-time,4.17,Y
DP08848,Divya T,Scooter,Full-time,3.86,Y
DP01840,Deepak A,Car,Full-time,4.35,Y
DP14122,Nikhil G,Scooter,Full-time,3.95,Y
DP00289,Rahul O,Bike,Full-time,4.04,Y
DP04181,Santosh R,Cycle,Full-time,4.25,Y
DP11255,Ravi N,Scooter,Part-time,4.58,Y
DP14660,Ravi C,Bike,Full-time,3.65,Y
DP14841,Rahul A,Bike,Part-time,3.96,Y
DP10584,Amit V,Bike,Full-time,4.03,Y
DP11244,Divya Z,Cycle,Full-time,4.15,Y
DP09919,Pooja A,Bike,Contract,4.16,Y
DP02586,Santosh W,Bike,Full-time,4.29,Y
DP11621,Arjun Q,Bike,Full-time,4.22,Y
DP04890,Arjun F,Bike,Full-time,4.08,N
DP01100,Divya V,Bike,Full-time,4.61,Y
DP05061,Pooja G,Car,Part-time,4.25,Y
DP01487,Pooja M,Scooter,Part-time,4.41,Y
DP12698,Kiran L,Scooter,Part-time,4.35,Y
DP04554,Nikhil J,Cycle,Full-time,4,Y
DP10929,Manoj T,Bike,Full-time,4.3,Y
DP11989,Manoj C,Scooter,Full-time,4.98,Y
DP12584,Amit F,Scooter,Part-time,4.51,Y
DP14824,Pooja C,Cycle,Full-time,4.05,Y
DP00906,Shreya V,Car,Contract,4.41,Y
DP08961,Ravi O,Cycle,Full-time,3.87,Y
DP04236,Sneha F,Scooter,Contract,4.28,Y
DP07103,Amit U,Scooter,Part-time,4.03,Y
DP06413,Manoj O,Scooter,Part-time,4.65,Y
DP05296,Neha B,Scooter,Full-time,4.69,Y
DP03076,Neha Z,Cycle,Part-time,4.16,Y
DP08593,Santosh D,Bike,Full-time,3.83,Y
DP08270,Rakesh L,Bike,Contract,3.8,Y
DP05663,Priya W,Scooter,Contract,4.12,Y
DP13491,Santosh F,Scooter,Contract,4.2,Y
DP02140,Vikas J,Bike,Contract,5,Y
DP10100,Rakesh S,Scooter,Part-time,4.3,Y
DP07171,Neha J,Scooter,Full-time,4.21,Y
DP07219,Ananya V,Bike,Full-time,4.21,Y
DP13612,Kiran G,Bike,Contract,3.75,Y
DP08839,Rahul Z,Bike,Full-time,4.66,Y
DP04697,Vikas W,Car,Full-time,4.2,N
DP03418,Suresh T,Scooter,Part-time,3.9,Y
DP11131,Amit L,Scooter,Part-time,4.36,Y
DP01982,Divya A,Bike,Full-time,4.43,Y
DP06382,Amit R,Scooter,Part-time,4.98,Y
DP14966,Shreya S,Scooter,Full-time,4.51,Y
DP11126,Manoj D,Bike,Full-time,4.4,Y
DP04402,Suresh P,Scooter,Full-time,3.86,Y
DP14743,Priya Z,Cycle,Contract,3.76,Y
DP13738,Pooja B,Scooter,Full-time,4.56,Y
DP04456,Pooja G,Scooter,Part-time,4.05,Y
DP12737,Santosh F,Scooter,Part-time,4.43,Y
DP01508,Pooja D,Bike,Part-time,3.87,Y
DP05014,Shreya M,Scooter,Part-time,3.89,Y
DP03819,Arjun M,Scooter,Part-time,4.15,Y
DP10010,Suresh C,Scooter,Full-time,4.2,Y
DP01489,Kiran H,Car,Full-time,4.1,Y
DP08845,Ravi L,Cycle,Full-time,4.49,Y
DP13623,Divya K,Bike,Full-time,4.61,Y
DP00954,Ananya U,Bike,Part-time,3.75,Y
DP03793,Nikhil B,Bike,Contract,4.59,Y
DP07438,Rahul F,Bike,Part-time,4.29,Y
DP07427,Amit X,Bike,Full-time,3.86,Y
DP07590,Divya G,Cycle,Contract,4.29,Y
DP12953,Deepak V,Scooter,Part-time,3.9,Y
DP14380,Shreya N,Scooter,Part-time,3.84,Y
DP13640,Sneha C,Scooter,Full-time,4.42,Y
DP07967,Ananya B,Bike,Part-time,4.38,Y
DP12636,Priya U,Car,Contract,4.38,N
DP07753,Pooja A,Bike,Full-time,3.46,N
DP12052,Manoj T,Car,Full-time,4.65,Y
DP05707,Divya I,Scooter,Part-time,4.58,Y
DP14750,Ananya M,Bike,Full-time,4.16,Y
DP05225,Manoj G,Cycle,Full-time,4.19,Y
DP03821,Nikhil Y,Bike,Contract,4.48,Y
DP09425,Kiran C,Cycle,Contract,3.92,Y
DP06732,Kiran H,Scooter,Full-time,4.29,Y
DP06491,Ananya Q,Bike,Full-time,3.89,N
DP12940,Meena I,Cycle,Full-time,3.65,Y
DP07516,Kiran L,Scooter,Full-time,4.49,Y
DP11979,Divya X,Scooter,Contract,3.86,Y
DP08729,Pooja Z,Car,Contract,3.72,Y
DP13689,Santosh N,Car,Part-time,4.17,Y
DP03924,Arjun J,Bike,Full-time,4.59,Y
DP04081,Suresh A,Bike,Contract,4.06,Y
DP09220,Kiran O,Bike,Full-time,4.48,N
DP02148,Manoj F,Bike,Part-time,4.16,Y
DP07694,Shreya F,Bike,Part-time,3.6,Y
DP06296,Vikas Q,Bike,Part-time,3.67,Y
DP01092,Arjun O,Bike,Part-time,3.8,Y
DP02351,Deepak B,Car,Full-time,4.19,Y
DP00750,Rahul A,Bike,Full-time,4.45,N
DP03315,Deepak A,Bike,Contract,3.62,Y
DP05505,Ravi F,Scooter,Part-time,3.93,Y
DP08740,Rahul B,Cycle,Part-time,4.63,Y
DP07309,Deepak M,Scooter,Full-time,5,Y
DP14374,Rahul D,Scooter,Full-time,4.15,Y
DP02223,Pooja G,Scooter,Full-time,4.11,Y
DP10572,Ananya T,Scooter,Full-time,4.04,Y
DP03748,Sneha L,Bike,Part-time,4.53,Y
DP14205,Meena P,Bike,Part-time,4.51,Y
DP09480,Shreya O,Bike,Contract,4.51,Y
DP05880,Vikas C,Scooter,Full-time,3.88,Y
DP05313,Rakesh Q,Scooter,Full-time,4.42,Y
DP14415,Ravi U,Scooter,Part-time,4.28,Y
DP01529,Nikhil Q,Car,Full-time,3.94,N
DP05516,Shreya Z,Bike,Contract,4.21,Y
DP10370,Arjun G,Scooter,Part-time,4.36,Y
DP10764,Manoj G,Bike,Contract,4.37,Y
DP04037,Pooja M,Cycle,Full-time,4.02,Y
DP03937,Suresh B,Cycle,Part-time,4.62,Y
DP10569,Divya Y,Bike,Part-time,4.79,Y
DP08159,Priya F,Bike,Part-time,4.19,Y
DP07061,Nikhil S,Cycle,Contract,4.43,Y
DP00464,Shreya Y,Bike,Part-time,3.96,N
DP01909,Santosh B,Bike,Part-time,4.47,Y
DP14453,Meena T,Scooter,Part-time,3.98,Y
DP00708,Vikas B,Scooter,Contract,3.45,N
DP11205,Manoj W,Scooter,Part-time,3.94,Y
DP09954,Amit T,Bike,Contract,3.86,Y
DP00608,Shreya E,Bike,Part-time,3.98,Y
DP08051,Arjun B,Car,Full-time,4.13,Y
DP09753,Ananya W,Scooter,Full-time,4.03,Y
DP05236,Neha U,Bike,Part-time,4.18,Y
DP02581,Vikas K,Cycle,Contract,4.05,N
DP06065,Nikhil Q,Bike,Full-time,4.48,Y
DP01681,Santosh O,Scooter,Part-time,4.69,Y
DP01093,Divya S,Scooter,Full-time,3.6,Y
DP02643,Ananya N,Bike,Full-time,4.35,Y
DP11873,Deepak G,Scooter,Contract,4.19,Y
DP07310,Ananya D,Cycle,Contract,3.91,N
DP02911,Ananya D,Cycle,Part-time,3.83,Y
DP08505,Rakesh R,Car,Contract,4.06,Y
DP08809,Priya V,Cycle,Contract,3.87,N
DP03452,Shreya K,Scooter,Full-time,4.04,Y
DP12001,Divya N,Bike,Contract,3.84,Y
DP05297,Neha C,Cycle,Full-time,4.29,Y
DP03476,Deepak H,Bike,Full-time,4.42,Y
DP00709,Neha J,Scooter,Part-time,4.68,Y
DP09101,Priya C,Bike,Part-time,4,Y
DP04946,Divya G,Scooter,Full-time,4.57,Y
DP11529,Kiran H,Cycle,Part-time,3.8,Y
DP14360,Vikas C,Cycle,Part-time,4.44,N
DP05814,Manoj U,Scooter,Part-time,3.81,N
DP00457,Amit T,Scooter,Full-time,4.42,Y
DP09865,Sneha Z,Scooter,Full-time,4.46,Y
DP14710,Priya N,Bike,Part-time,3.92,Y
DP13748,Pooja D,Bike,Part-time,4.48,Y
DP06981,Meena A,Bike,Full-time,3.51,Y
DP03499,Kiran F,Car,Full-time,4.16,Y
DP08554,Meena T,Scooter,Part-time,3.77,N
DP14134,Shreya P,Bike,Contract,4.76,Y
DP00379,Rakesh Z,Bike,Full-time,4.25,N
DP02379,Arjun D,Scooter,Full-time,4.13,Y
DP14624,Arjun R,Scooter,Full-time,4.29,Y
DP12103,Priya L,Cycle,Contract,4.53,Y
DP05966,Vikas Q,Scooter,Full-time,4.31,N
DP01846,Santosh U,Car,Contract,3.76,Y
DP02782,Pooja W,Scooter,Full-time,4,Y
DP13765,Priya B,Bike,Full-time,4.28,Y
DP03375,Arjun W,Scooter,Contract,4.43,Y
DP09743,Divya K,Scooter,Part-time,3.93,Y
DP05547,Priya T,Bike,Full-time,4.36,Y
DP03782,Ravi Q,Cycle,Full-time,4.23,Y
DP00720,Rahul C,Bike,Part-time,4.7,Y
DP14033,Divya H,Cycle,Full-time,3.91,Y
DP13332,Arjun I,Scooter,Part-time,3.67,Y
DP10381,Nikhil D,Scooter,Full-time,3.93,Y
DP03604,Amit L,Scooter,Full-time,4.38,Y
DP08639,Meena O,Car,Full-time,3.79,Y
DP02702,Nikhil D,Cycle,Part-time,4.26,Y
DP05932,Meena S,Bike,Full-time,3.63,Y
DP12032,Pooja I,Scooter,Full-time,4.23,Y
DP03359,Pooja J,Bike,Part-time,4.21,N
DP05988,Shreya M,Bike,Full-time,4.3,Y
DP13902,Divya D,Car,Full-time,3.63,Y
DP02871,Manoj K,Scooter,Part-time,4.66,N
DP00493,Amit O,Scooter,Contract,4.42,N
DP08117,Divya R,Bike,Full-time,4.11,Y
DP04318,Nikhil A,Scooter,Full-time,4.19,Y
DP14798,Shreya B,Scooter,Contract,3.42,N
DP00326,Rakesh J,Bike,Part-time,4.27,Y
DP03678,Priya J,Scooter,Full-time,4,Y
DP14936,Pooja Q,Cycle,Part-time,4.38,Y
DP12848,Arjun M,Bike,Part-time,4.19,Y
DP03568,Nikhil Z,Cycle,Part-time,4.24,Y
DP02497,Rakesh Y,Bike,Full-time,3.7,Y
DP10056,Santosh L,Scooter,Full-time,4.4,Y
DP06713,Rahul N,Bike,Part-time,3.87,Y
DP14860,Neha D,Scooter,Contract,4.14,Y
DP08181,Deepak F,Bike,Full-time,3.95,Y
DP06733,Kiran G,Bike,Full-time,4.16,N
DP07858,Vikas Y,Bike,Contract,4.2,Y
DP14496,Deepak D,Scooter,Full-time,4.39,Y
DP11282,Deepak F,Bike,Full-time,4.46,Y
DP13965,Ananya D,Scooter,Full-time,3.73,Y
DP06351,Nikhil K,Scooter,Full-time,3.7,Y
DP12486,Suresh T,Bike,Part-time,3.67,Y
DP01060,Vikas Q,Bike,Full-time,4.34,Y
DP10194,Vikas T,Bike,Part-time,3.7,Y
DP11533,Nikhil Y,Cycle,Full-time,4.41,Y
DP12681,Santosh F,Cycle,Full-time,4.63,Y
DP11290,Divya A,Cycle,Part-time,4.46,Y
DP02342,Priya J,Bike,Full-time,3.64,Y
DP13646,Suresh H,Bike,Part-time,4.09,Y
DP12530,Vikas M,Scooter,Part-time,4.53,Y
DP01997,Shreya V,Bike,Part-time,4.43,Y
DP06308,Deepak N,Scooter,Full-time,4.32,Y
DP07655,Pooja O,Cycle,Full-time,4.17,Y
DP05755,Neha X,Bike,Part-time,4.4,Y
DP08939,Divya S,Scooter,Contract,4.27,Y
DP07304,Deepak H,Scooter,Full-time,4.53,Y
DP02189,Ravi W,Scooter,Contract,4.17,N
DP07158,Rahul A,Bike,Full-time,4.11,Y
DP14643,Arjun N,Bike,Part-time,4.02,Y
DP08408,Meena A,Scooter,Part-time,3.78,Y
DP05776,Manoj L,Bike,Part-time,3.64,Y
DP12562,Divya S,Cycle,Full-time,3.98,Y
DP05234,Santosh B,Scooter,Part-time,4.52,Y
DP03026,Manoj Y,Cycle,Part-time,4.09,Y
DP09990,Sneha N,Scooter,Full-time,3.75,Y
DP04900,Pooja I,Bike,Contract,3.46,Y
DP04575,Divya H,Bike,Part-time,4.07,Y
DP08212,Ravi P,Cycle,Contract,4.15,Y
DP12133,Divya M,Scooter,Contract,3.87,Y
DP08396,Priya R,Bike,Part-time,3.25,Y
DP00273,Priya V,Scooter,Full-time,4.13,Y
DP01481,Suresh P,Bike,Full-time,3.72,Y
DP05338,Sneha M,Scooter,Contract,4.52,Y
DP05802,Arjun D,Cycle,Full-time,4.26,Y
DP07437,Amit Z,Bike,Part-time,3.83,Y
DP06292,Neha Y,Bike,Full-time,4.17,Y
DP02331,Vikas U,Scooter,Full-time,4.2,Y
DP14418,Priya W,Scooter,Part-time,4.43,Y
DP01597,Priya R,Bike,Full-time,4.46,Y
DP11344,Divya D,Scooter,Full-time,4.17,Y
DP02592,Manoj E,Scooter,Contract,4.31,Y
DP04861,Suresh I,Cycle,Full-time,4.01,Y
DP12476,Nikhil Z,Scooter,Part-time,4.42,Y
DP12188,Priya D,Bike,Full-time,4.01,Y
DP09035,Shreya E,Scooter,Full-time,4.84,Y
DP09839,Kiran T,Cycle,Part-time,4.13,Y
DP08229,Shreya Z,Bike,Part-time,4.2,Y
DP05672,Neha N,Cycle,Contract,4.13,Y
DP07355,Divya R,Scooter,Full-time,4.09,Y
DP04355,Shreya O,Scooter,Full-time,4.33,Y
DP04692,Meena P,Cycle,Full-time,4.09,Y
DP02411,Meena U,Bike,Part-time,4.2,Y
DP10231,Amit A,Scooter,Full-time,4.41,Y
DP13642,Suresh U,Cycle,Full-time,3.8,Y
DP02769,Vikas Y,Bike,Part-time,4.05,Y
DP12888,Santosh P,Cycle,Full-time,4.98,Y
DP06007,Kiran M,Scooter,Full-time,4.15,N
DP01115,Suresh K,Scooter,Full-time,3.95,Y
DP13733,Manoj C,Scooter,Part-time,4.16,Y
DP05199,Amit D,Bike,Full-time,4.24,Y
DP07886,Shreya K,Car,Full-time,4.03,Y
DP02149,Shreya E,Cycle,Part-time,4.27,Y
DP13864,Rakesh S,Scooter,Full-time,4.39,N
DP10135,Arjun W,Bike,Part-time,4.38,Y
DP01344,Ravi O,Bike,Contract,4.02,Y
DP10681,Rakesh S,Bike,Part-time,3.99,Y
DP07337,Nikhil D,Car,Full-time,4.51,Y
DP02225,Ananya Y,Cycle,Part-time,4.33,Y
DP09590,Sneha O,Bike,Full-time,4.49,N
DP05349,Kiran S,Bike,Full-time,4.07,Y
DP07512,Santosh F,Scooter,Part-time,4.2,Y
DP03703,Suresh E,Bike,Part-time,3.48,Y
DP08523,Arjun P,Bike,Contract,4.08,Y
DP12599,Santosh A,Cycle,Part-time,4.51,N
DP06628,Vikas E,Cycle,Part-time,4.21,Y
DP12571,Ravi J,Scooter,Part-time,4.66,Y
DP02701,Sneha I,Scooter,Part-time,4.11,Y
DP12496,Santosh N,Bike,Part-time,4.29,Y
DP14629,Divya E,Bike,Full-time,4.4,N
DP03483,Rakesh L,Car,Full-time,4.09,Y
DP06291,Deepak T,Car,Part-time,3.72,Y
DP05705,Shreya P,Scooter,Part-time,4.58,Y
DP11578,Neha G,Cycle,Full-time,4.41,Y
DP02834,Divya U,Cycle,Full-time,4.24,Y
DP12330,Suresh Z,Scooter,Full-time,4.03,Y
DP06189,Santosh S,Bike,Full-time,4.29,Y
DP10457,Suresh U,Bike,Contract,4.61,Y
DP10040,Rakesh X,Scooter,Full-time,4.58,N
DP02596,Arjun V,Scooter,Contract,4.46,Y
DP07740,Nikhil K,Cycle,Contract,3.82,Y
DP12654,Divya B,Scooter,Full-time,4.13,Y
DP13869,Nikhil W,Cycle,Part-time,4.11,Y
DP12991,Priya U,Cycle,Full-time,4.29,Y
DP07663,Divya F,Scooter,Part-time,4.47,N
DP01424,Meena Y,Cycle,Contract,4.78,Y
DP14889,Deepak Z,Bike,Part-time,4.46,Y
DP07986,Kiran L,Bike,Part-time,4.22,Y
DP04096,Meena K,Scooter,Contract,4.83,Y
DP12725,Amit Z,Scooter,Part-time,3.96,N
DP14472,Shreya Q,Scooter,Full-time,4.31,Y
DP10192,Manoj Z,Bike,Full-time,3.97,Y
DP05160,Deepak U,Scooter,Full-time,4.34,Y
DP04302,Arjun O,Car,Full-time,4.39,Y
DP12063,Vikas O,Scooter,Full-time,4.04,N
DP02012,Manoj X,Scooter,Part-time,4.53,Y
DP07275,Rahul G,Cycle,Part-time,4.14,Y
DP02779,Nikhil D,Scooter,Contract,4.61,Y
DP02611,Ravi X,Scooter,Contract,3.62,N
DP12603,Amit J,Car,Contract,4.05,Y
DP08361,Divya Y,Scooter,Full-time,4.76,Y
DP10860,Arjun Y,Bike,Full-time,3.51,Y
DP02564,Ananya X,Bike,Full-time,4.63,Y
DP06327,Deepak E,Cycle,Full-time,3.99,Y
DP08384,Rahul W,Scooter,Contract,4.6,Y
DP05102,Vikas V,Bike,Full-time,4.04,Y
DP00212,Kiran E,Bike,Full-time,3.74,Y
DP09290,Nikhil Z,Cycle,Full-time,4.01,Y
DP05791,Kiran Q,Scooter,Full-time,4.41,Y
DP00725,Amit V,Bike,Full-time,4.14,Y
DP05071,Meena H,Cycle,Contract,3.58,N
DP01409,Divya Z,Scooter,Full-time,4.52,Y
DP03182,Santosh S,Scooter,Full-time,4.36,N
DP11030,Suresh I,Bike,Full-time,4.02,Y
DP08226,Suresh J,Scooter,Full-time,4.5,Y
DP11838,Arjun D,Cycle,Part-time,4.2,Y
DP00832,Sneha F,Bike,Full-time,4.82,Y
DP07069,Nikhil M,Car,Contract,4.17,Y
DP13019,Neha R,Cycle,Full-time,4.91,Y
DP14268,Rahul Z,Scooter,Part-time,4.24,Y
DP14382,Suresh R,Scooter,Part-time,3.97,Y
DP05274,Ravi L,Bike,Full-time,4.46,Y
DP06681,Divya V,Cycle,Full-time,3.94,Y
DP05363,Rakesh Y,Scooter,Contract,4.01,N
DP11013,Priya E,Car,Part-time,4.37,Y
DP00771,Sneha A,Scooter,Full-time,3.95,Y
DP10628,Neha A,Scooter,Full-time,4.43,Y
DP12230,Rahul F,Cycle,Full-time,4.56,Y
DP01448,Shreya K,Bike,Contract,3.96,Y
DP07797,Rakesh F,Scooter,Contract,4.24,N
DP09853,Santosh H,Bike,Part-time,4.62,Y
DP00814,Deepak G,Bike,Full-time,4.42,Y
DP08991,Sneha H,Scooter,Full-time,4.11,Y
DP03263,Suresh W,Bike,Contract,4.12,Y
DP12292,Vikas W,Scooter,Part-time,4.59,Y
DP09963,Ravi O,Car,Full-time,4.56,Y
DP07606,Nikhil S,Car,Full-time,4.27,Y
DP02478,Kiran C,Bike,Full-time,3.96,Y
DP04868,Nikhil O,Scooter,Part-time,4.22,N
DP10305,Suresh V,Cycle,Full-time,4.35,Y
DP09142,Divya A,Scooter,Full-time,4.81,Y
DP10742,Vikas J,Bike,Part-time,4.4,Y
DP01572,Arjun W,Scooter,Full-time,3.55,Y
DP05116,Arjun O,Bike,Contract,3.99,Y
DP02845,Ananya C,Bike,Full-time,4.41,Y
DP13989,Priya U,Scooter,Full-time,4.14,N
DP12708,Sneha W,Scooter,Part-time,4.13,N
DP05552,Rakesh H,Bike,Part-time,4.17,Y
DP05700,Amit N,Scooter,Part-time,4.09,Y
DP14635,Suresh W,Bike,Part-time,3.53,Y
DP07160,Arjun Q,Cycle,Part-time,4.07,Y
DP04867,Neha J,Bike,Full-time,4.05,Y
DP06091,Pooja W,Scooter,Part-time,3.78,N
DP12258,Shreya E,Bike,Part-time,4.44,Y
DP06297,Santosh I,Bike,Full-time,3.72,Y
DP08228,Divya S,Bike,Contract,4.02,Y
DP08419,Nikhil H,Car,Contract,3.44,Y
DP10315,Amit B,Scooter,Part-time,4.17,Y
DP04572,Rahul K,Bike,Full-time,4.6,N
DP06162,Vikas S,Bike,Full-time,4.24,Y
DP14833,Neha I,Bike,Part-time,4.56,Y
DP03437,Santosh U,Scooter,Full-time,4.64,Y
DP07689,Nikhil A,Scooter,Contract,4.09,Y
DP05475,Rakesh C,Bike,Contract,4.09,Y
DP00716,Suresh S,Bike,Part-time,4.1,N
DP00088,Manoj L,Scooter,Contract,3.84,Y
DP06476,Pooja B,Scooter,Part-time,4.18,Y
DP13824,Ravi H,Car,Contract,4.24,Y
DP11905,Nikhil X,Scooter,Full-time,3.91,N
DP10896,Kiran I,Cycle,Part-time,4.33,Y
DP06030,Rahul F,Scooter,Full-time,3.97,N
DP10357,Neha O,Bike,Full-time,4.29,Y
DP00027,Divya G,Car,Full-time,3.84,N
DP06214,Ravi A,Scooter,Part-time,4.12,Y
DP06422,Priya F,Cycle,Full-time,3.62,Y
DP04408,Deepak D,Scooter,Part-time,4.13,Y
DP14018,Manoj K,Bike,Full-time,4.57,Y
DP09430,Ravi C,Scooter,Part-time,4.4,N
DP14581,Rakesh I,Bike,Full-time,4.04,Y
DP08853,Meena O,Scooter,Contract,4.05,Y
DP03104,Amit W,Bike,Full-time,4.54,Y
DP04069,Rakesh H,Car,Contract,4.01,Y
DP00135,Manoj Q,Scooter,Full-time,4.16,Y
DP12319,Suresh K,Scooter,Full-time,4.82,Y
DP09291,Nikhil C,Scooter,Full-time,4.21,Y
DP03646,Suresh H,Scooter,Full-time,4.45,Y
DP10418,Vikas L,Bike,Full-time,4.58,Y
DP07768,Manoj A,Bike,Full-time,4.94,Y
DP10482,Vikas S,Bike,Part-time,3.76,N
DP11518,Arjun D,Bike,Full-time,4.35,Y
DP09881,Ravi B,Scooter,Part-time,4.49,Y
DP14952,Suresh C,Scooter,Contract,4.16,Y
DP13867,Meena F,Bike,Contract,4.65,Y
DP11785,Ananya I,Bike,Full-time,4.2,Y
DP14963,Shreya X,Scooter,Full-time,4.33,Y
DP11235,Nikhil T,Bike,Full-time,4.33,Y
DP02527,Manoj V,Scooter,Full-time,4.38,Y
DP04204,Amit K,Cycle,Full-time,4.49,Y
DP11997,Divya E,Scooter,Full-time,4.39,Y
DP07537,Sneha M,Bike,Part-time,3.71,N
DP07898,Kiran X,Bike,Part-time,4.28,Y
DP04574,Meena Z,Bike,Contract,4.64,Y
DP08315,Santosh C,Cycle,Full-time,3.81,N
DP11278,Divya E,Cycle,Full-time,4.45,Y
DP03459,Neha Y,Bike,Contract,4.28,N
DP05238,Vikas M,Bike,Full-time,4.6,Y
DP01797,Rakesh W,Bike,Full-time,4.74,N
DP06744,Manoj Y,Bike,Full-time,4.42,Y
DP04838,Priya S,Bike,Contract,5,Y
DP08527,Priya P,Scooter,Contract,4.61,Y
DP05048,Meena M,Car,Full-time,4.65,Y
DP02797,Suresh N,Bike,Full-time,4.89,Y
DP05798,Neha X,Bike,Full-time,4.39,N
DP12105,Ananya I,Bike,Contract,3.6,N
DP10562,Neha Q,Scooter,Part-time,4.71,Y
DP09206,Deepak I,Bike,Contract,4.21,Y
DP04741,Vikas K,Scooter,Part-time,4.28,N
DP00487,Sneha R,Scooter,Contract,4.41,Y
DP09489,Ravi T,Scooter,Full-time,3.87,Y
DP11243,Rakesh I,Bike,Full-time,4.86,Y
DP13085,Rakesh G,Scooter,Part-time,3.81,Y
DP13198,Sneha L,Bike,Full-time,4.52,Y
DP10605,Sneha U,Bike,Full-time,3.9,Y
DP00364,Priya C,Bike,Full-time,3.88,Y
DP04694,Meena F,Bike,Contract,3.6,Y
DP10323,Priya L,Cycle,Contract,4.23,Y
DP01567,Arjun C,Cycle,Contract,4.03,Y
DP14753,Santosh M,Bike,Full-time,4.49,Y
DP09307,Kiran M,Bike,Contract,4.73,Y
DP13880,Divya Z,Bike,Full-time,4.29,Y
DP04562,Shreya C,Bike,Full-time,4.34,Y
DP00908,Ravi U,Car,Full-time,4.5,Y
DP07021,Ravi P,Bike,Contract,4.14,Y
DP01198,Rahul V,Scooter,Full-time,4.46,Y
DP00161,Manoj D,Scooter,Full-time,4.5,Y
DP11859,Neha R,Cycle,Full-time,4.34,Y
DP09653,Ananya D,Bike,Part-time,4.17,Y
DP05674,Vikas W,Scooter,Part-time,4.38,Y
DP01471,Suresh N,Car,Full-time,4.68,Y
DP13683,Vikas P,Scooter,Full-time,4.03,Y
DP04918,Rahul R,Cycle,Full-time,4.61,Y
DP08798,Pooja Z,Scooter,Full-time,4.5,Y
DP14348,Amit X,Scooter,Part-time,3.97,Y
DP00688,Deepak J,Cycle,Part-time,4.07,Y
DP01490,Neha E,Bike,Part-time,4.41,Y
DP11954,Meena M,Bike,Part-time,4.22,Y
DP06716,Santosh Y,Bike,Part-time,4.17,N
DP08890,Sneha Z,Scooter,Full-time,3.97,Y
DP03384,Rahul C,Cycle,Part-time,4.52,Y
DP02762,Meena U,Bike,Part-time,4.62,Y
DP09490,Arjun E,Cycle,Full-time,4.86,Y
DP07719,Suresh U,Scooter,Part-time,3.93,N
DP10205,Divya S,Scooter,Full-time,4.36,N
DP09711,Neha W,Scooter,Part-time,4.63,Y
DP04426,Rahul M,Scooter,Contract,4.04,N
DP03048,Arjun A,Scooter,Full-time,4,Y
DP01654,Meena L,Bike,Part-time,4.2,Y
DP05434,Santosh G,Bike,Full-time,3.72,N
DP13453,Priya I,Bike,Part-time,3.75,Y
DP06543,Vikas C,Cycle,Full-time,3.54,N
DP12864,Divya U,Bike,Part-time,4.41,Y
DP00726,Kiran H,Bike,Full-time,4.1,Y
DP07568,Neha Y,Car,Contract,3.92,Y
DP12201,Shreya U,Bike,Full-time,4.2,Y
DP11001,Shreya J,Scooter,Full-time,3.89,Y
DP09939,Vikas Z,Bike,Full-time,4.59,Y
DP03355,Rahul W,Bike,Part-time,4.7,Y
DP07246,Kiran H,Scooter,Full-time,4.48,Y
DP09304,Ravi L,Scooter,Full-time,4.13,Y
DP14676,Divya A,Scooter,Part-time,4.55,Y
DP10449,Divya A,Scooter,Full-time,4.03,N
DP08722,Ravi L,Scooter,Full-time,4.22,Y
DP11019,Priya Q,Bike,Full-time,4.09,Y
DP00094,Rakesh B,Scooter,Part-time,4.06,Y
DP14810,Meena L,Scooter,Part-time,4.65,Y
DP05910,Nikhil Q,Bike,Full-time,4.39,Y
DP07258,Neha Y,Cycle,Contract,3.86,Y
DP07787,Sneha Q,Cycle,Full-time,3.61,Y
DP10768,Amit B,Bike,Full-time,3.95,Y
DP00655,Ananya Z,Scooter,Full-time,4.16,Y
DP01063,Ananya P,Scooter,Part-time,4.17,Y
DP00414,Amit R,Bike,Part-time,4.32,Y
DP04978,Rakesh N,Scooter,Full-time,4.57,Y
DP13493,Suresh Q,Scooter,Full-time,4.5,Y
DP03365,Ananya P,Scooter,Contract,3.66,Y
DP03212,Santosh I,Scooter,Contract,4.02,Y
DP01094,Suresh R,Scooter,Part-time,3.63,Y
DP11983,Santosh I,Scooter,Contract,4.48,Y
DP05422,Divya P,Bike,Full-time,4.07,Y
DP05743,Manoj R,Bike,Contract,4.41,Y
DP12268,Santosh R,Bike,Contract,4.28,N
DP11637,Arjun V,Bike,Full-time,4.62,Y
DP06863,Rahul D,Scooter,Full-time,4.27,Y
DP04248,Rahul X,Bike,Part-time,4.37,Y
DP09000,Meena I,Scooter,Part-time,4.05,Y
DP01542,Shreya F,Scooter,Part-time,3.9,Y
DP08469,Ananya T,Scooter,Part-time,4.31,Y
DP05509,Suresh X,Bike,Contract,3.84,Y
DP05668,Rakesh Z,Bike,Contract,3.57,Y
DP02628,Ravi D,Bike,Part-time,3.95,N
DP12089,Kiran P,Scooter,Part-time,4.3,Y
DP07662,Ananya N,Bike,Part-time,4.06,Y
DP05506,Rakesh G,Cycle,Full-time,4.31,N
DP08596,Neha B,Scooter,Part-time,4.23,Y
DP06594,Priya O,Scooter,Full-time,4.15,Y
DP03454,Amit H,Bike,Full-time,3.91,N
DP14950,Pooja U,Bike,Full-time,4,Y
DP04268,Manoj B,Bike,Full-time,3.99,Y
DP12565,Ananya Y,Scooter,Part-time,4.39,Y
DP08719,Suresh P,Bike,Part-time,3.88,N
DP00804,Ravi I,Cycle,Contract,4.15,Y
DP14834,Kiran P,Bike,Contract,4.04,Y
DP00903,Priya Q,Scooter,Full-time,3.99,Y
DP03448,Deepak U,Scooter,Full-time,4.34,Y
DP03969,Suresh Y,Bike,Full-time,4.29,Y
DP09472,Rahul R,Bike,Part-time,4.23,Y
DP11370,Rakesh O,Scooter,Full-time,3.74,Y
DP01989,Vikas W,Scooter,Contract,4.05,Y
DP08803,Arjun T,Car,Part-time,4.43,N
DP01046,Rakesh L,Scooter,Full-time,4.03,Y
DP14569,Nikhil J,Bike,Full-time,4.33,N
DP13390,Vikas T,Car,Part-time,4.99,Y
DP11940,Kiran Q,Scooter,Full-time,3.96,Y
DP03946,Manoj Q,Scooter,Full-time,4.2,Y
DP08860,Neha Y,Scooter,Full-time,4.33,Y
DP09492,Arjun H,Bike,Full-time,3.85,Y
DP07950,Arjun L,Scooter,Full-time,4.5,Y
DP02790,Priya P,Cycle,Part-time,4.68,Y
DP14181,Ananya X,Scooter,Full-time,3.68,Y
DP08036,Vikas B,Scooter,Part-time,4.25,Y
DP09726,Pooja H,Scooter,Part-time,3.53,Y
DP04995,Suresh O,Bike,Full-time,4.31,Y
DP08074,Arjun H,Cycle,Part-time,4.47,Y
DP11504,Rahul D,Cycle,Part-time,4.19,Y
DP08080,Arjun Y,Scooter,Full-time,3.88,Y
DP03862,Arjun D,Cycle,Full-time,4.31,Y
DP10154,Meena J,Scooter,Part-time,4.11,N
DP07091,Manoj A,Scooter,Contract,3.87,N
DP13094,Priya M,Scooter,Full-time,4.15,Y
DP13672,Shreya D,Scooter,Full-time,4.75,Y
DP01507,Ravi H,Bike,Contract,4.4,Y
DP09312,Suresh S,Scooter,Contract,4.62,Y
DP05479,Neha M,Scooter,Part-time,4.1,Y
DP13108,Shreya C,Scooter,Part-time,4.06,Y
DP05329,Ananya W,Scooter,Part-time,4.22,Y
DP14867,Rahul R,Scooter,Full-time,3.76,Y
DP08844,Meena L,Bike,Part-time,4.66,Y
DP08125,Arjun T,Scooter,Part-time,4.64,Y
DP14627,Arjun X,Bike,Full-time,3.76,Y
DP02521,Kiran P,Bike,Full-time,4.27,Y
DP11947,Suresh H,Bike,Contract,4.29,Y
DP08345,Vikas G,Bike,Full-time,4.19,Y
DP04922,Kiran T,Scooter,Full-time,4.27,N
DP05076,Rakesh K,Scooter,Contract,4.23,Y
DP07911,Ravi F,Bike,Full-time,4.21,N
DP07214,Shreya T,Bike,Part-time,4.83,Y
DP02311,Ananya C,Bike,Full-time,4.26,Y
DP13554,Amit Q,Cycle,Contract,3.85,Y
DP03569,Ravi W,Scooter,Full-time,3.94,Y
DP10456,Manoj L,Bike,Full-time,4.06,Y
DP01699,Priya Y,Car,Part-time,4.12,Y
DP11415,Manoj T,Scooter,Part-time,3.95,Y
DP09323,Shreya D,Cycle,Full-time,3.71,Y
DP14568,Divya V,Scooter,Contract,3.71,N
DP10634,Ananya M,Bike,Part-time,4.6,Y
DP10620,Santosh A,Bike,Part-time,4.41,Y
DP02150,Rakesh U,Scooter,Part-time,4.14,Y
DP11768,Pooja R,Car,Part-time,4.08,N
DP08637,Shreya K,Scooter,Part-time,4.59,Y
DP07154,Vikas W,Scooter,Full-time,4.49,Y
DP03456,Rakesh S,Scooter,Part-time,4.24,Y
DP14914,Nikhil X,Car,Full-time,3.56,Y
DP12635,Suresh D,Bike,Full-time,4.38,Y
DP05971,Sneha F,Scooter,Full-time,3.88,Y
DP12810,Nikhil O,Scooter,Part-time,4.33,Y
DP06497,Shreya F,Scooter,Full-time,3.51,Y
DP14149,Suresh Q,Car,Full-time,4.52,Y
DP12166,Sneha T,Scooter,Full-time,4.51,Y
DP02827,Sneha T,Scooter,Full-time,3.78,Y
DP01142,Shreya U,Bike,Full-time,4.05,Y
DP04352,Manoj N,Car,Contract,4.02,Y
DP13898,Vikas W,Scooter,Full-time,4.17,Y
DP03587,Vikas Y,Scooter,Contract,3.83,Y
DP12821,Pooja E,Cycle,Full-time,4.68,Y
DP03532,Neha I,Bike,Part-time,4.43,Y
DP12378,Manoj H,Bike,Part-time,4.45,Y
DP14250,Santosh Q,Car,Part-time,4.16,Y
DP05876,Rakesh Q,Scooter,Full-time,4.63,Y
DP03137,Arjun O,Bike,Part-time,3.9,Y
DP13808,Amit K,Scooter,Contract,3.6,Y
DP05780,Nikhil O,Cycle,Part-time,3.87,Y
DP09956,Shreya K,Cycle,Part-time,4.23,Y
DP05911,Santosh D,Bike,Full-time,4.01,Y
DP05188,Priya U,Scooter,Part-time,4.06,Y
DP14770,Neha I,Scooter,Full-time,3.97,Y
DP11682,Vikas F,Cycle,Full-time,4.38,Y
DP02317,Nikhil C,Bike,Full-time,3.56,Y
DP02885,Shreya C,Cycle,Full-time,3.83,Y
DP02280,Nikhil I,Bike,Part-time,4.06,Y
DP09072,Meena C,Car,Part-time,3.57,Y
DP03129,Amit N,Cycle,Part-time,4.51,N
DP01637,Arjun I,Cycle,Full-time,4.55,Y
DP00347,Ananya E,Bike,Full-time,4.48,Y
DP08457,Vikas G,Bike,Full-time,4.23,N
DP07233,Rahul I,Scooter,Full-time,4.45,N
DP09388,Pooja W,Scooter,Part-time,3.59,Y
DP12604,Vikas H,Bike,Part-time,4.29,Y
DP07199,Divya H,Bike,Part-time,4.15,Y
DP11514,Rahul I,Bike,Contract,4.21,Y
DP02654,Meena E,Car,Full-time,4.24,Y
DP02006,Santosh Y,Bike,Full-time,4.25,Y
DP00852,Divya P,Bike,Contract,4.26,Y
DP02299,Ananya U,Bike,Full-time,4.15,Y
DP06131,Shreya E,Bike,Full-time,4.16,N
DP11505,Sneha T,Bike,Full-time,4.53,Y
DP11912,Deepak Q,Cycle,Full-time,4.28,Y
DP06697,Ravi V,Bike,Part-time,4.16,Y
DP01002,Priya L,Scooter,Full-time,4.42,Y
DP07995,Pooja Y,Scooter,Contract,4.53,Y
DP12891,Deepak E,Scooter,Contract,4.38,Y
DP14797,Rahul E,Scooter,Part-time,3.72,Y
DP09353,Manoj G,Bike,Full-time,4.23,Y
DP00631,Shreya L,Scooter,Contract,3.58,Y
DP04455,Rakesh L,Bike,Part-time,3.99,Y
DP02799,Suresh Z,Cycle,Contract,4.57,Y
DP03815,Deepak W,Scooter,Full-time,3.53,Y
DP08947,Divya S,Bike,Part-time,4.19,Y
DP06860,Shreya X,Scooter,Full-time,4.38,N
DP00335,Pooja F,Scooter,Full-time,4.6,Y
DP06538,Nikhil F,Scooter,Part-time,4.09,Y
DP14813,Amit I,Scooter,Full-time,4,Y
DP09071,Priya B,Scooter,Full-time,4.36,Y
DP10007,Rahul S,Bike,Full-time,4.06,Y
DP08244,Neha Q,Bike,Contract,4.66,Y
DP13495,Divya W,Cycle,Full-time,4.31,Y
DP13481,Manoj D,Cycle,Part-time,4.48,N
DP02082,Deepak M,Bike,Full-time,4.68,Y
DP04462,Nikhil O,Scooter,Part-time,4.59,N
DP07487,Manoj G,Scooter,Part-time,4.01,Y
DP01434,Kiran E,Scooter,Contract,4.12,Y
DP11184,Divya W,Cycle,Full-time,4.42,Y
DP05114,Rakesh J,Cycle,Part-time,4.38,Y
DP03404,Kiran W,Car,Contract,4.32,Y
DP10489,Vikas H,Scooter,Full-time,4.77,Y
DP08498,Rahul I,Scooter,Full-time,4.03,Y
DP14599,Priya N,Scooter,Contract,4.16,N
DP07092,Rakesh T,Scooter,Part-time,4.02,N
DP07843,Manoj P,Scooter,Full-time,4.2,N
DP02126,Ananya J,Cycle,Contract,4.36,Y
DP02413,Nikhil F,Bike,Part-time,3.79,Y
DP14109,Arjun D,Bike,Part-time,4.18,N
DP01112,Arjun X,Scooter,Full-time,3.81,Y
DP14143,Suresh L,Bike,Full-time,4.72,Y
DP12384,Rahul T,Cycle,Full-time,4.1,Y
DP03713,Suresh D,Bike,Part-time,4.19,Y
DP08282,Shreya O,Scooter,Full-time,4.3,N
DP10639,Santosh J,Scooter,Contract,3.82,Y
DP05005,Shreya H,Bike,Full-time,3.99,Y
DP10739,Deepak N,Bike,Full-time,4.03,Y
DP06344,Nikhil S,Scooter,Part-time,3.74,Y
DP11955,Rahul A,Scooter,Part-time,4.19,Y
DP07223,Vikas Y,Scooter,Full-time,4.06,Y
DP11367,Shreya V,Scooter,Full-time,4.25,Y
DP09831,Deepak Q,Scooter,Full-time,4.98,Y
DP08662,Amit P,Bike,Part-time,4.18,Y
DP03675,Kiran S,Car,Part-time,4.48,N
DP10038,Rakesh R,Bike,Full-time,4.42,Y
DP13441,Neha V,Cycle,Part-time,3.8,Y
DP12941,Manoj E,Bike,Full-time,4.09,Y
DP12789,Pooja S,Bike,Part-time,3.75,Y
DP05883,Nikhil W,Car,Full-time,4.08,Y
DP06417,Rakesh K,Scooter,Part-time,4.52,Y
DP06667,Rakesh T,Scooter,Full-time,4.48,Y
DP08805,Ravi H,Car,Contract,4.58,Y
DP12783,Pooja B,Bike,Part-time,4.42,Y
DP09997,Manoj O,Bike,Part-time,4.32,Y
DP14782,Pooja Z,Cycle,Full-time,4.13,Y
DP11664,Ravi F,Bike,Full-time,3.97,Y
DP14917,Ananya A,Bike,Part-time,4.07,Y
DP11957,Pooja J,Scooter,Full-time,3.84,Y
DP03704,Deepak K,Scooter,Contract,4.64,Y
DP00288,Suresh X,Scooter,Full-time,4.03,Y
DP02906,Ananya Y,Scooter,Contract,4.42,Y
DP05642,Vikas K,Scooter,Contract,4.3,Y
DP11087,Sneha N,Bike,Full-time,3.95,Y
DP11376,Deepak U,Bike,Full-time,3.62,Y
DP06180,Priya A,Scooter,Full-time,3.66,Y
DP02374,Amit E,Bike,Full-time,4.34,Y
DP06392,Neha H,Scooter,Full-time,3.67,Y
DP14395,Vikas A,Bike,Contract,4.26,Y
DP11752,Vikas F,Bike,Part-time,4.15,Y
DP03113,Ananya R,Cycle,Full-time,4.12,Y
DP05982,Kiran Q,Scooter,Full-time,4.39,Y
DP14650,Neha D,Bike,Contract,4.36,Y
DP09060,Sneha P,Scooter,Contract,4.01,Y
DP09331,Nikhil R,Scooter,Part-time,4.24,Y
DP05635,Rahul M,Scooter,Full-time,4.26,Y
DP06409,Deepak B,Bike,Full-time,4.16,Y
DP12522,Rakesh S,Cycle,Part-time,5,Y
DP10570,Neha K,Cycle,Part-time,4.22,Y
DP08855,Arjun E,Scooter,Contract,3.95,Y
DP12361,Nikhil F,Scooter,Contract,4.02,N
DP13283,Divya H,Bike,Part-time,3.88,Y
DP01873,Ravi O,Bike,Full-time,4.37,Y
DP00491,Ravi H,Scooter,Full-time,4.59,Y
DP04087,Suresh L,Scooter,Full-time,3.77,Y
DP00078,Arjun F,Scooter,Part-time,4.39,Y
DP05708,Shreya Z,Bike,Full-time,3.94,Y
DP03722,Ravi D,Car,Full-time,3.97,Y
DP01493,Ananya R,Bike,Full-time,4.15,Y
DP14252,Suresh T,Bike,Full-time,4.3,Y
DP08063,Meena O,Scooter,Part-time,4.37,Y
DP08786,Ravi O,Scooter,Contract,4.53,Y
DP05784,Divya Z,Scooter,Part-time,3.81,Y
DP03818,Arjun Y,Bike,Full-time,4.83,Y
DP14285,Kiran K,Bike,Full-time,4.39,N
DP05665,Rakesh Z,Bike,Full-time,4.07,Y
DP01942,Neha V,Cycle,Part-time,4.4,Y
DP04829,Suresh Y,Scooter,Part-time,4.45,Y
DP00270,Deepak F,Bike,Contract,4.4,Y
DP07014,Arjun V,Car,Full-time,4.11,Y
DP11315,Deepak N,Bike,Full-time,3.87,Y
DP04361,Neha V,Bike,Part-time,4.68,Y
DP06939,Sneha A,Scooter,Full-time,4.49,Y
DP02020,Pooja B,Cycle,Full-time,4.11,Y
DP05315,Manoj Y,Bike,Part-time,3.46,Y
DP12895,Suresh B,Car,Full-time,3.57,Y
DP02414,Vikas Y,Cycle,Full-time,4.49,Y
DP08748,Kiran Y,Cycle,Part-time,4.46,Y
DP01010,Amit A,Bike,Contract,4.21,Y
DP06325,Arjun M,Scooter,Contract,3.98,Y
DP05829,Priya K,Scooter,Full-time,4.57,Y
DP05343,Neha A,Car,Part-time,4.11,Y
DP12084,Divya L,Cycle,Full-time,3.93,Y
DP01985,Sneha U,Scooter,Full-time,4.47,Y
DP07167,Divya N,Bike,Full-time,4.11,Y
DP05134,Divya U,Cycle,Part-time,4.04,Y
DP13226,Meena W,Bike,Full-time,4.29,Y
DP07856,Manoj W,Scooter,Full-time,4.29,Y
DP09838,Neha R,Bike,Full-time,3.96,Y
DP03754,Ananya F,Cycle,Full-time,4.13,Y
DP03313,Shreya O,Bike,Full-time,3.67,Y
DP07166,Amit J,Cycle,Full-time,4.43,Y
DP06073,Vikas J,Cycle,Contract,4.25,Y
DP05064,Divya F,Cycle,Part-time,4.13,Y
DP04189,Ananya T,Bike,Full-time,3.77,Y
DP11758,Ravi O,Bike,Full-time,4.65,Y
DP11037,Rakesh Q,Bike,Full-time,4.41,N
DP08549,Priya S,Bike,Part-time,4.4,Y
DP11715,Rakesh P,Scooter,Full-time,4.25,Y
DP09738,Meena R,Bike,Part-time,4.16,Y
DP05783,Pooja L,Bike,Contract,4.41,Y
DP08481,Ananya A,Scooter,Full-time,4.41,Y
DP14517,Shreya T,Cycle,Full-time,4.02,Y
DP02803,Rahul H,Cycle,Full-time,3.62,Y
DP00105,Kiran E,Bike,Part-time,4.14,Y
DP03103,Vikas J,Scooter,Contract,4.1,Y
DP08236,Shreya A,Cycle,Full-time,4.61,Y
DP02818,Rahul N,Cycle,Part-time,3.73,Y
DP09659,Manoj U,Cycle,Full-time,4.46,Y
DP04194,Meena L,Bike,Part-time,3.6,Y
DP10420,Deepak M,Scooter,Contract,3.96,Y
DP05811,Santosh B,Scooter,Contract,4.67,Y
DP10980,Vikas K,Cycle,Full-time,4.13,Y
DP05578,Shreya A,Scooter,Full-time,4.02,Y
DP14034,Meena D,Bike,Full-time,4.27,Y
DP03344,Arjun V,Scooter,Full-time,4.22,Y
DP13292,Divya A,Scooter,Part-time,4.26,Y
DP07150,Sneha G,Scooter,Contract,4.81,Y
DP04317,Divya G,Scooter,Full-time,3.99,Y
DP11714,Divya Y,Scooter,Part-time,4.21,Y
DP14606,Amit V,Scooter,Part-time,4,Y
DP00503,Pooja C,Bike,Full-time,4.01,Y
DP10278,Ananya K,Scooter,Part-time,4.35,N
DP12976,Deepak F,Car,Part-time,4.8,Y
DP11121,Divya O,Scooter,Full-time,4.19,Y
DP04959,Kiran P,Bike,Part-time,4.14,Y
DP03202,Suresh J,Scooter,Full-time,4.5,Y
DP09978,Sneha I,Bike,Contract,3.82,N
DP12724,Divya L,Cycle,Contract,4.14,Y
DP02645,Meena P,Scooter,Contract,4.28,Y
DP10142,Deepak X,Scooter,Part-time,4.57,Y
DP08731,Rahul B,Scooter,Full-time,4.3,Y
DP06730,Shreya O,Scooter,Full-time,4.17,Y
DP11480,Kiran E,Scooter,Full-time,4.17,Y
DP08288,Ananya V,Scooter,Contract,4.16,Y
DP02594,Meena T,Cycle,Part-time,4.3,Y
DP05056,Pooja C,Cycle,Full-time,4.45,Y
DP04279,Nikhil N,Scooter,Full-time,4.31,Y
DP14908,Pooja T,Bike,Contract,4.25,Y
DP04551,Nikhil L,Scooter,Full-time,3.77,N
DP07403,Sneha R,Cycle,Part-time,4.39,Y
DP06977,Priya N,Scooter,Full-time,3.81,Y
DP00886,Arjun Y,Scooter,Full-time,4.42,Y
DP11149,Nikhil P,Cycle,Part-time,4.27,Y
DP10085,Neha U,Scooter,Part-time,4.33,Y
DP01334,Priya E,Bike,Contract,4.2,N
DP11094,Ravi I,Bike,Contract,4.29,Y
DP08560,Rahul C,Scooter,Full-time,4.17,Y
DP08589,Arjun O,Scooter,Contract,4.42,Y
DP10659,Kiran M,Bike,Part-time,3.94,Y
DP10533,Vikas X,Bike,Full-time,4.34,Y
DP02106,Meena E,Scooter,Full-time,4.32,Y
DP06483,Suresh Y,Scooter,Full-time,4.14,Y
DP11088,Deepak A,Bike,Contract,3.81,Y
DP01287,Kiran S,Scooter,Full-time,4.54,N
DP01562,Sneha J,Scooter,Full-time,4.18,Y
DP11548,Santosh J,Scooter,Part-time,4.64,Y
DP11238,Sneha K,Scooter,Part-time,3.82,Y
DP10692,Meena W,Scooter,Part-time,4.06,N
DP08962,Suresh A,Bike,Full-time,4.26,Y
DP06176,Manoj Q,Bike,Part-time,4.48,Y
DP06211,Pooja S,Bike,Full-time,4.08,Y
DP10593,Kiran W,Bike,Full-time,4.44,Y
DP12102,Pooja O,Scooter,Contract,4.16,Y
DP08134,Sneha G,Bike,Part-time,4.66,Y
DP12157,Divya B,Scooter,Full-time,3.99,Y
DP03109,Suresh S,Scooter,Part-time,4.53,Y
DP09356,Santosh W,Scooter,Full-time,4.15,Y
DP12863,Suresh S,Bike,Full-time,4.5,Y
DP04483,Shreya D,Scooter,Full-time,4.48,Y
DP02923,Meena C,Scooter,Full-time,4.32,Y
DP08323,Ananya K,Bike,Contract,4.37,Y
DP14872,Vikas H,Scooter,Full-time,3.68,Y
DP05815,Rahul F,Scooter,Full-time,4.5,Y
DP07413,Kiran B,Scooter,Full-time,4.57,Y
DP05207,Vikas W,Cycle,Full-time,4.08,Y
DP04415,Deepak E,Bike,Full-time,4.4,Y
DP08900,Ravi U,Cycle,Part-time,3.88,Y
DP04956,Manoj Y,Scooter,Full-time,4.13,Y
DP08421,Manoj K,Scooter,Contract,4.53,Y
DP02156,Priya J,Bike,Part-time,4.12,Y
DP14725,Priya K,Bike,Contract,3.83,Y
DP09377,Kiran T,Scooter,Full-time,3.78,Y
DP08673,Amit A,Bike,Full-time,4.11,Y
DP07063,Neha R,Scooter,Full-time,4.32,N
DP11132,Neha U,Bike,Part-time,3.78,Y
DP09846,Pooja Y,Cycle,Full-time,4.28,Y
DP06449,Priya I,Bike,Full-time,4.66,Y
DP02141,Divya M,Scooter,Part-time,4.31,Y
DP04494,Rahul O,Bike,Full-time,4.48,Y
DP02394,Nikhil F,Scooter,Full-time,3.75,Y
DP12934,Amit C,Bike,Full-time,4.19,N
DP01625,Santosh P,Scooter,Contract,4.63,Y
DP14552,Nikhil G,Bike,Full-time,4.62,Y
DP04553,Kiran O,Cycle,Part-time,4.45,Y
DP10789,Rakesh A,Car,Part-time,4.45,Y
DP03945,Vikas L,Bike,Full-time,3.95,Y
DP08813,Deepak C,Bike,Full-time,4.14,N
DP13371,Sneha A,Cycle,Full-time,3.93,Y
DP14485,Priya J,Bike,Contract,4.41,Y
DP14413,Santosh D,Scooter,Contract,4.07,Y
DP12142,Vikas D,Scooter,Part-time,3.81,Y
DP04092,Divya D,Scooter,Part-time,4.79,N
DP02245,Pooja W,Scooter,Full-time,4.09,N
DP13547,Ravi Z,Bike,Part-time,4.33,Y
DP14515,Rakesh R,Scooter,Full-time,4.24,Y
DP00386,Rakesh E,Bike,Part-time,4.57,Y
DP07380,Suresh M,Bike,Full-time,4.06,Y
DP11908,Rahul P,Cycle,Full-time,4.48,Y
DP01776,Rahul K,Scooter,Full-time,4.15,Y
DP13665,Amit M,Scooter,Full-time,4.15,Y
DP13326,Rakesh U,Scooter,Part-time,3.93,Y
DP04227,Rakesh J,Scooter,Full-time,4.56,Y
DP00247,Santosh P,Bike,Full-time,4.02,N
DP02899,Ananya A,Scooter,Full-time,4.07,N
DP01719,Suresh A,Scooter,Full-time,4.06,Y
DP14124,Shreya R,Scooter,Contract,4.42,Y
DP07054,Kiran R,Bike,Contract,3.92,Y
DP13409,Suresh U,Cycle,Full-time,4.19,Y
DP14761,Shreya P,Bike,Contract,4.28,Y
DP10924,Meena K,Scooter,Full-time,4.09,Y
DP11597,Sneha M,Scooter,Part-time,4.49,Y
DP13236,Sneha F,Bike,Full-time,4.05,Y
DP08553,Arjun N,Cycle,Full-time,3.93,N
DP06597,Neha I,Scooter,Contract,3.98,Y
DP11139,Arjun I,Bike,Contract,4.33,Y
DP10695,Pooja K,Scooter,Full-time,4.07,Y
DP00754,Meena Y,Scooter,Full-time,4.21,Y
DP02015,Deepak S,Bike,Full-time,4.37,Y
DP08341,Ananya P,Scooter,Contract,4.17,Y
DP06499,Priya T,Bike,Part-time,4,Y
DP11467,Divya V,Bike,Full-time,4.31,Y
DP07026,Amit I,Scooter,Contract,4.34,Y
DP14367,Deepak R,Cycle,Full-time,4.4,N
DP09912,Vikas I,Bike,Full-time,3.59,Y
DP07383,Neha J,Scooter,Full-time,3.78,Y
DP09266,Pooja S,Scooter,Part-time,4.32,Y
DP08810,Sneha F,Bike,Full-time,4.07,Y
DP08494,Arjun Y,Bike,Full-time,4.64,Y
DP08752,Deepak O,Cycle,Contract,3.94,Y
DP08246,Ravi A,Scooter,Full-time,4.04,Y
DP09936,Nikhil L,Scooter,Full-time,4.23,Y
DP12881,Ravi O,Scooter,Full-time,4.48,Y
DP08473,Rakesh S,Bike,Full-time,4.05,Y
DP01920,Pooja S,Scooter,Full-time,4.12,Y
DP01566,Manoj M,Bike,Contract,4.05,Y
DP07379,Rakesh V,Scooter,Full-time,3.92,Y
DP05244,Nikhil X,Scooter,Full-time,4.67,Y
DP01836,Neha G,Bike,Contract,4.09,Y
DP06027,Priya J,Scooter,Full-time,3.66,Y
DP07109,Suresh A,Scooter,Contract,3.89,Y
DP08871,Ravi M,Bike,Full-time,4.05,Y
DP14049,Santosh V,Scooter,Part-time,3.97,Y
DP13624,Rakesh F,Scooter,Part-time,4.08,Y
DP13270,Nikhil G,Bike,Full-time,4.02,N
DP00700,Nikhil Z,Scooter,Part-time,4.24,Y
DP06017,Rakesh W,Scooter,Part-time,4.25,Y
DP04593,Kiran Z,Scooter,Contract,4.22,Y
DP10853,Shreya N,Scooter,Full-time,4.46,Y
DP10421,Sneha I,Scooter,Full-time,4.02,Y
DP07823,Ravi E,Scooter,Full-time,3.93,Y
DP06707,Kiran F,Scooter,Part-time,4.18,Y
DP09459,Rahul R,Cycle,Full-time,3.92,Y
DP09009,Arjun U,Scooter,Part-time,4.15,Y
DP03196,Rakesh O,Scooter,Contract,4.48,Y
DP08160,Manoj G,Bike,Part-time,4.2,Y
DP11848,Suresh T,Scooter,Part-time,4.27,Y
DP13802,Suresh W,Bike,Part-time,4.19,Y
DP04910,Priya B,Scooter,Full-time,3.99,N
DP04406,Meena R,Scooter,Full-time,4.11,Y
DP12823,Vikas J,Scooter,Full-time,3.64,Y
DP06367,Sneha R,Bike,Part-time,4.41,Y
DP10775,Vikas D,Scooter,Full-time,4.48,Y
DP04647,Manoj V,Bike,Part-time,3.96,Y
DP12485,Sneha C,Bike,Full-time,4.15,Y
DP06898,Santosh L,Bike,Part-time,4.28,Y
DP06144,Pooja K,Bike,Part-time,4.34,Y
DP08177,Kiran L,Scooter,Part-time,4.4,Y
DP13282,Sneha X,Cycle,Part-time,3.93,Y
DP05748,Ravi T,Scooter,Part-time,4.42,Y
DP07700,Ananya X,Cycle,Full-time,4.56,Y
DP13796,Neha I,Bike,Contract,4,Y
DP12436,Manoj F,Scooter,Part-time,4.49,Y
DP06037,Nikhil O,Bike,Part-time,3.86,Y
DP06689,Suresh W,Scooter,Full-time,3.99,Y
DP01641,Pooja B,Bike,Full-time,4.37,Y
DP11631,Shreya E,Cycle,Contract,4.32,Y
DP06346,Arjun T,Scooter,Part-time,4.6,Y
DP10821,Sneha W,Scooter,Full-time,3.79,Y
DP01031,Kiran S,Bike,Full-time,4.03,Y
DP05786,Sneha Y,Cycle,Full-time,3.85,Y
DP04528,Ravi X,Scooter,Part-time,4.03,Y
DP11324,Neha L,Bike,Full-time,4.32,Y
DP03274,Arjun T,Bike,Full-time,4.37,Y
DP01089,Manoj A,Bike,Full-time,4.41,Y
DP13120,Meena N,Scooter,Contract,4.15,Y
DP04334,Priya M,Car,Full-time,4.48,Y
DP01870,Shreya P,Scooter,Full-time,4.28,Y
DP14729,Rakesh P,Scooter,Full-time,3.72,Y
DP08971,Neha A,Cycle,Contract,4.18,Y
DP14700,Rahul H,Scooter,Full-time,4.99,Y
DP09555,Deepak I,Scooter,Part-time,4.26,Y
DP12455,Sneha R,Scooter,Part-time,3.8,Y
DP00175,Meena N,Bike,Part-time,4.3,Y
DP00871,Pooja T,Bike,Full-time,4.17,Y
DP12844,Vikas V,Scooter,Part-time,4.03,Y
DP01706,Vikas R,Scooter,Part-time,4.11,Y
DP12447,Suresh Y,Cycle,Contract,4.39,Y
DP07798,Kiran H,Bike,Contract,4.28,N
DP04715,Vikas S,Car,Part-time,4.65,Y
DP00713,Vikas R,Bike,Full-time,4.73,Y
DP00494,Kiran V,Bike,Full-time,4.45,Y
DP14830,Rakesh A,Bike,Part-time,3.8,Y
DP10632,Divya J,Bike,Full-time,4.33,Y
DP13131,Santosh T,Bike,Part-time,4.72,Y
DP00547,Manoj U,Scooter,Full-time,3.74,Y
DP13584,Santosh Q,Scooter,Part-time,4.28,Y
DP12769,Amit G,Scooter,Full-time,4.79,Y
DP06108,Rakesh W,Bike,Contract,4.42,Y
DP09465,Manoj P,Scooter,Full-time,4.2,Y
DP01036,Meena U,Scooter,Full-time,4.11,Y
DP02736,Nikhil P,Bike,Contract,4.07,Y
DP09446,Arjun M,Scooter,Full-time,4.09,Y
DP01267,Deepak V,Bike,Part-time,4.41,Y
DP04389,Ananya I,Cycle,Full-time,3.77,N
DP01861,Ravi N,Cycle,Full-time,4.14,Y
DP07287,Suresh P,Car,Part-time,3.81,Y
DP12643,Rahul V,Bike,Part-time,4.17,Y
DP02982,Rakesh I,Scooter,Part-time,4.11,Y
DP06218,Neha S,Bike,Full-time,4.51,Y
DP00732,Arjun U,Cycle,Contract,4.24,Y
DP09672,Divya G,Bike,Part-time,4.23,Y
DP02448,Priya C,Cycle,Full-time,3.94,Y
DP03265,Santosh I,Scooter,Full-time,4.56,Y
DP00550,Priya N,Scooter,Full-time,4.11,Y
DP10169,Rakesh R,Scooter,Part-time,4.74,Y
DP07930,Priya E,Bike,Full-time,4.27,Y
DP07809,Rahul U,Scooter,Part-time,4.52,Y
DP11194,Santosh Q,Cycle,Full-time,4.71,Y
DP00189,Nikhil F,Bike,Part-time,4.19,Y
DP11870,Suresh E,Scooter,Full-time,4.41,Y
DP10710,Rakesh B,Bike,Full-time,4.62,Y
DP11159,Shreya G,Bike,Part-time,4.2,Y
DP13580,Rakesh Z,Bike,Full-time,4.13,Y
DP04316,Kiran O,Bike,Full-time,4.49,N
DP01927,Meena Y,Bike,Full-time,4.42,Y
DP05481,Suresh B,Car,Part-time,3.97,Y
DP01328,Meena S,Cycle,Contract,4.24,Y
DP12453,Deepak F,Scooter,Full-time,4.25,Y
DP08207,Neha J,Scooter,Full-time,4.22,Y
DP10228,Divya A,Scooter,Contract,4.2,Y
DP09440,Meena O,Bike,Full-time,4.04,Y
DP09631,Neha W,Scooter,Full-time,4.71,Y
DP13918,Manoj D,Scooter,Part-time,3.85,N
DP06228,Rahul S,Cycle,Part-time,3.98,Y
DP04070,Kiran Y,Bike,Part-time,4.75,Y
DP05354,Priya T,Bike,Full-time,4.68,Y
DP09408,Pooja B,Car,Part-time,4.57,Y
DP01274,Manoj H,Scooter,Part-time,4.17,Y
DP14972,Sneha G,Scooter,Part-time,4.17,N
DP02396,Sneha H,Scooter,Full-time,4,Y
DP08289,Nikhil A,Car,Full-time,4.36,Y
DP10699,Shreya N,Scooter,Full-time,3.56,Y
DP06024,Priya R,Bike,Full-time,4.22,Y
DP10887,Deepak O,Bike,Full-time,3.94,Y
DP04247,Vikas X,Bike,Full-time,3.62,Y
DP03222,Kiran Y,Scooter,Full-time,4.2,Y
DP06619,Rakesh G,Scooter,Full-time,4.08,N
DP02888,Deepak I,Scooter,Part-time,3.86,Y
DP07941,Manoj B,Bike,Part-time,3.8,N
DP14998,Suresh K,Cycle,Contract,4.11,Y
DP11262,Vikas A,Bike,Full-time,4.14,N
DP07587,Deepak U,Cycle,Part-time,4.28,Y
DP14837,Rahul O,Cycle,Part-time,3.8,Y
DP00345,Nikhil L,Cycle,Full-time,4.55,Y
DP07786,Priya D,Scooter,Part-time,4.26,Y
DP13597,Santosh F,Bike,Part-time,4.33,Y
DP04938,Divya K,Scooter,Full-time,4.2,Y
DP11500,Sneha J,Bike,Full-time,3.91,N
DP03907,Deepak J,Cycle,Part-time,4.04,Y
DP01544,Meena V,Scooter,Part-time,4.44,Y
DP03619,Divya C,Scooter,Contract,4.59,Y
DP12856,Arjun Y,Bike,Part-time,4.88,Y
DP05875,Ananya D,Bike,Full-time,4.27,N
DP04320,Suresh N,Bike,Full-time,4.21,Y
DP00052,Suresh J,Cycle,Full-time,4.21,Y
DP08201,Nikhil W,Bike,Full-time,3.98,Y
DP14175,Sneha G,Bike,Part-time,3.97,Y
DP01323,Rahul E,Scooter,Contract,3.89,N
DP01041,Nikhil A,Bike,Full-time,4.55,Y
DP14321,Ravi F,Bike,Full-time,3.84,Y
DP11161,Divya K,Scooter,Full-time,3.39,Y
DP04007,Arjun I,Bike,Full-time,4.52,Y
DP12958,Amit L,Scooter,Full-time,4.27,Y
DP00435,Ravi O,Cycle,Part-time,4.41,N
DP02064,Suresh E,Cycle,Full-time,4.12,Y
DP08699,Deepak D,Scooter,Contract,3.56,Y
DP12152,Manoj K,Scooter,Full-time,4.09,Y
DP06348,Meena M,Bike,Part-time,4.06,Y
DP13527,Amit P,Scooter,Full-time,4.54,Y
DP11071,Deepak P,Car,Full-time,4.27,Y
DP01295,Pooja I,Car,Part-time,4.58,Y
DP05243,Ananya K,Scooter,Contract,4.28,N
DP00505,Ananya S,Scooter,Part-time,3.93,N
DP04944,Vikas I,Scooter,Full-time,3.91,Y
DP05069,Priya U,Scooter,Contract,4.19,Y
DP11624,Nikhil Y,Bike,Full-time,4.25,Y
DP09602,Santosh E,Bike,Full-time,4.32,Y
DP09044,Sneha F,Bike,Full-time,4.2,Y
DP07257,Arjun H,Scooter,Full-time,3.74,Y
DP08843,Santosh G,Bike,Contract,4.68,Y
DP07949,Kiran P,Bike,Part-time,4.48,Y
DP01672,Rakesh E,Cycle,Full-time,4.38,Y
DP01896,Neha F,Bike,Full-time,4.16,Y
DP13070,Manoj Y,Bike,Part-time,4.92,Y
DP13773,Manoj J,Scooter,Full-time,4.57,Y
DP01329,Kiran Y,Bike,Contract,3.96,Y
DP01891,Sneha V,Scooter,Full-time,4.49,Y
DP07083,Manoj G,Bike,Full-time,4.34,Y
DP14176,Rahul K,Scooter,Full-time,3.92,Y
DP08054,Amit V,Car,Full-time,4.18,Y
DP05648,Meena Y,Cycle,Full-time,4.35,Y
DP10404,Rahul E,Cycle,Full-time,3.74,Y
DP05978,Suresh P,Scooter,Full-time,4.43,Y
DP12753,Manoj J,Scooter,Part-time,4.32,Y
DP06224,Arjun O,Scooter,Part-time,3.93,Y
DP03967,Sneha E,Bike,Full-time,3.95,Y
DP12099,Vikas Q,Bike,Full-time,4.4,Y
DP09583,Suresh H,Scooter,Contract,4.33,Y
DP12385,Ananya E,Scooter,Contract,4.04,Y
DP05950,Amit X,Cycle,Full-time,4.83,Y
DP01322,Shreya I,Scooter,Part-time,4.17,Y
DP01548,Manoj L,Cycle,Full-time,4.09,Y
DP12228,Pooja K,Scooter,Contract,3.89,Y
DP00132,Nikhil V,Scooter,Part-time,3.89,Y
DP10993,Ravi D,Bike,Contract,4.38,Y
DP08577,Manoj U,Scooter,Part-time,4.17,Y
DP02481,Pooja J,Bike,Contract,3.91,Y
DP13506,Priya F,Scooter,Part-time,4.09,Y
DP01925,Meena W,Bike,Part-time,4.66,Y
DP07622,Meena W,Bike,Full-time,4.38,Y
DP11275,Shreya N,Bike,Full-time,4.24,Y
DP00342,Ananya K,Scooter,Full-time,4.03,Y
DP08154,Priya G,Scooter,Full-time,3.86,Y
DP12106,Meena I,Scooter,Part-time,4.5,Y
DP14425,Ravi I,Scooter,Contract,3.98,N
DP10155,Ananya E,Scooter,Part-time,3.76,Y
DP07462,Manoj F,Scooter,Part-time,4.39,Y
DP03414,Santosh T,Cycle,Part-time,4.14,N
DP00772,Kiran Z,Cycle,Part-time,4.13,Y
DP04460,Rahul P,Bike,Full-time,4.3,Y
DP01680,Manoj C,Scooter,Part-time,3.63,Y
DP03177,Amit I,Scooter,Contract,4.3,Y
DP09469,Pooja K,Bike,Full-time,4.09,Y
DP03324,Ananya W,Bike,Full-time,4.21,Y
DP14245,Priya L,Scooter,Full-time,4.29,Y
DP14717,Pooja I,Bike,Part-time,4.3,N
DP00389,Rakesh I,Bike,Full-time,3.68,Y
DP02752,Ananya M,Scooter,Part-time,3.8,Y
DP11766,Meena O,Cycle,Part-time,4.35,Y
DP09522,Santosh Q,Cycle,Full-time,4.44,Y
DP11160,Santosh Z,Scooter,Full-time,4.32,Y
DP02426,Ananya X,Bike,Full-time,3.58,Y
DP11551,Shreya B,Bike,Full-time,4.15,Y
DP06979,Suresh J,Bike,Full-time,4.36,Y
DP05720,Deepak B,Cycle,Part-time,4.11,Y
DP00701,Nikhil Q,Scooter,Part-time,3.71,Y
DP11025,Suresh G,Scooter,Full-time,4.28,Y
DP14817,Meena X,Scooter,Part-time,4.13,Y
DP03125,Ananya P,Scooter,Full-time,4.55,Y
DP04649,Sneha X,Scooter,Part-time,4.69,Y
DP13440,Arjun J,Bike,Part-time,4.63,Y
DP03451,Neha W,Bike,Full-time,4.29,Y
DP02096,Rakesh T,Cycle,Full-time,3.87,N
DP08829,Sneha B,Scooter,Full-time,3.82,Y
DP14222,Santosh M,Cycle,Full-time,4.02,Y
DP11861,Nikhil I,Bike,Full-time,4.24,Y
DP12045,Sneha N,Cycle,Full-time,4.29,Y
DP06169,Manoj K,Bike,Part-time,4.17,N
DP07476,Ananya D,Bike,Contract,4.23,Y
DP13775,Manoj M,Cycle,Contract,4.07,Y
DP07969,Amit U,Cycle,Full-time,3.99,N
DP00036,Priya F,Bike,Part-time,4.13,Y
DP01023,Neha G,Bike,Part-time,4.04,N
DP08606,Arjun L,Scooter,Part-time,3.92,Y
DP00255,Priya X,Bike,Contract,4.4,Y
DP02352,Divya G,Scooter,Full-time,4.03,Y
DP06143,Kiran C,Cycle,Full-time,4.27,Y
DP14667,Kiran L,Bike,Contract,4.18,Y
DP10506,Vikas U,Scooter,Full-time,3.84,Y
DP07788,Nikhil K,Bike,Contract,3.89,Y
DP02385,Santosh R,Bike,Full-time,4.02,Y
DP05609,Kiran X,Car,Full-time,4.06,N
DP02695,Pooja Z,Scooter,Full-time,3.76,Y
DP03855,Nikhil S,Bike,Full-time,4.61,Y
DP00641,Priya L,Bike,Full-time,3.84,Y
DP08309,Nikhil K,Bike,Full-time,4.43,Y
DP01494,Kiran C,Scooter,Part-time,4.48,Y
DP07684,Sneha M,Bike,Contract,4.01,Y
DP06347,Divya Q,Scooter,Full-time,3.98,N
DP03612,Meena G,Bike,Contract,4.26,Y
DP11241,Neha W,Bike,Contract,3.24,Y
DP13445,Nikhil J,Scooter,Contract,4.02,Y
DP14647,Neha Z,Bike,Contract,4.58,Y
DP06378,Meena S,Car,Part-time,3.68,Y
DP06452,Arjun B,Scooter,Full-time,4.46,Y
DP03322,Vikas A,Scooter,Part-time,3.83,Y
DP01701,Manoj O,Scooter,Full-time,5,N
DP12641,Deepak C,Scooter,Full-time,4.28,Y
DP07625,Santosh Z,Scooter,Full-time,4.22,Y
DP02698,Neha N,Scooter,Part-time,3.99,Y
DP07133,Pooja E,Scooter,Part-time,4.43,Y
DP12915,Pooja J,Cycle,Full-time,4.33,Y
DP02988,Pooja U,Scooter,Part-time,4.57,Y
DP01528,Rahul Y,Bike,Part-time,3.78,Y
DP00848,Deepak K,Scooter,Part-time,4.36,Y
DP09901,Shreya U,Scooter,Full-time,3.88,Y
DP12440,Ananya S,Cycle,Part-time,4.44,Y
DP03352,Arjun O,Scooter,Part-time,4.61,Y
DP10616,Pooja U,Scooter,Full-time,4.16,Y
DP01019,Rakesh E,Bike,Part-time,4,Y
DP09365,Divya X,Scooter,Full-time,4.57,Y
DP13105,Priya K,Bike,Full-time,3.82,Y
DP13673,Kiran M,Cycle,Part-time,3.62,Y
DP05762,Nikhil S,Scooter,Contract,4.5,Y
DP06934,Meena W,Car,Full-time,4,Y
DP07117,Ananya R,Cycle,Full-time,4.75,Y
DP07179,Neha K,Scooter,Part-time,4.59,Y
DP02051,Priya X,Bike,Part-time,4.23,Y
DP11295,Santosh E,Bike,Contract,4.42,Y
DP12762,Shreya A,Scooter,Part-time,4.26,Y
DP00086,Divya R,Bike,Part-time,4.23,Y
DP04988,Sneha B,Cycle,Full-time,4.26,Y
DP14365,Shreya S,Car,Part-time,4.52,Y
DP10271,Suresh H,Bike,Full-time,4.35,Y
DP07254,Divya Z,Cycle,Full-time,4.07,Y
DP05233,Arjun T,Scooter,Full-time,3.85,Y
DP00192,Rahul A,Bike,Full-time,4.47,Y
DP02523,Deepak X,Bike,Full-time,4.41,Y
DP00137,Arjun I,Scooter,Contract,3.76,N
DP05764,Rakesh X,Bike,Full-time,4.13,Y
DP03338,Rakesh T,Cycle,Full-time,3.95,Y
DP13335,Divya G,Bike,Contract,4.45,Y
DP09810,Divya C,Scooter,Full-time,4.22,Y
DP08033,Priya H,Bike,Full-time,4.71,Y
DP12285,Rahul Y,Scooter,Full-time,4.56,Y
DP09558,Sneha X,Scooter,Full-time,4.44,Y
DP01785,Vikas C,Bike,Part-time,4.23,Y
DP08672,Deepak G,Scooter,Full-time,4.81,Y
DP10094,Nikhil W,Bike,Full-time,3.85,Y
DP08301,Santosh Q,Car,Contract,3.99,N
DP00058,Rahul S,Scooter,Full-time,3.98,Y
DP04172,Nikhil O,Bike,Full-time,4.27,N
DP07377,Ravi T,Bike,Full-time,4.25,Y
DP09620,Ravi G,Bike,Full-time,4.13,Y
DP07956,Arjun D,Scooter,Contract,4.02,Y
DP14987,Arjun T,Scooter,Contract,4.5,N
DP08000,Ananya Z,Bike,Contract,4.09,Y
DP04019,Pooja K,Bike,Full-time,4.08,Y
DP09203,Santosh C,Bike,Part-time,4.31,Y
DP09670,Suresh R,Scooter,Full-time,4.01,Y
DP12391,Nikhil A,Scooter,Full-time,4.55,Y
DP00440,Priya V,Scooter,Full-time,4.55,Y
DP00636,Pooja U,Cycle,Part-time,4.29,Y
DP06585,Rahul H,Scooter,Full-time,4.29,Y
DP14414,Ravi S,Scooter,Part-time,4.89,N
DP04921,Arjun Z,Scooter,Full-time,4.16,Y
DP12412,Divya Z,Bike,Full-time,3.66,Y
DP14260,Sneha O,Bike,Full-time,3.41,Y
DP02276,Manoj W,Scooter,Full-time,3.43,Y
DP03580,Ananya V,Scooter,Part-time,4.1,Y
DP05949,Sneha V,Scooter,Full-time,4.05,Y
DP08321,Nikhil Q,Scooter,Part-time,4.32,Y
DP09962,Manoj V,Bike,Full-time,3.8,Y
DP05618,Neha I,Bike,Full-time,4.54,Y
DP03935,Rahul D,Scooter,Full-time,3.95,N
DP06181,Shreya O,Scooter,Part-time,3.81,Y
DP00375,Neha V,Bike,Full-time,4.25,Y
DP03904,Ravi Z,Scooter,Contract,4.04,Y
DP09652,Suresh K,Bike,Full-time,3.97,Y
DP12353,Vikas Z,Car,Part-time,4.18,Y
DP09145,Ananya Z,Cycle,Part-time,4.05,Y
DP02859,Meena E,Scooter,Full-time,3.99,Y
DP14444,Sneha W,Bike,Part-time,4.35,Y
DP04281,Rakesh X,Cycle,Contract,4.31,Y
DP07917,Ananya K,Bike,Part-time,4.31,Y
DP13583,Sneha V,Bike,Full-time,4.2,Y
DP05655,Kiran L,Bike,Full-time,4.11,Y
DP00097,Nikhil M,Cycle,Contract,4.13,N
DP00989,Manoj G,Scooter,Full-time,4.35,Y
DP09678,Priya D,Scooter,Contract,4.31,Y
DP12425,Shreya L,Cycle,Contract,4.6,Y
DP04091,Amit A,Bike,Full-time,4.12,Y
DP07744,Shreya I,Scooter,Full-time,3.99,N
DP00112,Kiran A,Bike,Full-time,4.52,Y
DP03132,Meena A,Bike,Contract,3.99,Y
DP08862,Ananya C,Bike,Full-time,3.85,Y
DP05307,Nikhil W,Cycle,Full-time,4.51,Y
DP03744,Santosh M,Bike,Full-time,3.97,Y
DP03651,Manoj Q,Scooter,Contract,4.67,Y
DP12139,Meena J,Scooter,Full-time,4.22,Y
DP03020,Ravi R,Cycle,Full-time,4.25,Y
DP07265,Amit O,Scooter,Full-time,4.54,Y
DP07745,Neha D,Cycle,Contract,3.88,Y
DP07457,Deepak D,Cycle,Full-time,4.39,Y
DP09212,Manoj Z,Scooter,Part-time,4.47,Y
DP03507,Manoj W,Scooter,Part-time,3.93,Y
DP13366,Manoj T,Scooter,Full-time,3.62,Y
DP12533,Divya A,Scooter,Contract,3.76,N
DP00632,Priya T,Bike,Full-time,4.16,Y
DP12898,Neha U,Scooter,Full-time,4.17,Y
DP10939,Kiran G,Bike,Full-time,4.09,Y
DP09715,Santosh V,Bike,Contract,4.15,N
DP09089,Kiran M,Bike,Part-time,4.01,Y
DP09455,Meena P,Bike,Part-time,3.98,Y
DP04134,Deepak M,Bike,Full-time,3.81,Y
DP01248,Divya B,Scooter,Contract,4.27,N
DP02825,Sneha G,Scooter,Full-time,4.6,Y
DP11547,Deepak O,Bike,Contract,3.8,Y
DP05024,Amit Q,Car,Full-time,4.14,Y
DP12932,Arjun K,Car,Part-time,4.3,Y
DP07578,Ravi W,Bike,Full-time,4.46,Y
DP12813,Priya F,Scooter,Full-time,4.52,Y
DP08102,Priya I,Scooter,Contract,3.89,Y
DP00843,Arjun Z,Cycle,Part-time,3.82,Y
DP09799,Rahul S,Car,Part-time,3.49,Y
DP00149,Sneha U,Scooter,Contract,4.21,N
DP03431,Pooja Z,Scooter,Full-time,4.21,Y
DP01686,Priya F,Cycle,Full-time,4.08,Y
DP14447,Rahul P,Scooter,Full-time,4.16,Y
DP00898,Rahul X,Bike,Part-time,4.72,Y
DP10372,Ravi M,Cycle,Full-time,4.39,Y
DP06690,Rakesh N,Bike,Contract,4.27,Y
DP09303,Kiran P,Bike,Full-time,4.12,Y
DP09811,Deepak E,Scooter,Contract,4.52,Y
DP06431,Nikhil D,Bike,Part-time,3.64,Y
DP10287,Vikas C,Bike,Part-time,4.25,Y
DP12250,Deepak P,Scooter,Part-time,4.06,N
DP13124,Santosh Q,Bike,Part-time,4.34,Y
DP12377,Arjun B,Bike,Full-time,4.67,N
DP02728,Sneha N,Bike,Full-time,3.6,N
DP08586,Divya V,Bike,Full-time,4.48,Y
DP03623,Neha B,Bike,Full-time,4.46,Y
DP03316,Manoj S,Cycle,Contract,3.91,Y
DP10715,Sneha E,Scooter,Full-time,3.94,Y
DP08113,Vikas M,Scooter,Full-time,4.3,Y
DP12656,Kiran Z,Bike,Part-time,3.94,Y
DP00438,Priya R,Cycle,Part-time,4.24,Y
DP06978,Priya R,Bike,Contract,3.72,N
DP12596,Santosh O,Cycle,Full-time,4,Y
DP05553,Arjun Y,Scooter,Part-time,4.13,Y
DP00896,Suresh N,Cycle,Full-time,4.37,Y
DP08376,Arjun Y,Scooter,Part-time,3.92,Y
DP14712,Ananya K,Cycle,Full-time,4.46,Y
DP03557,Santosh F,Cycle,Part-time,4.05,Y
DP11277,Priya E,Scooter,Part-time,4.34,Y
DP03934,Shreya K,Bike,Part-time,4.17,Y
DP00213,Neha F,Bike,Part-time,4.32,Y
DP01226,Priya J,Scooter,Contract,4.29,Y
DP11208,Suresh X,Scooter,Part-time,4.78,Y
DP12192,Pooja K,Bike,Part-time,4.05,N
DP08937,Amit B,Cycle,Full-time,3.89,N
DP08540,Suresh Q,Car,Part-time,4.18,N
DP05621,Nikhil A,Scooter,Contract,4.7,Y
DP04258,Suresh U,Bike,Full-time,4,Y
DP07641,Suresh D,Cycle,Part-time,4.24,Y
DP10064,Deepak A,Bike,Full-time,3.95,Y
DP08519,Pooja Q,Scooter,Part-time,3.97,Y
DP11851,Santosh O,Bike,Part-time,4.55,N
DP06683,Ravi C,Bike,Full-time,4.52,Y
DP01902,Sneha J,Scooter,Full-time,4.43,Y
DP00676,Arjun N,Bike,Part-time,4.73,Y
DP09100,Rahul H,Bike,Contract,3.91,Y
DP09587,Kiran N,Bike,Full-time,4.06,Y
DP14737,Divya L,Scooter,Full-time,4.58,Y
DP09784,Pooja U,Scooter,Part-time,4.43,Y
DP09190,Nikhil O,Scooter,Full-time,4.21,N
DP03505,Ananya P,Scooter,Full-time,4.43,Y
DP02093,Santosh R,Car,Full-time,4.54,Y
DP09159,Ananya C,Bike,Full-time,3.88,Y
DP10250,Kiran R,Scooter,Full-time,4.39,Y
DP05859,Shreya Y,Bike,Full-time,4.31,Y
DP10188,Vikas G,Bike,Part-time,3.8,Y
DP01857,Arjun N,Scooter,Part-time,4.37,N
DP02606,Priya R,Bike,Full-time,4.33,Y
DP02295,Neha H,Bike,Part-time,3.68,Y
DP01218,Rahul E,Bike,Full-time,4.73,Y
DP08776,Neha O,Scooter,Contract,4.28,Y
DP12056,Pooja A,Bike,Contract,3.91,Y
DP02768,Rahul E,Bike,Full-time,4.26,Y
DP12598,Ananya E,Bike,Full-time,4.91,Y
DP14273,Deepak N,Cycle,Contract,4.26,Y
DP00733,Santosh I,Bike,Full-time,4.59,Y
DP02178,Arjun T,Scooter,Contract,4.32,Y
DP06089,Rahul W,Bike,Part-time,3.98,Y
DP14938,Divya U,Scooter,Contract,4.23,N
DP00838,Ravi F,Car,Part-time,3.97,N
DP10184,Kiran C,Bike,Part-time,4.11,Y
DP07332,Divya J,Cycle,Contract,4.47,Y
DP03290,Priya G,Bike,Part-time,4.21,Y
DP10986,Amit D,Cycle,Full-time,3.72,Y
DP00581,Suresh U,Car,Part-time,4.12,Y
DP10969,Vikas I,Bike,Contract,4.19,Y
DP12854,Arjun R,Scooter,Part-time,3.97,Y
DP05976,Vikas P,Scooter,Part-time,4.37,Y
DP08856,Rahul D,Scooter,Full-time,4.14,Y
DP09569,Rakesh D,Bike,Part-time,4.75,Y
DP02045,Meena X,Bike,Contract,3.7,Y
DP00584,Vikas K,Bike,Full-time,4.12,Y
DP10732,Santosh T,Car,Part-time,4.37,Y
DP08152,Sneha N,Bike,Part-time,4.3,N
DP04221,Amit D,Bike,Full-time,4.16,Y
DP04627,Suresh Y,Scooter,Part-time,4.08,Y
DP09475,Priya D,Bike,Full-time,4.48,Y
DP06701,Rakesh L,Scooter,Full-time,4.13,Y
DP14682,Rakesh L,Scooter,Part-time,4.31,Y
DP09114,Santosh W,Bike,Full-time,4.39,Y
DP01913,Nikhil C,Scooter,Contract,4.12,Y
DP13151,Amit Z,Bike,Full-time,4.47,Y
DP13985,Meena S,Bike,Full-time,4.28,Y
DP02170,Amit M,Bike,Full-time,3.95,Y
DP06279,Kiran O,Bike,Full-time,3.77,Y
DP14971,Meena X,Cycle,Part-time,3.9,Y
DP05794,Manoj N,Scooter,Contract,4.8,N
DP04989,Divya Z,Cycle,Full-time,4.08,Y
DP02336,Neha B,Scooter,Full-time,4.05,Y
DP01406,Manoj U,Bike,Part-time,4.54,Y
DP03986,Ananya C,Car,Part-time,4.54,Y
DP00924,Pooja O,Scooter,Full-time,4.4,Y
DP07862,Vikas Y,Scooter,Contract,3.56,Y
DP03115,Neha H,Scooter,Contract,4.11,N
DP06220,Kiran I,Cycle,Part-time,3.48,Y
DP06992,Nikhil A,Scooter,Contract,4.32,Y
DP11380,Shreya X,Scooter,Part-time,3.64,N
DP11520,Rahul Y,Scooter,Full-time,3.91,Y
DP12452,Deepak N,Bike,Full-time,4.01,N
DP07127,Meena Y,Bike,Contract,4.53,Y
DP05513,Kiran N,Bike,Full-time,4.23,N
DP12475,Arjun L,Scooter,Full-time,4.03,N
DP06967,Ravi Z,Cycle,Full-time,4.11,Y
DP12092,Deepak V,Cycle,Part-time,3.84,Y
DP12633,Sneha F,Bike,Full-time,4.55,Y
DP11108,Priya R,Scooter,Contract,4.4,Y
DP05903,Vikas R,Bike,Full-time,4.02,Y
DP10508,Priya Z,Bike,Contract,3.94,Y
DP11572,Arjun I,Bike,Contract,4.35,Y
DP08468,Ananya P,Bike,Contract,3.8,Y
DP00652,Shreya R,Scooter,Part-time,4.26,N
DP10166,Meena I,Cycle,Full-time,4.1,Y
DP11331,Santosh W,Bike,Part-time,4.02,Y
DP01017,Neha K,Scooter,Part-time,3.88,Y
DP06574,Shreya U,Bike,Part-time,4.2,Y
DP12896,Rakesh Q,Scooter,Full-time,3.76,Y
DP06524,Rakesh M,Scooter,Contract,4.07,Y
DP07607,Ravi S,Scooter,Full-time,4.19,N
DP00683,Shreya I,Bike,Full-time,3.9,N
DP03577,Manoj F,Bike,Full-time,4.03,Y
DP04504,Pooja H,Bike,Full-time,4.71,Y
DP12715,Meena Y,Cycle,Full-time,4.6,Y
DP04269,Kiran O,Scooter,Full-time,4.5,N
DP10071,Sneha G,Scooter,Part-time,4.32,Y
DP07042,Santosh S,Scooter,Full-time,3.44,Y
DP08667,Santosh G,Bike,Full-time,4.29,Y
DP01915,Priya K,Scooter,Full-time,4.1,Y
DP05206,Suresh V,Bike,Contract,4.12,Y
DP04625,Santosh W,Bike,Full-time,3.65,Y
DP02684,Sneha C,Scooter,Full-time,4.01,Y
DP05835,Nikhil Y,Bike,Contract,4.65,N
DP05906,Amit U,Bike,Full-time,3.43,Y
DP04748,Sneha L,Bike,Part-time,4.77,Y
DP03122,Priya U,Scooter,Contract,4.31,Y
DP06198,Arjun Y,Scooter,Contract,4.02,Y
DP02626,Meena R,Scooter,Full-time,4.46,Y
DP01296,Divya U,Scooter,Full-time,3.74,Y
DP11931,Santosh R,Bike,Full-time,4.7,Y
DP11794,Meena D,Bike,Full-time,4.9,Y
DP13084,Suresh X,Bike,Part-time,4.3,Y
DP03738,Suresh G,Scooter,Full-time,4.51,Y
DP07515,Meena D,Scooter,Full-time,4.28,Y
DP01368,Shreya X,Scooter,Full-time,4.02,Y
DP08725,Sneha J,Cycle,Part-time,3.89,Y
DP00281,Santosh M,Bike,Full-time,4.12,Y
DP12589,Santosh O,Scooter,Contract,3.98,Y
DP08218,Amit D,Bike,Contract,4.03,Y
DP08367,Ravi O,Scooter,Full-time,3.43,Y
DP09850,Shreya B,Cycle,Part-time,4.13,Y
DP02084,Kiran M,Bike,Full-time,4.24,Y
DP14884,Neha Q,Scooter,Part-time,4.68,Y
DP12647,Manoj A,Bike,Full-time,5,Y
DP13098,Rakesh F,Bike,Full-time,3.51,Y
DP08881,Divya H,Bike,Part-time,4.18,Y
DP08850,Suresh P,Scooter,Part-time,4.4,Y
DP06856,Rakesh Y,Bike,Full-time,4.07,Y
DP04001,Suresh D,Scooter,Contract,4.53,Y
DP12354,Neha F,Bike,Contract,4.07,Y
DP03419,Amit I,Scooter,Part-time,4.62,Y
DP13783,Deepak E,Scooter,Full-time,4,Y
DP13303,Vikas K,Scooter,Contract,3.87,N
DP02162,Sneha I,Scooter,Part-time,3.8,Y
DP03608,Rakesh Y,Bike,Full-time,5,Y
DP01339,Meena I,Bike,Full-time,4.33,Y
DP06808,Deepak H,Cycle,Full-time,3.95,Y
DP13057,Manoj N,Scooter,Full-time,3.5,Y
DP13340,Rakesh E,Bike,Full-time,4.71,Y
DP11998,Amit E,Cycle,Full-time,4.45,Y
DP04323,Manoj H,Cycle,Contract,4.09,Y
DP04658,Ananya V,Cycle,Part-time,4.46,Y
DP12532,Deepak N,Scooter,Contract,4.68,Y
DP03779,Pooja U,Scooter,Contract,3.76,Y
DP02980,Pooja U,Bike,Full-time,3.8,Y
DP06736,Vikas J,Bike,Full-time,4.33,Y
DP11219,Nikhil E,Car,Full-time,4.37,Y
DP09524,Suresh V,Scooter,Part-time,4.01,Y
DP06745,Deepak N,Scooter,Contract,4.54,Y
DP02030,Vikas D,Scooter,Full-time,4.19,Y
DP01606,Nikhil A,Bike,Full-time,4.4,Y
DP12869,Pooja E,Cycle,Full-time,3.69,Y
DP08482,Deepak V,Bike,Full-time,4.72,Y
DP13630,Rahul E,Scooter,Part-time,4.31,Y
DP01702,Arjun P,Cycle,Full-time,4.28,Y
DP10787,Amit A,Bike,Full-time,4.03,Y
DP02952,Pooja K,Bike,Contract,4.23,Y
DP07657,Manoj D,Car,Contract,4.6,Y
DP05431,Deepak E,Scooter,Contract,4.33,Y
DP04671,Deepak B,Bike,Full-time,3.55,N
DP13118,Meena A,Cycle,Contract,4.2,N
DP11479,Deepak N,Bike,Full-time,4.51,N
DP00053,Sneha I,Bike,Contract,4.43,Y
DP03433,Priya R,Bike,Part-time,3.91,Y
DP13611,Kiran H,Car,Part-time,3.67,Y
DP08690,Santosh H,Bike,Contract,3.74,Y
DP04672,Manoj U,Scooter,Contract,4.37,Y
DP14550,Deepak W,Scooter,Full-time,4.02,Y
DP13126,Kiran N,Scooter,Full-time,4.09,Y
DP10497,Pooja T,Scooter,Contract,4.41,Y
DP11871,Suresh C,Car,Full-time,4,Y
DP03814,Nikhil T,Scooter,Part-time,4.49,Y
DP12337,Amit B,Scooter,Full-time,4.17,Y
DP06281,Rahul J,Cycle,Contract,4.34,Y
DP14417,Ravi Z,Scooter,Part-time,3.92,Y
DP11306,Deepak O,Bike,Part-time,3.81,Y
DP14133,Ananya K,Bike,Contract,4.33,Y
DP08243,Divya P,Bike,Part-time,4.26,Y
DP08464,Nikhil O,Bike,Full-time,4.38,N
DP08974,Rahul N,Bike,Full-time,4.14,N
DP12234,Pooja S,Bike,Part-time,4.06,Y
DP12787,Divya N,Cycle,Part-time,4.06,Y
DP08963,Amit F,Bike,Full-time,4.39,Y
DP08295,Nikhil E,Bike,Full-time,4.11,Y
DP11459,Ravi P,Bike,Part-time,5,Y
DP12131,Arjun I,Bike,Full-time,4.3,Y
DP00674,Priya Z,Bike,Contract,4.04,N
DP01970,Pooja V,Scooter,Full-time,3.69,Y
DP00531,Suresh Z,Scooter,Contract,4.4,Y
DP00510,Santosh W,Bike,Contract,3.93,Y
DP06155,Deepak K,Scooter,Full-time,4.33,Y
DP06335,Rahul G,Scooter,Full-time,4.38,Y
DP00530,Pooja A,Scooter,Contract,3.51,N
DP02613,Amit A,Bike,Contract,4.26,Y
DP13675,Meena O,Cycle,Full-time,4.3,Y
DP04855,Shreya O,Cycle,Part-time,4.47,Y
DP09937,Ravi V,Scooter,Part-time,4.18,N
DP04680,Neha G,Bike,Part-time,4.31,Y
DP07428,Nikhil H,Scooter,Contract,4.11,Y
DP12696,Pooja J,Car,Part-time,4.48,Y
DP01519,Nikhil U,Bike,Full-time,3.95,Y
DP11483,Shreya F,Cycle,Full-time,4.6,Y
DP07536,Sneha I,Cycle,Full-time,4.44,Y
DP05608,Sneha L,Scooter,Full-time,4.09,Y
DP14888,Amit B,Scooter,Full-time,3.85,Y
DP00160,Rakesh C,Scooter,Part-time,4.37,Y
DP03600,Deepak E,Scooter,Contract,4.66,Y
DP12766,Arjun F,Bike,Full-time,4.62,Y
DP05774,Santosh S,Bike,Full-time,4.78,Y
DP13428,Meena S,Cycle,Part-time,3.83,Y
DP07751,Divya Q,Bike,Full-time,3.88,Y
DP02112,Meena Z,Scooter,Full-time,3.86,Y
DP10359,Kiran W,Bike,Part-time,4.07,N
DP10235,Pooja Y,Cycle,Full-time,4.31,Y
DP01608,Amit G,Bike,Contract,3.88,N
DP03055,Ananya H,Scooter,Part-time,4.49,Y
DP14411,Amit F,Scooter,Full-time,3.82,Y
DP14619,Rakesh Q,Bike,Full-time,4.01,Y
DP13836,Kiran G,Scooter,Full-time,4.68,Y
DP07121,Manoj W,Scooter,Contract,4.56,Y
DP01395,Suresh K,Bike,Full-time,4.45,Y
DP13912,Nikhil Q,Bike,Part-time,4.29,Y
DP05200,Deepak H,Scooter,Contract,3.76,Y
DP05500,Santosh I,Car,Part-time,4.21,Y
DP14915,Manoj Q,Scooter,Part-time,4.17,Y
DP12971,Amit P,Scooter,Part-time,4.3,Y
DP00777,Rahul Q,Bike,Part-time,3.94,Y
DP01299,Sneha H,Bike,Full-time,4.02,Y
DP09808,Deepak B,Cycle,Contract,3.87,N
DP11231,Divya P,Bike,Full-time,4.26,Y
DP14663,Kiran Y,Scooter,Contract,4.12,Y
DP03792,Shreya X,Bike,Part-time,4.27,Y
DP07263,Nikhil K,Cycle,Full-time,4.27,Y
DP00054,Priya L,Bike,Part-time,3.97,Y
DP05623,Suresh S,Cycle,Full-time,3.88,Y
DP02134,Shreya W,Bike,Contract,4.27,Y
DP04596,Kiran W,Scooter,Part-time,4.02,N
DP13791,Ananya V,Scooter,Contract,3.79,Y
DP12410,Ravi U,Bike,Part-time,4.52,N
DP01225,Divya I,Scooter,Full-time,3.85,Y
DP13617,Ananya V,Bike,Part-time,4.57,Y
DP01517,Vikas B,Scooter,Full-time,4.29,Y
DP04108,Vikas S,Scooter,Full-time,4.17,Y
DP09913,Pooja L,Scooter,Full-time,4.84,Y
DP01609,Ravi X,Bike,Part-time,4.63,Y
DP12347,Pooja O,Bike,Part-time,4.61,N
DP01618,Neha J,Scooter,Full-time,4.36,Y
DP02532,Nikhil G,Bike,Contract,4.56,Y
DP05590,Meena D,Cycle,Contract,4.34,N
DP00927,Arjun V,Bike,Full-time,4.34,Y
DP00569,Pooja J,Bike,Part-time,4.24,Y
DP09807,Rahul N,Scooter,Full-time,3.91,Y
DP08880,Meena P,Bike,Part-time,4.33,Y
DP02138,Divya X,Bike,Part-time,4.06,Y
DP00140,Rakesh N,Bike,Full-time,3.8,Y
DP07449,Sneha V,Bike,Contract,4.12,Y
DP02074,Ananya P,Bike,Full-time,4.39,Y
DP06581,Manoj C,Bike,Contract,4.21,Y
DP00883,Kiran B,Scooter,Full-time,3.87,Y
DP08863,Ananya L,Bike,Part-time,4.3,Y
DP08340,Santosh A,Bike,Full-time,4.03,Y
DP05521,Arjun G,Scooter,Full-time,4.11,Y
DP09736,Rakesh R,Cycle,Full-time,4.24,Y
DP01157,Priya Q,Car,Part-time,3.79,Y
DP07538,Neha Y,Cycle,Part-time,4.23,Y
DP09410,Santosh O,Scooter,Part-time,3.71,Y
DP07068,Rahul K,Scooter,Full-time,3.99,Y
DP06311,Kiran I,Scooter,Full-time,4.15,Y
DP04187,Arjun Z,Scooter,Contract,4.5,Y
DP10863,Rakesh R,Bike,Full-time,4.41,Y
DP13404,Kiran I,Bike,Contract,4.81,Y
DP12712,Suresh F,Bike,Full-time,3.94,Y
DP11829,Shreya D,Bike,Part-time,3.87,Y
DP13793,Sneha O,Bike,Contract,4.38,Y
DP10183,Kiran K,Scooter,Contract,4.21,Y
DP00879,Meena Z,Scooter,Full-time,4.07,Y
DP00514,Pooja O,Scooter,Part-time,4.03,Y
DP02618,Neha M,Car,Full-time,4.31,Y
DP10386,Vikas U,Bike,Contract,4.22,Y
DP07112,Pooja F,Bike,Full-time,3.66,Y
DP05044,Manoj E,Car,Full-time,4.48,Y
DP02625,Pooja A,Scooter,Full-time,3.87,Y
DP13250,Amit Z,Bike,Full-time,4.15,Y
DP03100,Nikhil J,Bike,Contract,4.05,Y
DP13995,Santosh U,Bike,Part-time,4.28,Y
DP01068,Ananya V,Scooter,Contract,4.89,Y
DP08570,Santosh G,Scooter,Full-time,3.8,Y
DP13417,Pooja M,Bike,Full-time,4.17,N
DP12387,Nikhil S,Scooter,Contract,4.2,Y
DP10501,Vikas P,Bike,Full-time,4.5,Y
DP14458,Vikas B,Car,Full-time,4.02,Y
DP14487,Vikas L,Cycle,Full-time,4.52,N
DP13688,Santosh K,Bike,Full-time,4.29,Y
DP10492,Shreya W,Bike,Part-time,4.51,Y
DP09176,Santosh I,Bike,Full-time,3.85,N
DP14764,Amit G,Scooter,Contract,4.13,Y
DP04576,Kiran K,Bike,Full-time,3.81,Y
DP04297,Pooja I,Bike,Part-time,4.17,N
DP04000,Rahul D,Scooter,Full-time,4.38,Y
DP04167,Kiran F,Car,Full-time,4.18,Y
DP07212,Shreya Q,Cycle,Full-time,4.15,Y
DP09593,Rakesh R,Bike,Part-time,4.22,Y
DP07172,Priya Z,Scooter,Part-time,3.94,Y
DP08324,Nikhil G,Scooter,Full-time,4.25,Y
DP04913,Nikhil C,Cycle,Part-time,3.63,Y
DP08488,Pooja H,Scooter,Contract,4.04,Y
DP09966,Deepak H,Bike,Full-time,4.68,Y
DP01301,Shreya N,Scooter,Full-time,4.35,Y
DP11845,Meena T,Car,Full-time,4.19,Y
DP02061,Arjun T,Cycle,Full-time,4.18,Y
DP06304,Kiran O,Bike,Contract,4.42,N
DP04841,Priya S,Scooter,Full-time,4.9,Y
DP02766,Divya Z,Scooter,Contract,4.29,Y
DP06834,Sneha V,Scooter,Part-time,4.2,N
DP04769,Vikas Y,Bike,Full-time,3.68,Y
DP03227,Suresh O,Scooter,Contract,3.95,Y
DP00626,Santosh R,Scooter,Full-time,4.11,Y
DP00509,Manoj Z,Scooter,Part-time,4.03,Y
DP10836,Divya S,Scooter,Full-time,4.7,Y
DP09693,Suresh T,Scooter,Part-time,4.03,Y
DP07173,Manoj I,Bike,Full-time,3.52,Y
DP08816,Suresh A,Bike,Full-time,4.03,Y
DP12404,Santosh G,Bike,Contract,3.6,Y
DP11256,Ravi Y,Bike,Part-time,4.24,Y
DP11773,Priya X,Bike,Part-time,4.6,Y
DP11952,Deepak U,Scooter,Full-time,4.66,N
DP13356,Vikas W,Scooter,Part-time,4.51,Y
DP06805,Priya N,Cycle,Contract,4.15,Y
DP11007,Rakesh U,Bike,Full-time,4.09,Y
DP07826,Santosh B,Cycle,Full-time,4.49,Y
DP14251,Priya D,Scooter,Full-time,4.01,Y
DP14363,Vikas E,Bike,Contract,4.17,N
DP04623,Rakesh V,Bike,Full-time,4.39,Y
DP14021,Suresh G,Scooter,Full-time,4.53,Y
DP09180,Meena B,Bike,Full-time,3.86,N
DP13564,Suresh G,Cycle,Contract,4.38,Y
DP13027,Kiran K,Scooter,Part-time,4,Y
DP10050,Deepak N,Scooter,Part-time,4.06,Y
DP00191,Arjun W,Scooter,Contract,4.71,Y
DP14100,Vikas N,Scooter,Part-time,4.09,Y
DP02229,Neha W,Bike,Full-time,4.02,Y
DP12148,Suresh W,Scooter,Full-time,4.34,Y
DP10390,Vikas N,Bike,Contract,3.85,N
DP04005,Manoj T,Bike,Full-time,4.19,N
DP05992,Ananya Q,Bike,Full-time,4.29,Y
DP05582,Rahul R,Cycle,Part-time,4.93,Y
DP10518,Nikhil S,Scooter,Full-time,4.63,Y
DP00275,Kiran K,Cycle,Full-time,4.8,Y
DP00012,Ravi W,Scooter,Contract,4.27,Y
DP02487,Vikas D,Bike,Part-time,4.49,Y
DP10106,Rahul Q,Bike,Full-time,3.9,Y
DP05659,Meena A,Scooter,Full-time,4.34,Y
DP06727,Vikas Y,Bike,Contract,3.92,Y
DP08393,Vikas F,Bike,Full-time,3.83,Y
DP12676,Pooja U,Cycle,Contract,4.04,N
DP12389,Sneha N,Bike,Full-time,4.13,Y
DP10795,Suresh C,Bike,Contract,3.77,Y
DP12191,Amit U,Cycle,Full-time,3.65,Y
DP06958,Sneha D,Bike,Part-time,4.32,Y
DP06186,Santosh S,Bike,Part-time,4,Y
DP04888,Manoj X,Scooter,Contract,4.18,Y
DP02873,Vikas S,Bike,Full-time,4.77,Y
DP07270,Suresh H,Bike,Contract,4.66,Y
DP09173,Arjun M,Bike,Full-time,3.97,Y
DP00979,Meena H,Bike,Full-time,4.28,Y
DP02310,Deepak Z,Bike,Full-time,4.49,Y
DP11865,Santosh B,Scooter,Full-time,4.65,Y
DP09300,Nikhil W,Bike,Part-time,4.53,Y
DP13512,Amit Q,Scooter,Part-time,4.19,Y
DP05667,Suresh B,Scooter,Full-time,4.16,Y
DP14609,Arjun Y,Cycle,Part-time,3.54,Y
DP00057,Shreya H,Bike,Full-time,3.74,Y
DP14400,Divya Y,Bike,Part-time,3.9,Y
DP00005,Suresh T,Scooter,Full-time,4.42,Y
DP11928,Shreya V,Scooter,Full-time,4.04,Y
DP14707,Arjun R,Bike,Part-time,4.07,Y
DP06074,Meena Z,Scooter,Contract,4.2,N
DP07491,Priya D,Bike,Contract,5,N
DP03764,Nikhil B,Scooter,Part-time,4.09,Y
DP07358,Sneha G,Scooter,Full-time,4.34,Y
DP06042,Neha L,Scooter,Part-time,4.55,Y
DP14820,Amit C,Bike,Full-time,4.88,Y
DP02132,Rakesh T,Bike,Full-time,4.11,Y
DP03099,Rakesh C,Bike,Part-time,3.31,Y
DP14017,Santosh R,Bike,Full-time,4.41,Y
DP05922,Ravi O,Bike,Full-time,4.13,Y
DP10621,Rakesh X,Scooter,Full-time,4.12,Y
DP13110,Pooja D,Bike,Full-time,4.38,Y
DP06611,Ravi N,Scooter,Full-time,3.72,Y
DP07794,Shreya D,Scooter,Part-time,4.58,Y
DP07366,Suresh U,Scooter,Contract,4.66,Y
DP01426,Kiran Q,Bike,Full-time,3.96,Y
DP08157,Deepak V,Scooter,Contract,3.87,N
DP09357,Meena L,Cycle,Full-time,4.18,Y
DP12002,Deepak E,Scooter,Contract,4.48,Y
DP00472,Sneha K,Scooter,Full-time,4.45,Y
DP05719,Ravi X,Scooter,Full-time,4.61,Y
DP06385,Ravi W,Bike,Full-time,4.06,Y
DP03467,Shreya L,Bike,Part-time,3.92,Y
DP08615,Suresh B,Cycle,Part-time,3.91,Y
DP05725,Neha M,Bike,Part-time,4.54,Y
DP00329,Nikhil F,Scooter,Part-time,4.34,Y
DP11048,Ravi X,Scooter,Full-time,4.17,Y
DP01282,Meena X,Bike,Full-time,4.72,Y
DP12674,Nikhil P,Scooter,Part-time,4.32,Y
DP11291,Ananya N,Scooter,Contract,4.02,Y
DP10886,Amit O,Bike,Part-time,4.22,Y
DP14956,Neha C,Scooter,Part-time,4.27,Y
DP07739,Ravi H,Bike,Full-time,4.24,N
DP14590,Neha U,Cycle,Part-time,3.71,Y
DP13049,Arjun T,Car,Contract,3.48,Y
DP03589,Santosh W,Scooter,Full-time,4.31,Y
DP04110,Kiran D,Bike,Part-time,4.04,Y
DP04079,Pooja I,Bike,Full-time,4.29,Y
DP04980,Suresh S,Cycle,Contract,4.26,Y
DP04467,Divya Q,Bike,Part-time,4.52,N
DP08539,Sneha X,Bike,Full-time,4.22,Y
DP00170,Neha T,Scooter,Contract,4.03,Y
DP13730,Vikas Y,Bike,Contract,4.41,Y
DP07818,Kiran E,Scooter,Part-time,4.43,Y
DP06397,Suresh Y,Scooter,Part-time,4.31,Y
DP06212,Sneha E,Scooter,Full-time,4.18,N
DP02856,Priya Y,Bike,Contract,3.68,Y
DP04350,Rakesh U,Cycle,Full-time,4.13,Y
DP09065,Santosh S,Cycle,Part-time,4,Y
DP09589,Nikhil Q,Bike,Full-time,4.16,Y
DP03199,Rakesh I,Bike,Part-time,4.15,Y
DP09178,Arjun C,Scooter,Part-time,4.15,N
DP13202,Neha Q,Cycle,Part-time,4.37,N
DP12478,Rakesh R,Scooter,Contract,4.36,Y
DP03698,Nikhil F,Scooter,Part-time,4.51,Y
DP01639,Pooja C,Cycle,Part-time,4.52,Y
DP12422,Priya Q,Car,Contract,3.58,Y
DP03899,Rahul T,Bike,Contract,3.97,Y
DP06532,Kiran J,Cycle,Part-time,3.74,Y
DP07253,Deepak U,Bike,Part-time,3.98,Y
DP13715,Rahul S,Bike,Part-time,4.16,Y
DP07733,Sneha Z,Car,Part-time,3.95,N
DP04699,Ananya L,Cycle,Part-time,4.3,Y
DP02238,Manoj C,Bike,Full-time,4.22,Y
DP08412,Rakesh C,Bike,Part-time,3.59,N
DP13081,Sneha O,Scooter,Full-time,4.05,Y
DP09708,Suresh P,Scooter,Contract,4.14,N
DP03015,Rahul A,Bike,Full-time,3.79,Y
DP14506,Suresh N,Bike,Full-time,3.92,Y
DP12372,Ravi S,Cycle,Part-time,4.62,Y
DP09609,Divya O,Scooter,Full-time,4.41,Y
DP12582,Amit P,Scooter,Part-time,4.44,Y
DP10298,Ananya M,Scooter,Full-time,3.49,Y
DP00092,Santosh T,Bike,Full-time,4.08,Y
DP14032,Santosh Q,Bike,Contract,3.89,Y
DP13114,Divya R,Bike,Contract,3.81,Y
DP12454,Neha R,Scooter,Contract,3.41,N
DP05568,Manoj O,Bike,Full-time,4.22,Y
DP08525,Arjun P,Bike,Full-time,3.93,N
DP13893,Deepak N,Bike,Part-time,3.89,Y
DP08165,Pooja W,Bike,Full-time,4.41,Y
DP10988,Divya P,Bike,Part-time,4.58,Y
DP14277,Ravi I,Scooter,Full-time,4.2,Y
DP14927,Shreya Q,Scooter,Full-time,3.98,Y
DP12392,Kiran S,Bike,Full-time,3.31,Y
DP12155,Shreya R,Bike,Part-time,4.09,Y
DP13873,Divya A,Scooter,Part-time,4.26,Y
DP01007,Rakesh X,Cycle,Full-time,4.37,N
DP02067,Nikhil K,Cycle,Full-time,3.9,Y
DP12308,Meena R,Bike,Part-time,4.18,N
DP03711,Manoj P,Bike,Full-time,4.44,Y
DP07342,Nikhil Z,Bike,Full-time,4.23,Y
DP11769,Priya L,Bike,Full-time,4.05,Y
DP07070,Rakesh M,Car,Full-time,4.73,Y
DP05664,Ravi M,Scooter,Part-time,3.62,Y
DP11934,Nikhil F,Scooter,Full-time,3.56,N
DP03460,Manoj N,Bike,Full-time,4.03,Y
DP05546,Amit F,Scooter,Full-time,3.5,N
DP04039,Pooja R,Scooter,Part-time,4.07,Y
DP00715,Arjun N,Car,Part-time,4.63,Y
DP11379,Arjun T,Scooter,Full-time,4.27,Y
DP14527,Kiran H,Bike,Full-time,4.4,Y
DP09257,Ananya P,Scooter,Full-time,3.81,Y
DP01139,Divya Q,Cycle,Part-time,3.98,Y
DP03472,Rakesh S,Bike,Contract,3.69,Y
DP10817,Suresh X,Car,Contract,4.19,Y
DP02066,Ravi X,Cycle,Part-time,4.36,Y
DP08168,Shreya J,Scooter,Full-time,4,Y
DP06124,Amit X,Bike,Part-time,4.02,N
DP14110,Santosh L,Cycle,Full-time,4.26,Y
DP05931,Rahul H,Scooter,Part-time,4.08,Y
DP11718,Deepak F,Bike,Full-time,3.87,Y
DP01081,Pooja O,Bike,Full-time,4.02,Y
DP09452,Shreya D,Cycle,Full-time,4.4,Y
DP12474,Rakesh C,Bike,Part-time,4.23,Y
DP05387,Kiran S,Bike,Full-time,3.74,Y
DP04673,Santosh E,Scooter,Part-time,3.95,Y
DP13078,Suresh N,Scooter,Full-time,4.05,Y
DP12556,Santosh A,Bike,Full-time,4.12,Y
DP13575,Manoj W,Bike,Part-time,3.99,Y
DP04445,Pooja T,Cycle,Full-time,4.32,Y
DP07540,Amit H,Scooter,Contract,4.29,N
DP04825,Kiran E,Bike,Full-time,4.32,Y
DP07812,Pooja R,Scooter,Full-time,4.68,Y
DP07916,Vikas U,Scooter,Contract,4.39,Y
DP02161,Amit T,Bike,Full-time,3.74,Y
DP14366,Arjun K,Cycle,Contract,3.98,Y
DP10722,Sneha J,Bike,Full-time,4.23,N
DP06853,Kiran S,Bike,Part-time,4.58,N
DP10408,Amit C,Scooter,Full-time,4.25,Y
DP14297,Sneha L,Bike,Full-time,4.37,Y
DP05682,Ananya V,Cycle,Full-time,3.88,Y
DP13062,Manoj S,Bike,Part-time,4.24,Y
DP10090,Nikhil U,Scooter,Full-time,4.38,N
DP01015,Sneha O,Bike,Full-time,3.89,N
DP01057,Vikas V,Scooter,Part-time,3.92,Y
DP05197,Arjun R,Scooter,Full-time,4.57,Y
DP12366,Manoj M,Car,Part-time,4.8,Y
DP06656,Amit B,Car,Full-time,4.44,N
DP07038,Meena M,Scooter,Full-time,4.33,Y
DP06286,Shreya M,Cycle,Contract,3.92,Y
DP06068,Amit M,Bike,Part-time,3.98,N
DP01844,Kiran X,Bike,Full-time,4.69,Y
DP14197,Santosh P,Bike,Full-time,4.32,Y
DP04412,Nikhil D,Car,Part-time,4.14,Y
DP13827,Meena N,Cycle,Part-time,3.8,Y
DP11110,Rakesh K,Scooter,Full-time,4.03,Y
DP04926,Manoj S,Cycle,Full-time,4.33,Y
DP13455,Santosh D,Scooter,Contract,4.63,Y
DP12014,Kiran R,Scooter,Full-time,4.37,Y
DP04911,Suresh K,Bike,Part-time,4.14,Y
DP01231,Priya M,Bike,Full-time,3.87,Y
DP07873,Nikhil X,Bike,Full-time,4.58,Y
DP01165,Deepak C,Bike,Full-time,3.68,N
DP04397,Ravi F,Scooter,Full-time,4.04,Y
DP14576,Ananya N,Scooter,Full-time,4.38,Y
DP10475,Kiran Q,Cycle,Part-time,4.44,Y
DP10796,Suresh A,Scooter,Part-time,4.09,Y
DP08049,Arjun K,Bike,Full-time,3.85,Y
DP05455,Kiran K,Bike,Part-time,4.23,N
DP12539,Vikas A,Scooter,Part-time,3.87,Y
DP06241,Nikhil L,Bike,Contract,3.86,Y
DP00918,Amit B,Scooter,Full-time,4.08,Y
DP10655,Sneha Q,Bike,Full-time,4.57,Y
DP00106,Priya P,Bike,Part-time,4.35,Y
DP12303,Sneha U,Bike,Full-time,4.26,Y
DP11284,Amit B,Bike,Full-time,4.17,Y
DP03302,Priya E,Scooter,Part-time,3.97,Y
DP03347,Shreya D,Bike,Full-time,4.07,Y
DP08932,Kiran T,Scooter,Full-time,4.17,Y
DP00059,Kiran J,Bike,Contract,4.4,Y
DP14449,Suresh U,Scooter,Part-time,3.88,Y
DP01713,Shreya U,Car,Part-time,3.92,Y
DP11556,Rakesh M,Bike,Full-time,4.28,Y
DP02390,Kiran R,Bike,Full-time,3.82,Y
DP01503,Nikhil T,Bike,Full-time,4.72,Y
DP07483,Shreya Y,Scooter,Contract,4.18,Y
DP01173,Santosh B,Bike,Part-time,4.11,N
DP11035,Sneha H,Car,Contract,3.96,N
DP08006,Arjun G,Cycle,Full-time,4.13,Y
DP07464,Pooja J,Bike,Part-time,4.29,Y
DP06488,Sneha T,Bike,Full-time,4.63,Y
DP12563,Santosh I,Car,Full-time,4.11,Y
DP14979,Suresh R,Scooter,Full-time,4.05,Y
DP06507,Arjun K,Scooter,Full-time,4.37,Y
DP12249,Divya L,Car,Full-time,4.45,Y
DP02999,Kiran O,Scooter,Full-time,4.35,Y
DP14269,Amit E,Cycle,Full-time,4.45,Y
DP13991,Kiran Q,Scooter,Contract,4.58,Y
DP10910,Meena R,Scooter,Full-time,4.19,Y
DP06172,Santosh A,Bike,Full-time,4.3,Y
DP07401,Sneha E,Scooter,Full-time,3.95,Y
DP00678,Priya Y,Cycle,Part-time,4.4,Y
DP05603,Ananya T,Bike,Full-time,4.07,Y
DP03023,Meena V,Cycle,Full-time,4.25,N
DP11176,Pooja S,Bike,Full-time,4.41,Y
DP05793,Divya M,Bike,Full-time,3.88,Y
DP02077,Shreya H,Scooter,Full-time,4.23,Y
DP10629,Nikhil C,Car,Contract,4.45,Y
DP01415,Deepak J,Bike,Full-time,4.26,Y
DP03687,Amit B,Bike,Part-time,3.98,Y
DP10905,Sneha E,Scooter,Part-time,4.3,Y
DP02257,Rahul B,Bike,Contract,4.86,Y
DP11990,Ananya K,Bike,Contract,3.88,Y
DP02715,Meena U,Scooter,Part-time,4.14,Y
DP11141,Arjun N,Scooter,Part-time,4.4,Y
DP02505,Meena E,Car,Part-time,3.56,Y
DP02357,Neha K,Scooter,Part-time,3.76,Y
DP14075,Amit G,Bike,Full-time,4.17,N
DP11400,Ananya F,Bike,Full-time,4.36,Y
DP01430,Arjun R,Bike,Full-time,4.44,Y
DP02990,Shreya O,Bike,Part-time,4.02,Y
DP11008,Arjun Y,Scooter,Part-time,5,Y
DP13313,Arjun E,Cycle,Part-time,4.33,Y
DP14868,Nikhil W,Bike,Part-time,4.23,Y
DP06900,Suresh D,Bike,Contract,4.46,Y
DP11570,Pooja X,Bike,Full-time,3.88,Y
DP14557,Rakesh Q,Bike,Part-time,4.35,Y
DP05178,Shreya K,Scooter,Part-time,3.81,Y
DP13418,Shreya S,Bike,Full-time,4.5,Y
DP06126,Meena W,Scooter,Full-time,3.78,Y
DP00535,Santosh Q,Scooter,Part-time,4.16,Y
DP06140,Deepak W,Cycle,Full-time,4.33,Y
DP01462,Vikas T,Bike,Full-time,4.14,Y
DP10435,Meena C,Scooter,Full-time,4.48,Y
DP12955,Vikas V,Bike,Part-time,3.81,Y
DP01802,Arjun S,Cycle,Full-time,4.13,Y
DP05275,Pooja F,Scooter,Full-time,4.2,Y
DP03655,Shreya S,Cycle,Full-time,4.41,Y
DP06398,Vikas G,Bike,Contract,3.76,Y
DP14522,Amit Q,Scooter,Part-time,3.9,Y
DP12162,Divya D,Scooter,Part-time,4.6,Y
DP03726,Divya O,Scooter,Part-time,4.58,Y
DP09922,Nikhil D,Bike,Contract,3.78,Y
DP03138,Arjun X,Scooter,Contract,4.31,Y
DP06549,Kiran W,Bike,Contract,4.38,Y
DP03088,Kiran D,Bike,Contract,3.98,Y
DP12680,Pooja X,Bike,Full-time,4.45,Y
DP08823,Meena Y,Scooter,Full-time,4.38,Y
DP03593,Priya B,Bike,Full-time,3.69,Y
DP09187,Manoj B,Bike,Full-time,4.31,Y
DP09374,Santosh H,Scooter,Part-time,3.79,Y
DP08099,Arjun V,Scooter,Full-time,4.51,Y
DP08626,Divya B,Scooter,Contract,3.73,Y
DP04071,Rahul C,Bike,Contract,4.8,Y
DP00062,Rahul Z,Bike,Full-time,3.92,Y
DP07736,Arjun J,Car,Full-time,4.72,Y
DP10222,Priya V,Scooter,Full-time,4.72,Y
DP03555,Nikhil V,Scooter,Contract,4.06,Y
DP07364,Rahul D,Scooter,Full-time,3.98,Y
DP08280,Kiran R,Scooter,Full-time,3.91,N
DP09267,Rakesh N,Cycle,Part-time,4,Y
DP12261,Manoj D,Scooter,Full-time,4.3,Y
DP08285,Amit R,Scooter,Full-time,4.28,N
DP09438,Sneha M,Bike,Contract,4.71,Y
DP02275,Nikhil Y,Bike,Contract,4.31,Y
DP01629,Nikhil R,Cycle,Contract,4.22,Y
DP10920,Priya Z,Bike,Full-time,3.84,Y
DP09132,Santosh E,Scooter,Full-time,3.95,Y
DP06123,Ravi C,Bike,Part-time,4.47,Y
DP03968,Neha X,Bike,Part-time,4.43,Y
DP03178,Shreya K,Scooter,Part-time,3.93,Y
DP08060,Priya K,Cycle,Full-time,3.92,Y
DP14990,Amit K,Bike,Full-time,3.56,Y
DP11080,Divya X,Bike,Full-time,4.47,Y
DP06132,Deepak J,Scooter,Part-time,4.1,Y
DP03691,Nikhil Y,Bike,Full-time,4.36,Y
DP12990,Kiran G,Scooter,Part-time,4.41,Y
DP13501,Arjun F,Cycle,Full-time,3.93,Y
DP07351,Arjun U,Scooter,Part-time,4.09,Y
DP13858,Neha T,Bike,Part-time,4.57,Y
DP13847,Priya G,Cycle,Full-time,3.97,Y
DP11868,Deepak E,Scooter,Full-time,4.27,N
DP06178,Nikhil E,Bike,Full-time,4.24,Y
DP09637,Suresh P,Bike,Part-time,3.89,Y
DP06051,Pooja J,Scooter,Full-time,4.41,Y
DP13542,Deepak S,Bike,Full-time,4.3,Y
DP13562,Deepak M,Bike,Contract,3.83,Y
DP01788,Meena V,Scooter,Part-time,4.22,Y
DP03112,Shreya T,Bike,Part-time,4.17,Y
DP12937,Vikas P,Car,Full-time,4.54,Y
DP04636,Divya F,Scooter,Full-time,4.38,Y
DP11016,Vikas C,Scooter,Full-time,4.54,Y
DP00529,Priya Y,Scooter,Part-time,4.81,Y
DP04706,Kiran Y,Scooter,Full-time,4.17,Y
DP06640,Ananya Y,Scooter,Full-time,3.8,Y
DP02537,Ravi N,Scooter,Part-time,4.07,Y
DP00724,Arjun X,Cycle,Full-time,4.02,Y
DP04707,Rakesh G,Cycle,Contract,4.63,Y
DP00114,Ananya P,Cycle,Full-time,4.34,Y
DP00851,Amit I,Bike,Contract,4.2,Y
DP14051,Priya X,Bike,Full-time,4.36,Y
DP00415,Priya P,Bike,Part-time,4.07,Y
DP11844,Sneha M,Scooter,Full-time,4.23,Y
DP01586,Pooja M,Bike,Contract,3.86,N
DP00783,Santosh F,Bike,Part-time,4.46,Y
DP14244,Kiran G,Scooter,Part-time,4.18,Y
DP08326,Vikas U,Bike,Full-time,4.23,Y
DP03917,Suresh J,Scooter,Contract,4.75,Y
DP00764,Manoj B,Bike,Contract,4.17,N
DP08739,Manoj R,Scooter,Contract,3.94,Y
DP04524,Neha C,Bike,Part-time,3.72,Y
DP08123,Priya G,Cycle,Full-time,4.15,Y
DP07184,Manoj Z,Bike,Part-time,3.82,Y
DP06401,Neha A,Car,Part-time,4.16,Y
DP05335,Santosh K,Cycle,Part-time,3.76,Y
DP04141,Manoj I,Bike,Contract,4.42,N
DP08497,Ananya U,Bike,Full-time,4.33,Y
DP01212,Vikas N,Cycle,Full-time,3.94,Y
DP08085,Meena Q,Bike,Full-time,4.14,Y
DP02821,Neha R,Scooter,Contract,4.21,Y
DP08706,Manoj Y,Bike,Full-time,4.09,Y
DP12913,Meena H,Bike,Part-time,3.84,Y
DP13343,Sneha N,Scooter,Full-time,4.07,Y
DP06748,Ananya D,Scooter,Full-time,4.62,Y
DP07905,Priya K,Bike,Part-time,4.28,Y
DP03848,Sneha N,Bike,Part-time,4.33,Y
DP13295,Shreya I,Bike,Part-time,4.24,Y
DP12121,Rahul H,Scooter,Full-time,4.49,Y
DP03025,Priya J,Scooter,Full-time,3.89,Y
DP09233,Shreya P,Scooter,Full-time,3.73,Y
DP11918,Vikas L,Scooter,Full-time,4.13,Y
DP01651,Sneha G,Scooter,Part-time,4.11,Y
DP05072,Meena N,Bike,Part-time,4.15,Y
DP14420,Nikhil Y,Scooter,Full-time,4.52,Y
DP08927,Shreya N,Scooter,Full-time,3.88,N
DP02742,Nikhil U,Bike,Part-time,4.38,Y
DP01969,Suresh D,Scooter,Contract,3.78,Y
DP08388,Ravi X,Bike,Contract,3.87,Y
DP13169,Kiran W,Bike,Full-time,4.05,Y
DP03162,Ananya O,Bike,Full-time,4.14,Y
DP02996,Arjun G,Bike,Contract,4.07,Y
DP01071,Priya I,Bike,Full-time,4.15,N
DP02848,Meena E,Bike,Contract,4.54,Y
DP12073,Neha A,Scooter,Contract,4.69,Y
DP10794,Pooja Y,Bike,Contract,4.29,Y
DP08933,Suresh E,Bike,Full-time,4.48,Y
DP04871,Sneha W,Bike,Full-time,4.5,Y
DP11430,Divya Z,Cycle,Contract,4.07,Y
DP09015,Sneha S,Bike,Part-time,3.76,Y
DP12817,Vikas O,Scooter,Contract,4.26,Y
DP05709,Rahul J,Bike,Contract,4.59,Y
DP09448,Sneha W,Scooter,Full-time,4.11,Y
DP14005,Rakesh Q,Car,Contract,3.93,Y
DP13874,Ananya H,Bike,Full-time,4.66,Y
DP11615,Rakesh D,Bike,Part-time,5,Y
DP09419,Ravi G,Scooter,Contract,4.28,Y
DP03654,Rakesh K,Bike,Full-time,4.13,Y
DP05972,Ravi Z,Bike,Full-time,4.5,Y
DP03886,Nikhil K,Scooter,Full-time,4.26,Y
DP06137,Santosh K,Bike,Full-time,4.04,Y
DP03339,Pooja A,Bike,Full-time,4.22,Y
DP00311,Arjun O,Cycle,Part-time,4.19,Y
DP03194,Amit B,Scooter,Part-time,4.5,Y
DP14925,Priya X,Scooter,Full-time,4.05,N
DP06718,Sneha I,Bike,Full-time,4.12,Y
DP14528,Manoj S,Bike,Full-time,4.48,Y
DP05736,Arjun J,Bike,Full-time,4.62,Y
DP08911,Sneha M,Bike,Part-time,3.39,Y
DP02104,Sneha O,Scooter,Part-time,4.27,Y
DP05570,Amit M,Cycle,Full-time,4.65,Y
DP09477,Santosh N,Scooter,Part-time,3.71,Y
DP06943,Ananya V,Cycle,Full-time,3.89,N
DP11303,Kiran F,Scooter,Full-time,3.86,Y
DP01254,Neha R,Bike,Full-time,4.28,Y
DP12229,Amit U,Cycle,Full-time,4.38,Y
DP09546,Neha Q,Bike,Contract,3.4,Y
DP00562,Nikhil S,Bike,Full-time,4.68,Y
DP04391,Pooja T,Bike,Part-time,4.62,Y
DP13513,Rakesh L,Cycle,Part-time,4.13,Y
DP03016,Amit F,Cycle,Part-time,4.72,Y
DP02136,Divya T,Scooter,Contract,3.93,Y
DP08163,Ananya M,Scooter,Contract,3.8,Y
DP01319,Meena P,Bike,Full-time,4.13,Y
DP14832,Deepak T,Scooter,Full-time,4.64,Y
DP13349,Manoj N,Scooter,Part-time,4.64,Y
DP09181,Ravi G,Scooter,Full-time,3.81,Y
DP12720,Kiran D,Bike,Full-time,4.23,Y
DP01118,Pooja C,Bike,Part-time,4.25,Y
DP01847,Divya B,Scooter,Contract,4.34,Y
DP10080,Ananya A,Cycle,Contract,4.05,Y
DP06577,Deepak R,Bike,Contract,4.37,Y
DP00992,Meena Q,Car,Contract,4.38,Y
DP08733,Suresh I,Scooter,Contract,4.12,Y
DP02951,Deepak S,Cycle,Full-time,4.46,Y
DP05418,Manoj A,Scooter,Contract,4.47,Y
DP10799,Amit A,Scooter,Part-time,4.36,Y
DP01160,Suresh W,Bike,Full-time,4.16,Y
DP13767,Shreya E,Scooter,Part-time,3.8,Y
DP08781,Priya X,Bike,Contract,4.02,Y
DP06787,Santosh O,Cycle,Part-time,4.01,Y
DP00768,Divya R,Cycle,Part-time,3.82,Y
DP05290,Rahul T,Scooter,Contract,3.72,Y
DP01277,Meena A,Bike,Full-time,3.76,N
DP02123,Rakesh T,Bike,Full-time,4.2,Y
DP12824,Arjun F,Scooter,Contract,4.68,Y
DP03728,Amit J,Cycle,Full-time,4.81,Y
DP11193,Ananya X,Car,Full-time,4.11,N
DP00322,Arjun N,Cycle,Part-time,4.35,Y
DP06674,Kiran A,Bike,Full-time,3.68,Y
DP12468,Ravi J,Cycle,Full-time,4.42,N
DP13654,Arjun P,Car,Full-time,4.55,Y
DP11488,Kiran X,Bike,Full-time,4.05,N
DP14929,Neha E,Cycle,Full-time,4.36,Y
DP00778,Neha D,Bike,Full-time,4.17,Y
DP04136,Priya E,Scooter,Full-time,3.98,Y
DP05575,Meena P,Scooter,Part-time,4.27,Y
DP10561,Vikas N,Bike,Contract,4.97,Y
DP02644,Rahul P,Bike,Part-time,3.77,Y
DP01658,Vikas Q,Scooter,Contract,4.31,Y
DP13346,Ravi G,Bike,Contract,4.03,Y
DP10218,Amit S,Bike,Part-time,3.68,Y
DP03923,Rakesh J,Scooter,Contract,4.32,Y
DP13395,Priya F,Bike,Contract,3.88,N
DP12569,Ananya M,Bike,Contract,4.85,Y
DP14541,Sneha H,Car,Contract,4.06,N
DP03664,Divya W,Scooter,Part-time,4.15,N
DP11252,Ravi Y,Bike,Part-time,4.16,Y
DP09945,Ananya O,Cycle,Contract,4.36,Y
DP05280,Nikhil T,Scooter,Part-time,4.02,Y
DP00873,Amit G,Bike,Part-time,4.23,Y
DP10717,Ananya B,Scooter,Full-time,3.82,Y
DP01527,Neha J,Scooter,Contract,4.13,Y
DP00443,Amit P,Bike,Full-time,4.4,Y
DP08112,Neha R,Bike,Full-time,4.43,Y
DP00940,Rakesh Y,Scooter,Full-time,3.97,Y
DP05907,Nikhil Q,Scooter,Full-time,4.06,Y
DP08077,Kiran W,Scooter,Contract,4.09,Y
DP05797,Pooja N,Bike,Full-time,4.18,Y
DP06765,Suresh M,Cycle,Full-time,4.45,Y
DP05772,Nikhil Q,Bike,Contract,5,Y
DP01083,Neha X,Scooter,Full-time,4.04,Y
DP10262,Shreya Z,Scooter,Full-time,4.33,Y
DP03385,Santosh P,Cycle,Full-time,4.24,N
DP01154,Meena T,Cycle,Contract,4.14,N
DP00142,Amit X,Bike,Full-time,4.54,Y
DP07660,Ravi D,Car,Full-time,4.01,Y
DP02489,Meena X,Cycle,Full-time,3.94,Y
DP13822,Kiran G,Scooter,Full-time,3.93,N
DP01978,Suresh E,Bike,Part-time,4.27,Y
DP08015,Arjun Z,Cycle,Full-time,4.29,Y
DP00902,Amit C,Cycle,Part-time,4.09,Y
DP07732,Sneha U,Bike,Part-time,3.85,Y
DP01659,Vikas V,Bike,Part-time,3.96,Y
DP05156,Nikhil Y,Scooter,Full-time,4.96,Y
DP10288,Divya R,Bike,Contract,4.07,Y
DP00590,Sneha Q,Scooter,Part-time,4.62,Y
DP11099,Divya A,Bike,Full-time,4.63,Y
DP04936,Manoj T,Bike,Part-time,4.27,Y
DP02636,Nikhil N,Cycle,Full-time,4,Y
DP08925,Shreya K,Scooter,Full-time,3.75,N
DP00256,Nikhil E,Scooter,Part-time,4.51,N
DP11524,Ananya W,Scooter,Full-time,3.82,Y
DP10674,Arjun I,Scooter,Contract,4.53,Y
DP02405,Kiran Z,Scooter,Full-time,3.79,Y
DP10036,Amit O,Bike,Contract,4.35,Y
DP01516,Manoj A,Cycle,Full-time,4.56,Y
DP01413,Priya D,Bike,Contract,4.21,Y
DP10294,Suresh F,Scooter,Contract,4.76,Y
DP03171,Priya F,Cycle,Full-time,4.48,N
DP00084,Ananya K,Cycle,Full-time,4.55,N
DP06537,Amit T,Car,Contract,4.63,Y
DP02633,Kiran O,Cycle,Full-time,4.09,Y
DP12207,Kiran Y,Car,Part-time,3.56,Y
DP11709,Arjun M,Bike,Part-time,4.15,N
DP11245,Suresh H,Scooter,Full-time,4.23,Y
DP07565,Arjun E,Scooter,Full-time,3.82,Y
DP11836,Sneha Q,Scooter,Full-time,4.18,Y
DP14806,Ananya R,Cycle,Full-time,4.18,Y
DP02459,Pooja N,Cycle,Full-time,4.8,Y
DP06289,Rahul T,Scooter,Full-time,4.03,Y
DP14876,Ananya E,Bike,Full-time,4.29,Y
DP06210,Shreya N,Scooter,Contract,3.89,Y
DP00675,Shreya S,Bike,Part-time,4.65,Y
DP13520,Pooja B,Bike,Contract,4.12,Y
DP10237,Divya Z,Cycle,Part-time,4.19,Y
DP00207,Deepak E,Scooter,Contract,4.15,Y
DP14744,Meena I,Scooter,Full-time,4.65,Y
DP02011,Priya D,Scooter,Full-time,4.64,N
DP04051,Divya C,Scooter,Full-time,4.2,Y
DP08513,Priya S,Cycle,Full-time,4.47,Y
DP10657,Arjun U,Bike,Part-time,4.51,Y
DP01593,Amit F,Scooter,Part-time,4.46,Y
DP11072,Vikas W,Scooter,Part-time,4.03,Y
DP14085,Deepak L,Cycle,Part-time,4.22,Y
DP05628,Sneha Z,Scooter,Full-time,4.28,Y
DP11465,Sneha K,Cycle,Part-time,4.2,Y
DP01074,Deepak Q,Cycle,Part-time,4.31,Y
DP01571,Suresh A,Scooter,Full-time,3.93,Y
DP00601,Ananya P,Bike,Full-time,3.86,Y
DP13100,Amit Y,Bike,Full-time,3.93,N
DP02939,Sneha N,Cycle,Full-time,3.93,Y
DP14974,Kiran W,Bike,Full-time,3.81,Y
DP07031,Priya B,Bike,Full-time,3.86,N
DP08268,Rakesh S,Scooter,Part-time,4.38,Y
DP13685,Ravi B,Scooter,Contract,4.1,Y
DP11805,Nikhil R,Cycle,Contract,4.61,Y
DP03175,Rahul V,Scooter,Contract,4.28,Y
DP04806,Manoj D,Scooter,Full-time,4.09,Y
DP02901,Ravi Z,Cycle,Full-time,4.49,Y
DP00907,Meena D,Bike,Contract,3.9,Y
DP13745,Rakesh T,Bike,Part-time,4.26,Y
DP00958,Priya E,Bike,Full-time,3.81,N
DP07097,Sneha J,Bike,Part-time,3.76,Y
DP10066,Deepak U,Cycle,Part-time,4.23,Y
DP09529,Priya C,Bike,Full-time,3.85,Y
DP07985,Amit H,Scooter,Full-time,3.9,Y
DP14544,Ananya T,Scooter,Part-time,4.42,Y
DP11362,Amit O,Scooter,Full-time,4.08,Y
DP11423,Manoj V,Cycle,Part-time,4.18,Y
DP08096,Meena N,Scooter,Part-time,4.34,Y
DP09399,Rakesh V,Bike,Full-time,4.04,Y
DP11114,Kiran T,Bike,Contract,4.09,Y
DP04997,Ravi E,Car,Full-time,3.74,Y
DP05344,Deepak U,Scooter,Full-time,4.37,Y
DP04225,Ananya B,Scooter,Part-time,4.43,Y
DP09560,Santosh M,Cycle,Full-time,4.27,N
DP03994,Pooja M,Bike,Contract,3.99,Y
DP14779,Suresh B,Scooter,Full-time,4.3,Y
DP09070,Arjun O,Scooter,Part-time,4.35,Y
DP07056,Rahul D,Cycle,Part-time,3.79,Y
DP13680,Ananya Q,Scooter,Full-time,4.09,Y
DP13357,Suresh G,Cycle,Full-time,4.05,Y
DP12093,Manoj O,Scooter,Full-time,4.45,Y
DP01239,Rakesh Y,Scooter,Part-time,4.07,Y
DP09139,Manoj S,Bike,Full-time,4.01,Y
DP09008,Ananya Q,Bike,Part-time,4.06,Y
DP09249,Santosh V,Bike,Full-time,4.25,Y
DP05452,Santosh T,Car,Full-time,3.93,Y
DP11257,Pooja J,Bike,Full-time,4.57,Y
DP01576,Arjun Y,Scooter,Full-time,4.16,Y
DP02259,Pooja M,Cycle,Full-time,4.39,Y
DP09744,Rahul N,Bike,Contract,4.06,Y
DP08875,Meena K,Bike,Contract,4.52,Y
DP08170,Manoj Q,Scooter,Full-time,3.99,Y
DP02403,Ananya Z,Scooter,Contract,4.06,Y
DP06871,Manoj B,Scooter,Part-time,4.06,Y
DP12358,Kiran I,Scooter,Part-time,3.87,Y
DP00466,Sneha L,Scooter,Full-time,4.38,Y
DP13003,Manoj N,Bike,Full-time,4.62,Y
DP05323,Nikhil N,Bike,Full-time,4.1,N
DP06592,Shreya T,Bike,Full-time,3.32,Y
DP07406,Vikas A,Scooter,Part-time,4.22,Y
DP06369,Suresh C,Scooter,Full-time,4.15,Y
DP10618,Nikhil C,Bike,Full-time,3.52,N
DP06645,Ravi G,Scooter,Contract,3.79,Y
DP06128,Shreya V,Bike,Part-time,4.23,Y
DP11419,Kiran I,Bike,Contract,4.3,Y
DP14483,Shreya L,Scooter,Part-time,3.85,Y
DP03191,Priya N,Scooter,Part-time,4.63,Y
DP06582,Arjun A,Bike,Full-time,4.67,Y
DP02876,Manoj R,Scooter,Full-time,4.05,Y
DP08895,Deepak X,Bike,Full-time,4.46,Y
DP14992,Pooja W,Scooter,Full-time,4.09,Y
DP05039,Amit M,Bike,Part-time,4.1,Y
DP09545,Pooja M,Car,Part-time,4.06,N
DP08761,Meena R,Bike,Full-time,4.37,Y
DP12029,Deepak I,Cycle,Full-time,4.05,Y
DP09177,Vikas J,Bike,Contract,3.9,Y
DP14326,Nikhil W,Scooter,Part-time,3.93,Y
DP08574,Amit R,Scooter,Full-time,4.08,Y
DP01263,Suresh G,Scooter,Full-time,4.62,Y
DP09987,Amit T,Cycle,Contract,4.02,Y
DP13579,Rahul W,Cycle,Part-time,4.12,Y
DP00169,Nikhil V,Cycle,Full-time,3.78,Y
DP03834,Vikas Y,Car,Contract,4.24,Y
DP01534,Divya V,Scooter,Part-time,4.69,Y
DP08989,Shreya C,Scooter,Contract,4.23,Y
DP06589,Rahul Z,Bike,Part-time,4.96,Y
DP00855,Suresh E,Scooter,Contract,4.34,Y
DP09025,Rakesh O,Bike,Full-time,4.35,Y
DP02010,Kiran Q,Scooter,Full-time,4.23,Y
DP04205,Suresh K,Scooter,Full-time,4.05,Y
DP11116,Rakesh K,Scooter,Contract,3.97,Y
DP13141,Meena U,Bike,Full-time,4.81,N
DP00731,Priya A,Bike,Contract,3.67,Y
DP12689,Rahul W,Scooter,Full-time,4.14,Y
DP10454,Vikas D,Bike,Part-time,4.78,Y
DP00647,Amit N,Car,Contract,4.03,Y
DP08585,Santosh C,Scooter,Full-time,4.25,Y
DP03043,Sneha K,Bike,Full-time,4.08,Y
DP12805,Pooja A,Scooter,Full-time,3.73,Y
DP13883,Sneha U,Car,Full-time,4.94,N
DP00842,Shreya F,Scooter,Full-time,3.96,Y
DP13252,Rakesh T,Bike,Contract,4.44,N
DP03028,Priya T,Bike,Contract,4.32,Y
DP10782,Rakesh A,Bike,Full-time,4.59,Y
DP01698,Ravi R,Bike,Contract,4.34,Y
DP07260,Vikas D,Scooter,Full-time,4.32,Y
DP12500,Meena E,Cycle,Contract,4.35,Y
DP02546,Rakesh T,Cycle,Contract,4.47,Y
DP03327,Vikas X,Scooter,Full-time,4.11,Y
DP09508,Santosh L,Scooter,Full-time,4.37,Y
DP05170,Deepak M,Car,Full-time,4.59,Y
DP01233,Rahul Y,Bike,Part-time,4.29,Y
DP06278,Manoj Y,Bike,Contract,4.59,Y
DP02243,Vikas I,Bike,Part-time,4.47,Y
DP07411,Kiran C,Cycle,Full-time,3.87,Y
DP08532,Deepak D,Bike,Full-time,4.32,Y
DP08350,Suresh S,Scooter,Full-time,4.21,Y
DP12784,Arjun N,Scooter,Full-time,3.75,Y
DP02242,Priya W,Bike,Full-time,4,Y
DP01281,Priya G,Scooter,Part-time,4.15,Y
DP14883,Ananya I,Car,Full-time,4.45,Y
DP06815,Ananya E,Scooter,Part-time,4.24,Y
DP06976,Meena Y,Scooter,Contract,4.43,Y
DP02029,Deepak D,Scooter,Contract,4.2,Y
DP13102,Priya Y,Cycle,Full-time,4.24,Y
DP05579,Meena Q,Bike,Full-time,4.47,Y
DP03326,Meena D,Bike,Part-time,4.27,N
DP00623,Pooja W,Cycle,Part-time,4.2,Y
DP04998,Sneha S,Scooter,Part-time,3.69,Y
DP06472,Kiran N,Scooter,Part-time,4.69,N
DP10092,Shreya S,Car,Full-time,4.78,Y
DP06474,Ananya W,Scooter,Part-time,4.34,Y
DP05666,Vikas M,Cycle,Part-time,3.84,Y
DP14331,Neha Y,Bike,Full-time,3.75,Y
DP13001,Neha E,Scooter,Contract,4.59,Y
DP01773,Nikhil E,Scooter,Part-time,4.07,N
DP02160,Divya U,Car,Part-time,4.81,Y
DP02388,Amit V,Scooter,Full-time,4.25,Y
DP06831,Rakesh O,Cycle,Full-time,3.98,Y
DP08949,Ananya A,Scooter,Part-time,3.72,Y
DP08918,Sneha F,Scooter,Part-time,4.55,Y
DP06231,Rahul S,Bike,Contract,3.55,Y
DP05158,Rakesh L,Cycle,Full-time,4.1,Y
DP14851,Rakesh E,Scooter,Part-time,4.28,Y
DP14263,Nikhil K,Car,Full-time,4.6,Y
DP11312,Pooja X,Cycle,Full-time,3.9,N
DP06436,Rakesh G,Scooter,Part-time,3.84,Y
DP14808,Ravi N,Bike,Full-time,3.94,Y
DP10967,Divya L,Bike,Part-time,4.05,Y
DP00887,Sneha A,Cycle,Contract,3.88,Y
DP01387,Deepak U,Scooter,Full-time,3.98,Y
DP01973,Suresh Y,Scooter,Full-time,4.25,Y
DP07705,Vikas G,Car,Part-time,4.21,Y
DP12483,Pooja Z,Bike,Part-time,3.99,Y
DP12331,Meena B,Scooter,Full-time,4.06,N
DP04760,Shreya L,Scooter,Full-time,4.21,Y
DP08674,Amit H,Scooter,Full-time,4.29,Y
DP10962,Sneha A,Bike,Contract,4.23,Y
DP13322,Shreya S,Scooter,Full-time,3.97,Y
DP10328,Ananya C,Bike,Contract,4.6,Y
DP04711,Manoj Z,Scooter,Contract,3.96,Y
DP05765,Pooja C,Scooter,Part-time,4.02,Y
DP11246,Manoj Y,Car,Full-time,4.07,Y
DP03919,Kiran Q,Scooter,Contract,3.96,Y
DP13020,Ananya Z,Scooter,Full-time,4.52,Y
DP08225,Shreya P,Bike,Part-time,3.93,Y
DP06313,Shreya I,Car,Full-time,4.09,Y
DP04215,Rakesh A,Cycle,Contract,4.34,Y
DP07338,Suresh I,Car,Part-time,4.37,Y
DP04206,Arjun L,Cycle,Part-time,4.19,Y
DP03831,Vikas P,Bike,Part-time,4.2,Y
DP08767,Rakesh A,Bike,Full-time,4.24,Y
DP03123,Amit K,Bike,Full-time,3.8,Y
DP05921,Sneha X,Scooter,Part-time,4.58,N
DP10141,Vikas Z,Scooter,Full-time,4.23,Y
DP12467,Ravi Q,Bike,Contract,4.24,Y
DP04080,Ananya H,Cycle,Full-time,3.99,N
DP06797,Manoj L,Bike,Full-time,4.28,Y
DP04519,Nikhil Y,Cycle,Full-time,4.68,Y
DP14188,Priya I,Bike,Contract,3.78,Y
DP10453,Suresh J,Bike,Part-time,4.25,N
DP08944,Manoj E,Scooter,Full-time,3.92,Y
DP04943,Kiran O,Bike,Full-time,4.5,Y
DP09911,Ravi C,Bike,Full-time,4.39,Y
DP11850,Santosh K,Scooter,Contract,4.46,Y
DP14191,Nikhil B,Bike,Full-time,4.62,Y
DP14825,Pooja A,Scooter,Part-time,4.11,Y
DP08858,Arjun B,Scooter,Part-time,4.09,N
DP09696,Pooja N,Scooter,Full-time,3.94,N
DP07059,Kiran A,Car,Contract,4.02,Y
DP13066,Meena B,Bike,Full-time,4.19,Y
DP11667,Kiran W,Bike,Part-time,3.75,Y
DP09172,Neha P,Cycle,Contract,4.3,N
DP11618,Arjun N,Scooter,Part-time,4.02,Y
DP05930,Rahul B,Bike,Part-time,4.1,Y
DP05104,Shreya V,Bike,Full-time,3.67,Y
DP07534,Ananya M,Bike,Full-time,4.26,Y
DP11677,Vikas Y,Scooter,Contract,3.99,Y
DP00454,Kiran D,Bike,Full-time,4.51,Y
DP11172,Santosh V,Scooter,Part-time,4.55,Y
DP03692,Santosh O,Bike,Full-time,3.9,Y
DP02463,Manoj C,Bike,Part-time,4.3,Y
DP04061,Rahul V,Bike,Part-time,4.29,Y
DP08141,Sneha L,Car,Part-time,4.38,Y
DP09389,Divya T,Scooter,Contract,4.35,N
DP10136,Nikhil H,Scooter,Full-time,4.66,Y
DP05877,Pooja U,Bike,Part-time,4.24,Y
DP09199,Suresh O,Bike,Full-time,4.38,Y
DP14947,Manoj N,Cycle,Full-time,4.27,Y
DP10812,Santosh Z,Bike,Full-time,4.37,Y
DP05036,Meena K,Bike,Full-time,3.99,Y
DP10031,Priya I,Bike,Full-time,4.22,Y
DP07772,Ravi E,Scooter,Full-time,4.43,N
DP11965,Rakesh G,Bike,Full-time,3.83,Y
DP12622,Shreya D,Scooter,Full-time,3.9,N
DP12398,Pooja B,Bike,Full-time,3.68,Y
DP06293,Ananya A,Bike,Contract,3.98,N
DP00528,Priya V,Scooter,Part-time,4.02,Y
DP13514,Shreya I,Bike,Part-time,3.95,Y
DP04139,Ananya R,Scooter,Full-time,4.27,Y
DP03214,Pooja O,Bike,Full-time,4.85,Y
DP00792,Nikhil L,Scooter,Full-time,4.46,Y
DP12013,Divya L,Bike,Part-time,4.12,N
DP04813,Suresh E,Scooter,Part-time,4.31,N
DP08936,Vikas L,Cycle,Full-time,4.61,Y
DP11531,Meena H,Bike,Full-time,3.36,Y
DP04398,Deepak W,Scooter,Part-time,4.46,N
DP09813,Nikhil N,Bike,Full-time,3.86,Y
DP07895,Divya S,Scooter,Full-time,3.65,Y
DP03849,Nikhil C,Scooter,Part-time,4.56,Y
DP00277,Pooja Z,Scooter,Full-time,4.52,Y
DP13002,Kiran M,Bike,Contract,4.34,N
DP01858,Santosh E,Bike,Full-time,3.89,N
DP02298,Arjun C,Bike,Contract,4.45,Y
DP09574,Ananya V,Scooter,Part-time,3.52,Y
DP13091,Manoj B,Scooter,Full-time,3.76,Y
DP03427,Rahul B,Bike,Contract,4.3,Y
DP14681,Ananya H,Bike,Contract,3.5,Y
DP05078,Ananya K,Scooter,Contract,3.63,Y
DP00809,Neha H,Scooter,Full-time,4.01,Y
DP04238,Priya H,Scooter,Full-time,4.76,N
DP07569,Arjun O,Bike,Full-time,4.52,Y
DP03570,Manoj K,Bike,Contract,4.55,Y
DP03468,Kiran F,Scooter,Contract,4.36,Y
DP06528,Shreya Y,Cycle,Full-time,4.17,Y
DP03803,Priya O,Bike,Part-time,4.5,Y
DP05436,Meena C,Bike,Full-time,4.18,Y
DP05135,Rakesh A,Scooter,Full-time,3.96,Y
DP08591,Priya D,Bike,Full-time,4.04,Y
DP01709,Ravi L,Cycle,Full-time,4.4,Y
DP04278,Suresh L,Bike,Contract,4,Y
DP04734,Arjun G,Bike,Part-time,4.46,Y
DP03786,Nikhil G,Cycle,Full-time,4.3,Y
DP01577,Rakesh Q,Scooter,Part-time,4.21,Y
DP13507,Deepak E,Bike,Part-time,3.89,Y
DP04792,Vikas I,Cycle,Full-time,4.96,Y
DP09940,Meena E,Bike,Full-time,4.44,Y
DP09037,Kiran Y,Bike,Full-time,4.45,Y
DP07939,Meena Y,Scooter,Part-time,4.79,Y
DP12236,Neha R,Scooter,Contract,4.36,Y
DP07976,Arjun E,Scooter,Full-time,4.46,Y
DP04548,Amit V,Car,Part-time,4.19,Y
DP09830,Rakesh E,Scooter,Part-time,4.2,Y
DP08557,Rakesh T,Scooter,Part-time,4.11,Y
DP09314,Divya J,Bike,Full-time,4.71,Y
DP02918,Santosh W,Scooter,Contract,4.6,Y
DP02829,Manoj E,Cycle,Full-time,4.22,Y
DP06324,Shreya P,Cycle,Part-time,4.51,Y
DP05345,Manoj K,Scooter,Full-time,4.73,Y
DP08520,Vikas G,Bike,Part-time,4.23,Y
DP02457,Suresh L,Scooter,Full-time,4.58,Y
DP11815,Rahul M,Scooter,Part-time,4.44,Y
DP03918,Neha I,Scooter,Full-time,3.56,Y
DP11389,Neha N,Scooter,Full-time,3.77,N
DP11782,Neha Q,Scooter,Full-time,4.19,N
DP08755,Sneha H,Scooter,Contract,3.63,N
DP03086,Rakesh A,Scooter,Part-time,4.57,Y
DP05679,Rahul C,Scooter,Full-time,4.85,Y
DP06715,Manoj R,Scooter,Full-time,4.53,N
DP14240,Pooja L,Car,Full-time,3.61,Y
DP03368,Kiran O,Cycle,Part-time,4.01,Y
DP08297,Santosh A,Scooter,Contract,4.51,Y
DP03672,Shreya R,Bike,Part-time,3.84,Y
DP06693,Pooja F,Bike,Part-time,4.04,Y
DP13339,Arjun L,Bike,Part-time,4.44,Y
DP07552,Meena O,Bike,Full-time,3.96,Y
DP13651,Amit C,Bike,Part-time,3.81,Y
DP04962,Divya L,Scooter,Full-time,4.5,Y
DP10745,Amit E,Scooter,Part-time,3.94,Y
DP14776,Vikas W,Cycle,Full-time,4.14,Y
DP14107,Arjun C,Bike,Full-time,3.66,Y
DP02784,Nikhil T,Bike,Full-time,4.31,N
DP06426,Santosh J,Scooter,Contract,3.82,Y
DP14248,Sneha U,Scooter,Contract,4.03,Y
DP14930,Meena Q,Bike,Full-time,4.15,Y
DP03780,Suresh I,Cycle,Full-time,4.46,Y
DP01938,Santosh A,Scooter,Full-time,4.24,Y
DP06944,Ravi Z,Bike,Part-time,4.19,Y
DP12979,Pooja J,Bike,Contract,3.92,Y
DP13744,Suresh A,Bike,Part-time,4.46,Y
DP02240,Rakesh X,Scooter,Contract,4.38,Y
DP09874,Arjun Z,Scooter,Part-time,4.68,Y
DP13472,Divya Q,Scooter,Contract,4.74,Y
DP12395,Amit U,Bike,Full-time,4.83,Y
DP07913,Santosh T,Scooter,Full-time,3.97,Y
DP07305,Vikas X,Bike,Full-time,4.32,Y
DP05421,Deepak P,Cycle,Full-time,4.04,Y
DP03300,Meena F,Cycle,Full-time,4.5,Y
DP09436,Shreya H,Bike,Full-time,4.3,Y
DP13525,Deepak W,Cycle,Contract,3.89,Y
DP02878,Pooja E,Bike,Contract,4.03,Y
DP00193,Divya P,Bike,Full-time,4.13,N
DP12349,Suresh U,Bike,Contract,4.34,Y
DP04222,Rahul G,Scooter,Full-time,4.08,Y
DP10073,Kiran G,Scooter,Full-time,3.29,N
DP00449,Priya F,Cycle,Contract,4.3,N
DP06248,Rakesh O,Scooter,Full-time,4.05,Y
DP04289,Arjun X,Scooter,Contract,4.41,Y
DP03639,Suresh N,Scooter,Full-time,4.07,Y
DP01147,Ananya E,Scooter,Full-time,4.56,Y
DP01918,Vikas I,Bike,Full-time,4.15,Y
DP10937,Shreya M,Bike,Full-time,4.38,Y
DP05843,Deepak A,Scooter,Contract,4.13,Y
DP00318,Shreya W,Cycle,Full-time,3.72,Y
DP08780,Pooja X,Scooter,Full-time,4,Y
DP01338,Meena U,Bike,Contract,4.18,Y
DP01099,Rahul C,Scooter,Part-time,4.28,Y
DP00234,Manoj Y,Bike,Full-time,4.37,Y
DP06273,Santosh J,Cycle,Part-time,3.9,N
DP12974,Pooja A,Bike,Full-time,3.51,Y
DP12786,Pooja B,Scooter,Full-time,4.52,Y
DP07877,Pooja K,Scooter,Contract,4.58,Y
DP07415,Ananya T,Scooter,Full-time,4.46,Y
DP07433,Rakesh D,Car,Part-time,4.19,Y
DP03840,Amit T,Cycle,Part-time,3.92,Y
DP04708,Arjun L,Scooter,Full-time,4.43,Y
DP05809,Amit P,Bike,Full-time,4.16,N
DP06284,Suresh D,Scooter,Part-time,4.46,Y
DP02514,Kiran P,Cycle,Contract,3.87,Y
DP06902,Nikhil V,Cycle,Part-time,3.97,N
DP09815,Pooja Q,Cycle,Full-time,4.12,Y
DP14072,Neha I,Scooter,Part-time,4.56,Y
DP14239,Kiran D,Scooter,Part-time,4.54,Y
DP07501,Divya O,Cycle,Full-time,3.87,Y
DP04676,Divya N,Bike,Part-time,4.9,Y
DP03367,Deepak T,Bike,Contract,4.56,Y
DP00425,Shreya P,Bike,Part-time,4.79,Y
DP12313,Shreya A,Scooter,Contract,3.97,Y
DP03096,Divya I,Bike,Part-time,3.97,Y
DP00841,Manoj O,Bike,Full-time,4.75,Y
DP10780,Amit V,Bike,Part-time,3.82,Y
DP01431,Vikas C,Bike,Full-time,4.12,Y
DP07897,Kiran M,Cycle,Full-time,4.25,Y
DP09108,Amit X,Car,Full-time,4.23,Y
DP07836,Santosh G,Scooter,Full-time,4.4,Y
DP03784,Vikas Q,Bike,Full-time,4.45,Y
DP04240,Rahul J,Bike,Full-time,3.73,Y
DP03340,Rakesh P,Scooter,Part-time,4.51,Y
DP14668,Ananya Z,Scooter,Part-time,4.79,Y
DP04827,Divya R,Scooter,Full-time,3.96,Y
DP01122,Suresh U,Scooter,Part-time,4.32,Y
DP07398,Priya E,Cycle,Full-time,3.96,N
DP00482,Amit R,Scooter,Full-time,4.19,Y
DP00068,Divya F,Car,Full-time,4.14,N
DP02994,Rahul L,Cycle,Full-time,4.23,N
DP09622,Rakesh H,Cycle,Full-time,4.57,Y
DP01249,Divya X,Cycle,Part-time,4.63,Y
DP01604,Vikas F,Car,Full-time,4.15,Y
DP12702,Suresh S,Bike,Part-time,4.36,Y
DP07273,Rakesh P,Scooter,Full-time,4.27,Y
DP12060,Nikhil N,Bike,Full-time,3.66,Y
DP07090,Kiran A,Bike,Part-time,3.95,Y
DP02904,Vikas A,Bike,Full-time,3.96,Y
DP02274,Pooja G,Cycle,Part-time,4.43,Y
DP07098,Arjun T,Scooter,Contract,3.56,Y
DP05887,Vikas Y,Bike,Contract,4.35,Y
DP03739,Priya L,Cycle,Full-time,3.78,Y
DP03520,Meena Q,Bike,Contract,3.99,Y
DP08406,Vikas A,Car,Full-time,4.28,Y
DP03330,Divya V,Bike,Full-time,4.25,N
DP00546,Rakesh M,Scooter,Full-time,5,Y
DP07645,Kiran A,Scooter,Part-time,4.89,Y
DP05703,Suresh H,Bike,Part-time,4.14,Y
DP12853,Meena F,Scooter,Part-time,4.54,Y
DP05692,Pooja K,Scooter,Full-time,4.55,Y
DP09770,Pooja U,Scooter,Part-time,4.03,Y
DP01321,Kiran U,Cycle,Contract,4.37,Y
DP13341,Ravi O,Bike,Contract,4.17,Y
DP09288,Santosh U,Bike,Full-time,4.52,Y
DP08657,Vikas A,Bike,Contract,3.85,Y
DP02697,Rakesh X,Scooter,Full-time,3.78,Y
DP05821,Priya Y,Bike,Part-time,4.22,Y
DP11316,Ravi L,Bike,Part-time,4.07,Y
DP11513,Neha E,Bike,Contract,4.78,Y
DP10610,Santosh W,Scooter,Full-time,4.59,Y
DP01884,Rakesh I,Scooter,Full-time,4.05,Y
DP10998,Suresh H,Scooter,Part-time,4.25,Y
DP00116,Manoj H,Bike,Part-time,4.12,Y
DP00544,Rahul U,Scooter,Contract,4.14,Y
DP00867,Ravi J,Bike,Part-time,3.86,Y
DP04346,Sneha U,Scooter,Contract,4.38,Y
DP07408,Ananya L,Bike,Full-time,4.23,Y
DP01624,Divya B,Bike,Full-time,3.91,Y
DP04559,Sneha D,Bike,Full-time,4.43,Y
DP08317,Manoj Z,Scooter,Part-time,4.42,Y
DP09277,Nikhil D,Cycle,Full-time,4.5,Y
DP13764,Sneha C,Bike,Part-time,3.98,Y
DP00988,Neha C,Cycle,Full-time,4.42,Y
DP07553,Deepak K,Bike,Part-time,3.57,Y
DP01971,Ananya N,Scooter,Contract,4.05,Y
DP02548,Suresh V,Bike,Part-time,4.43,Y
DP04837,Santosh Y,Bike,Full-time,4.31,Y
DP04126,Kiran V,Scooter,Full-time,4.09,Y
DP07909,Neha F,Cycle,Part-time,4.35,Y
DP14534,Vikas B,Bike,Contract,4.31,Y
DP09270,Manoj U,Scooter,Full-time,4.13,Y
DP06359,Divya Y,Bike,Full-time,4.59,Y
DP09248,Amit D,Cycle,Full-time,3.67,Y
DP14450,Sneha U,Cycle,Contract,4.14,Y
DP13618,Neha H,Bike,Contract,4.06,Y
DP04994,Rakesh G,Scooter,Part-time,4.86,Y
DP11011,Suresh O,Bike,Full-time,4.83,Y
DP12998,Pooja X,Bike,Full-time,4.46,Y
DP03353,Nikhil C,Cycle,Part-time,4.61,Y
DP14645,Rakesh S,Bike,Full-time,4.52,Y
DP07747,Shreya O,Bike,Part-time,4.38,Y
DP05332,Shreya Q,Scooter,Full-time,3.99,Y
DP03442,Amit R,Cycle,Full-time,4.48,N
DP00558,Rahul P,Bike,Full-time,4.61,Y
DP13813,Rahul N,Bike,Part-time,3.98,Y
DP05077,Deepak V,Scooter,Contract,4.11,Y
DP01474,Rakesh K,Scooter,Full-time,4.85,Y
DP04158,Vikas X,Bike,Full-time,3.9,Y
DP07988,Manoj B,Scooter,Full-time,4.69,N
DP11999,Meena T,Bike,Full-time,4.19,N
DP13917,Suresh R,Bike,Full-time,3.95,Y
DP14696,Meena H,Car,Part-time,4.58,Y
DP07326,Meena X,Bike,Full-time,4.08,Y
DP10843,Divya N,Scooter,Full-time,4.47,Y
DP01546,Divya J,Bike,Full-time,4.62,Y
DP07468,Ananya E,Scooter,Part-time,4.66,Y
DP09217,Amit L,Bike,Full-time,4.93,N
DP10411,Shreya J,Car,Full-time,4.24,N
DP12828,Nikhil Q,Scooter,Part-time,4.21,N
DP10273,Nikhil H,Bike,Full-time,4.25,Y
DP08305,Shreya Q,Bike,Full-time,4.18,Y
DP08004,Manoj F,Scooter,Full-time,4.06,N
DP00620,Sneha Y,Scooter,Contract,4.78,Y
DP04109,Manoj C,Cycle,Full-time,3.73,Y
DP06133,Nikhil G,Cycle,Part-time,4.08,N
DP04207,Kiran T,Scooter,Full-time,4.29,Y
DP14106,Ananya L,Scooter,Full-time,3.85,Y
DP03434,Meena Q,Bike,Full-time,4.01,Y
DP07506,Rahul N,Scooter,Contract,3.9,Y
DP08940,Manoj G,Scooter,Part-time,4.14,Y
DP14010,Amit P,Bike,Full-time,4.31,Y
DP06106,Ananya Q,Scooter,Contract,3.91,Y
DP10529,Santosh H,Scooter,Contract,4.03,N
DP02806,Arjun D,Scooter,Full-time,4.1,N
DP05995,Arjun N,Scooter,Full-time,4.69,Y
DP00338,Amit S,Cycle,Full-time,4.19,Y
DP01746,Manoj U,Scooter,Contract,4.06,Y
DP12851,Shreya G,Bike,Contract,4.27,N
DP00240,Divya T,Car,Full-time,4.28,Y
DP02167,Priya B,Bike,Full-time,4.2,Y
DP07315,Pooja V,Bike,Full-time,4.06,Y
DP13625,Vikas R,Cycle,Contract,4.8,Y
DP08056,Arjun H,Scooter,Part-time,3.6,Y
DP02205,Arjun F,Scooter,Full-time,4.36,Y
DP08999,Vikas K,Bike,Full-time,4.06,Y
DP04199,Pooja L,Bike,Full-time,4.56,Y
DP08184,Arjun J,Bike,Full-time,4.25,Y
DP11300,Pooja M,Scooter,Part-time,4.72,Y
DP07928,Shreya F,Cycle,Contract,4.09,Y
DP11040,Ananya F,Scooter,Full-time,4.31,Y
DP09852,Nikhil T,Cycle,Full-time,4.09,Y
DP06460,Shreya P,Bike,Full-time,4.18,Y
DP11428,Meena W,Scooter,Part-time,4.17,Y
DP05161,Santosh W,Scooter,Part-time,4.73,Y
DP04556,Rakesh C,Bike,Full-time,4.35,Y
DP12305,Suresh H,Cycle,Full-time,4.38,Y
DP02529,Divya D,Bike,Part-time,4.43,Y
DP10740,Ravi L,Bike,Full-time,4.06,Y
DP04800,Kiran A,Scooter,Full-time,4.59,Y
DP07621,Arjun O,Bike,Part-time,4.58,Y
DP08290,Santosh V,Scooter,Part-time,3.87,Y
DP13725,Amit J,Bike,Contract,4.04,Y
DP12082,Vikas Y,Scooter,Contract,4.4,Y
DP13177,Manoj T,Scooter,Full-time,4.38,Y
DP10878,Pooja U,Scooter,Full-time,4.29,Y
DP10270,Divya W,Scooter,Full-time,3.95,Y
DP10677,Rakesh Q,Cycle,Part-time,4.34,N
DP10839,Ananya X,Cycle,Full-time,4.72,Y
DP03657,Rahul L,Bike,Part-time,4.42,Y
DP10705,Manoj V,Bike,Full-time,4.45,Y
DP01599,Meena L,Car,Part-time,4.17,Y
DP02406,Vikas R,Bike,Part-time,3.66,Y
DP04256,Ravi U,Bike,Contract,4.75,N
DP00665,Amit F,Bike,Full-time,3.58,Y
DP04065,Pooja C,Scooter,Full-time,4.01,N
DP10523,Ananya G,Bike,Full-time,4.1,Y
DP09860,Kiran M,Cycle,Full-time,3.64,Y
DP11326,Divya S,Bike,Contract,4.39,Y
DP02553,Neha S,Bike,Full-time,4.48,Y
DP13464,Deepak Z,Bike,Full-time,4.07,Y
DP05937,Pooja F,Car,Part-time,4.68,Y
DP09067,Pooja I,Bike,Full-time,4.27,Y
DP07770,Vikas T,Cycle,Contract,4.12,N
DP12111,Ravi Y,Scooter,Full-time,4.19,Y
DP12459,Santosh V,Bike,Contract,3.94,Y
DP13619,Meena V,Cycle,Contract,3.9,Y
DP04948,Manoj O,Scooter,Full-time,3.46,Y
DP08572,Suresh B,Cycle,Full-time,3.96,Y
DP14994,Neha L,Bike,Part-time,4.31,Y
DP10551,Neha F,Scooter,Part-time,4.13,Y
DP05222,Ananya P,Scooter,Full-time,3.91,Y
DP04816,Suresh I,Scooter,Part-time,3.94,Y
DP02583,Kiran U,Scooter,Full-time,4.37,Y
DP00316,Rakesh U,Bike,Contract,3.99,Y
DP08824,Rahul D,Bike,Full-time,4.27,Y
DP10683,Manoj L,Bike,Full-time,3.81,Y
DP11198,Divya T,Bike,Contract,4.39,Y
DP10410,Ananya S,Scooter,Full-time,4.04,Y
DP02617,Suresh F,Cycle,Part-time,4.21,Y
DP13093,Manoj Y,Scooter,Full-time,4.51,N
DP14349,Vikas S,Scooter,Part-time,3.96,Y
DP07614,Meena F,Scooter,Full-time,4.17,Y
DP03106,Ananya P,Scooter,Part-time,4.2,Y
DP13591,Nikhil L,Bike,Full-time,4.26,N
DP11357,Arjun D,Scooter,Full-time,4.61,Y
DP10701,Rakesh I,Scooter,Full-time,4.61,Y
DP06717,Vikas P,Car,Full-time,4.19,Y
DP07764,Neha X,Scooter,Full-time,4.23,Y
DP00967,Neha S,Bike,Part-time,3.98,Y
DP01887,Arjun E,Bike,Full-time,4.59,Y
DP05879,Sneha K,Bike,Full-time,4.36,Y
DP08120,Amit L,Car,Contract,4.21,N
DP12997,Divya M,Bike,Part-time,4.09,Y
DP06703,Pooja F,Scooter,Full-time,4.62,Y
DP02877,Divya I,Bike,Contract,4.44,Y
DP13741,Shreya D,Cycle,Contract,4.37,N
DP00117,Vikas C,Scooter,Contract,3.89,Y
DP07064,Ravi H,Cycle,Part-time,4.46,Y
DP00341,Neha O,Bike,Part-time,4.18,Y
DP13885,Rahul S,Cycle,Contract,4.09,N
DP05223,Ananya U,Bike,Part-time,4.21,Y
DP00890,Meena O,Scooter,Part-time,3.98,Y
DP14789,Vikas C,Bike,Full-time,4.33,Y
DP08359,Deepak J,Bike,Contract,4.23,Y
DP08603,Amit Z,Bike,Part-time,4.73,Y
DP06916,Manoj Q,Scooter,Contract,3.71,N
DP06665,Priya T,Cycle,Full-time,4.6,Y
DP06193,Amit B,Cycle,Full-time,4.1,Y
DP05241,Manoj W,Scooter,Full-time,4.36,Y
DP10450,Rakesh G,Scooter,Part-time,3.95,Y
DP07504,Ravi W,Scooter,Full-time,4.6,Y
DP05208,Rahul A,Scooter,Contract,4.11,Y
DP09531,Manoj B,Scooter,Full-time,4.72,N
DP07966,Deepak P,Bike,Part-time,3.6,Y
DP03107,Divya X,Scooter,Part-time,4.41,Y
DP08069,Sneha S,Bike,Full-time,4.28,Y
DP07003,Amit H,Scooter,Full-time,4.26,Y
DP04214,Rahul I,Scooter,Full-time,4.24,Y
DP09833,Santosh L,Bike,Full-time,3.98,Y
DP14173,Pooja X,Bike,Full-time,4.36,Y
DP08313,Suresh C,Bike,Part-time,4.51,Y
DP02582,Shreya H,Scooter,Full-time,4.46,Y
DP03964,Divya K,Bike,Full-time,4.33,Y
DP01822,Ananya S,Bike,Part-time,4.55,Y
DP05637,Ananya J,Bike,Part-time,3.83,Y
DP13889,Pooja U,Bike,Part-time,4.15,Y
DP03737,Meena W,Bike,Part-time,3.98,Y
DP11687,Shreya J,Car,Contract,4.6,Y
DP03266,Rahul J,Scooter,Part-time,3.83,N
DP11365,Nikhil M,Scooter,Full-time,4.17,N
DP10979,Arjun Q,Bike,Part-time,3.96,Y
DP04675,Neha Y,Scooter,Full-time,4.09,Y
DP08665,Neha B,Bike,Full-time,4.22,Y
DP07807,Rahul D,Bike,Full-time,4.08,Y
DP00730,Vikas U,Car,Full-time,4,Y
DP03061,Deepak N,Scooter,Full-time,4.04,Y
DP05885,Arjun Z,Scooter,Contract,4.05,N
DP08638,Meena U,Bike,Full-time,3.95,Y
DP14381,Kiran K,Car,Part-time,3.72,Y
DP00779,Suresh L,Scooter,Contract,4.27,Y
DP00468,Pooja K,Bike,Part-time,3.19,N
DP09007,Santosh Y,Bike,Contract,4.28,Y
DP10724,Deepak D,Car,Contract,4.03,Y
DP03272,Suresh D,Scooter,Part-time,3.74,Y
DP04700,Ananya A,Scooter,Part-time,4.06,Y
DP10568,Amit G,Bike,Full-time,4.09,N
DP13087,Sneha S,Bike,Full-time,4.31,Y
DP14499,Sneha R,Scooter,Part-time,3.91,Y
DP11386,Kiran V,Bike,Full-time,4.27,Y
DP08651,Vikas V,Bike,Full-time,4.07,Y
DP09255,Deepak B,Scooter,Contract,4.03,Y
DP11453,Sneha W,Bike,Contract,3.95,Y
DP14042,Suresh F,Bike,Full-time,4.01,N
DP00079,Ravi W,Bike,Part-time,4.07,Y
DP07322,Rahul T,Cycle,Full-time,4.48,Y
DP12168,Ravi L,Bike,Full-time,3.61,Y
DP02267,Manoj G,Cycle,Contract,4.45,Y
DP06374,Sneha I,Scooter,Full-time,4.04,Y
DP13454,Priya I,Bike,Full-time,4.2,Y
DP06525,Ananya U,Cycle,Full-time,4.22,Y
DP06384,Kiran H,Bike,Part-time,4.32,Y
DP09283,Manoj U,Bike,Contract,4.89,Y
DP00506,Santosh M,Cycle,Full-time,4.28,N
DP03990,Divya E,Scooter,Part-time,3.8,Y
DP09401,Santosh A,Bike,Contract,4.23,Y
DP08654,Ananya W,Bike,Full-time,3.89,Y
DP08223,Manoj I,Cycle,Full-time,3.73,N
DP06519,Deepak J,Scooter,Full-time,4.1,Y
DP03349,Arjun G,Bike,Part-time,4.4,N
DP11034,Pooja W,Bike,Full-time,4.24,Y
DP07218,Ravi R,Scooter,Full-time,3.89,Y
DP14792,Sneha R,Cycle,Full-time,3.98,N
DP06782,Santosh I,Cycle,Full-time,4.59,Y
DP05034,Ananya E,Bike,Full-time,3.89,Y
DP12075,Pooja W,Bike,Full-time,3.95,Y
DP10147,Neha Q,Bike,Part-time,4.35,Y
DP13987,Neha F,Scooter,Full-time,3.58,Y
DP00944,Shreya V,Scooter,Part-time,4.15,Y
DP06603,Divya S,Bike,Part-time,3.5,Y
DP05283,Suresh S,Scooter,Part-time,4.88,Y
DP06341,Vikas O,Car,Full-time,4.1,Y
DP10251,Pooja M,Bike,Contract,3.8,Y
DP09618,Sneha Q,Bike,Contract,4,Y
DP03158,Meena Z,Scooter,Contract,4.18,Y
DP12900,Rahul V,Bike,Contract,3.97,Y
DP04578,Nikhil L,Scooter,Part-time,4.41,Y
DP12981,Santosh N,Bike,Full-time,4.19,Y
DP07820,Arjun S,Cycle,Part-time,4.16,N
DP13309,Divya L,Cycle,Contract,4.24,Y
DP14217,Manoj W,Bike,Part-time,4.03,N
DP12678,Ananya F,Car,Full-time,3.97,Y
DP06445,Neha V,Cycle,Full-time,3.75,Y
DP09632,Divya S,Scooter,Full-time,4.47,Y
DP11546,Deepak E,Bike,Part-time,4.44,Y
DP06784,Priya R,Scooter,Full-time,4.01,Y
DP05634,Ananya P,Car,Full-time,3.5,Y
DP04431,Santosh R,Scooter,Full-time,4.23,Y
DP13790,Ananya Q,Scooter,Full-time,4.3,Y
DP09503,Meena G,Bike,Full-time,4.11,Y
DP02984,Ananya P,Bike,Full-time,4.63,Y
DP01584,Neha B,Bike,Contract,3.53,Y
DP13919,Vikas Z,Scooter,Part-time,4.1,Y
DP09147,Divya V,Bike,Part-time,4.09,Y
DP11240,Nikhil H,Scooter,Full-time,3.84,Y
DP13051,Santosh H,Bike,Full-time,4.49,Y
DP11638,Pooja T,Cycle,Part-time,4.12,Y
DP04166,Amit Z,Bike,Full-time,4.17,Y
DP14870,Rakesh M,Bike,Contract,4.26,Y
DP02844,Manoj P,Bike,Full-time,3.84,Y
DP11942,Suresh E,Bike,Full-time,4.59,Y
DP04435,Vikas T,Cycle,Part-time,3.7,Y
DP03249,Neha Y,Scooter,Part-time,4.06,Y
DP11967,Deepak A,Scooter,Part-time,4.1,Y
DP14831,Santosh S,Bike,Full-time,3.85,Y
DP09149,Sneha E,Bike,Part-time,4.21,Y
DP07485,Nikhil N,Car,Contract,4.63,Y
DP06493,Suresh O,Bike,Part-time,4.57,N
DP03336,Vikas C,Scooter,Full-time,3.88,Y
DP06454,Amit Y,Cycle,Contract,4.11,Y
DP10900,Shreya S,Cycle,Contract,4.09,Y
DP01253,Rakesh O,Bike,Full-time,4.69,Y
DP05251,Ravi Y,Bike,Contract,4.55,Y
DP10744,Vikas S,Scooter,Contract,4.58,Y
DP00686,Kiran C,Scooter,Part-time,4.34,Y
DP06333,Santosh I,Cycle,Full-time,4.29,Y
DP05450,Neha U,Bike,Part-time,4.68,Y
DP01656,Divya S,Bike,Full-time,4.05,Y
DP03931,Arjun N,Cycle,Full-time,4.31,Y
DP00823,Ananya K,Scooter,Part-time,4.5,Y
DP09891,Amit A,Bike,Part-time,4.31,Y
DP10824,Nikhil I,Scooter,Part-time,4.23,Y
DP05023,Santosh E,Bike,Contract,4.3,Y
DP02707,Manoj H,Scooter,Full-time,3.58,Y
DP14190,Ananya L,Bike,Part-time,4.01,Y
DP10844,Priya F,Car,Contract,4.32,Y
DP06134,Amit G,Scooter,Contract,4.17,Y
DP08385,Neha R,Bike,Full-time,4.17,Y
DP03080,Vikas M,Car,Contract,3.37,Y
DP09046,Priya R,Scooter,Full-time,3.76,Y
DP08649,Kiran K,Bike,Contract,4.43,Y
DP12573,Divya J,Scooter,Contract,4.19,Y
DP00263,Neha B,Scooter,Full-time,4.08,Y
DP12232,Ananya C,Scooter,Full-time,3.83,Y
DP02652,Priya K,Scooter,Contract,4.26,Y
DP04611,Amit U,Bike,Part-time,4.03,Y
DP00980,Pooja O,Bike,Part-time,4.17,Y
DP04723,Nikhil N,Scooter,Full-time,3.78,Y
DP07839,Divya B,Scooter,Contract,4.01,Y
DP01673,Arjun A,Car,Full-time,4.2,Y
DP04964,Santosh S,Bike,Part-time,4.35,Y
DP10577,Meena L,Scooter,Contract,4.27,Y
DP07901,Deepak P,Cycle,Full-time,4.11,Y
DP02700,Santosh D,Bike,Part-time,4.57,Y
DP01850,Pooja P,Scooter,Full-time,4.43,Y
DP06677,Kiran G,Bike,Contract,4.45,Y
DP14057,Santosh T,Scooter,Contract,4.72,Y
DP12223,Rakesh B,Scooter,Part-time,4.37,Y
DP03910,Sneha U,Scooter,Contract,4.19,Y
DP10030,Santosh H,Car,Full-time,4.34,Y
DP04130,Deepak K,Bike,Part-time,4.37,Y
DP01194,Arjun C,Scooter,Part-time,4.24,Y
DP04963,Vikas E,Cycle,Part-time,3.62,Y
DP00361,Deepak K,Scooter,Part-time,4.1,Y
DP08005,Rakesh W,Scooter,Full-time,3.86,N
DP10693,Amit V,Scooter,Contract,3.6,Y
DP11630,Manoj E,Scooter,Full-time,3.98,Y
DP09697,Amit D,Scooter,Full-time,4.11,Y
DP09483,Manoj U,Scooter,Full-time,3.99,Y
DP01457,Neha D,Bike,Part-time,4.37,Y
DP12617,Santosh S,Scooter,Contract,3.83,N
DP03461,Neha C,Scooter,Part-time,4.67,Y
DP13490,Shreya Q,Bike,Full-time,4.28,Y
DP08997,Amit M,Scooter,Part-time,4.46,Y
DP04984,Deepak H,Bike,Full-time,4.76,Y
DP12779,Ananya G,Cycle,Full-time,4.46,Y
DP13968,Deepak H,Scooter,Full-time,3.06,Y
DP11726,Shreya W,Bike,Full-time,4.28,Y
DP14899,Ananya G,Bike,Contract,4.48,Y
DP04102,Priya Y,Cycle,Contract,4.05,Y
DP04423,Arjun S,Bike,Part-time,4.24,Y
DP07301,Ananya I,Scooter,Contract,4.18,Y
DP12108,Suresh O,Scooter,Full-time,3.93,Y
DP13636,Arjun S,Car,Full-time,4.3,N
DP08582,Shreya V,Car,Full-time,4.08,Y
DP01948,Suresh U,Bike,Full-time,4.33,Y
DP13650,Arjun H,Scooter,Contract,3.9,Y
DP14666,Manoj L,Bike,Full-time,4.16,Y
DP11446,Sneha H,Bike,Full-time,4.59,Y
DP10964,Manoj V,Scooter,Full-time,4.64,Y
DP00746,Meena N,Scooter,Contract,3.8,Y
DP05093,Arjun R,Scooter,Contract,4.36,N
DP07418,Vikas U,Scooter,Contract,4.11,Y
DP07871,Arjun W,Scooter,Full-time,4.2,Y
DP10373,Pooja G,Bike,Full-time,4.55,Y
DP13691,Neha Q,Bike,Full-time,4.1,Y
DP04413,Sneha T,Bike,Full-time,4.35,Y
DP04029,Arjun O,Scooter,Full-time,4.7,Y
DP03766,Shreya W,Scooter,Part-time,3.78,N
DP06294,Kiran T,Scooter,Full-time,3.92,Y
DP08656,Deepak K,Scooter,Full-time,3.72,Y
DP04098,Rakesh O,Cycle,Full-time,4.19,Y
DP01453,Amit G,Scooter,Part-time,4.13,Y
DP13466,Arjun N,Scooter,Full-time,4.42,Y
DP06882,Amit B,Scooter,Contract,3.74,Y
DP01022,Divya W,Scooter,Part-time,3.89,Y
DP13042,Suresh T,Scooter,Part-time,4.43,Y
DP03851,Suresh H,Bike,Contract,4.01,Y
DP09193,Deepak V,Scooter,Contract,3.57,Y
DP08580,Neha P,Bike,Full-time,4.15,Y
DP09707,Shreya K,Bike,Full-time,3.77,Y
DP04758,Manoj U,Bike,Full-time,3.86,Y
DP03628,Kiran I,Bike,Part-time,4.45,Y
DP00518,Sneha H,Scooter,Part-time,3.95,Y
DP07796,Suresh E,Car,Contract,4.42,Y
DP10354,Amit W,Scooter,Part-time,4,Y
DP04569,Pooja O,Scooter,Full-time,4.73,N
DP13561,Rakesh A,Scooter,Contract,4.1,Y
DP04257,Rakesh C,Car,Full-time,4.39,Y
DP03559,Nikhil Y,Scooter,Full-time,4.14,Y
DP05847,Suresh H,Bike,Full-time,4.61,Y
DP04276,Ravi W,Scooter,Part-time,4.51,Y
DP12772,Amit E,Bike,Part-time,4.1,Y
DP10975,Arjun T,Scooter,Full-time,4.51,Y
DP12832,Ravi P,Cycle,Full-time,3.88,Y
DP03181,Neha Q,Bike,Full-time,3.88,Y
DP08742,Santosh P,Cycle,Full-time,4.35,Y
DP03230,Ravi I,Scooter,Full-time,4.19,Y
DP13903,Deepak K,Bike,Full-time,4.52,Y
DP07135,Pooja P,Scooter,Part-time,4.42,N
DP13825,Kiran M,Scooter,Part-time,4.1,Y
DP12686,Vikas C,Scooter,Full-time,4.44,Y
DP07314,Suresh N,Cycle,Part-time,4.04,Y
DP07500,Vikas X,Car,Part-time,4.04,Y
DP04685,Suresh S,Scooter,Full-time,4.63,Y
DP04653,Kiran D,Bike,Full-time,3.87,N
DP02468,Sneha T,Bike,Full-time,3.8,Y
DP10368,Ravi K,Bike,Contract,3.56,Y
DP05319,Manoj I,Cycle,Full-time,4.08,Y
DP05510,Ravi P,Scooter,Full-time,4.46,Y
DP14288,Vikas X,Bike,Full-time,4.38,Y
DP11460,Ravi N,Cycle,Part-time,4.54,Y
DP07508,Sneha G,Scooter,Part-time,4.32,Y
DP07783,Amit E,Cycle,Part-time,4.46,Y
DP06904,Meena I,Scooter,Contract,4.15,N
DP12911,Rahul L,Scooter,Part-time,4.21,Y
DP03489,Rakesh X,Scooter,Full-time,4.56,Y
DP09041,Suresh E,Scooter,Full-time,4.41,Y
DP12314,Priya W,Scooter,Full-time,3.83,Y
DP04253,Meena A,Scooter,Part-time,3.75,Y
DP05284,Sneha V,Bike,Part-time,4.54,N
DP10075,Vikas G,Bike,Contract,4.27,Y
DP07556,Rakesh D,Bike,Full-time,4.01,Y
DP03213,Pooja E,Cycle,Part-time,4.29,Y
DP08806,Sneha Z,Scooter,Part-time,4.13,Y
DP06485,Priya H,Scooter,Contract,4.26,Y
DP09958,Nikhil Y,Bike,Contract,4.42,Y
DP10259,Santosh P,Scooter,Part-time,4.42,Y
DP04905,Divya K,Scooter,Full-time,4.24,N
DP07044,Manoj P,Car,Full-time,4.56,Y
DP06779,Arjun X,Bike,Full-time,4.16,Y
DP04050,Divya E,Bike,Contract,4.32,N
DP10673,Meena Y,Scooter,Full-time,4.41,Y
DP07216,Rahul E,Scooter,Full-time,4.2,Y
DP00167,Rahul B,Bike,Part-time,4.42,Y
DP08028,Shreya V,Bike,Full-time,4.23,Y
DP13294,Priya S,Bike,Part-time,4.23,Y
DP12988,Meena K,Bike,Part-time,4.23,Y
DP02533,Priya T,Scooter,Part-time,4.32,N
DP02321,Deepak K,Scooter,Full-time,4.3,Y
DP03412,Kiran E,Scooter,Full-time,4,Y
DP06076,Ananya W,Scooter,Full-time,3.87,Y
DP11049,Priya M,Scooter,Full-time,4.87,Y
DP04626,Priya M,Bike,Part-time,3.99,Y
DP09493,Nikhil D,Car,Contract,4.35,Y
DP12706,Ananya X,Scooter,Part-time,4.34,Y
DP05899,Rahul S,Scooter,Full-time,4.61,Y
DP08885,Sneha M,Bike,Full-time,4.61,Y
DP03410,Santosh Y,Bike,Part-time,3.85,Y
DP07802,Shreya C,Bike,Full-time,4.1,Y
DP10761,Arjun Y,Cycle,Contract,4.22,Y
DP03264,Amit Y,Scooter,Full-time,3.77,Y
DP02805,Amit H,Scooter,Part-time,4.12,Y
DP02032,Meena U,Scooter,Full-time,4.68,Y
DP05526,Rakesh Q,Bike,Full-time,4.16,Y
DP08343,Vikas P,Scooter,Full-time,4.33,Y
DP12612,Manoj C,Cycle,Part-time,3.6,Y
DP01682,Amit J,Car,Contract,3.92,Y
DP09077,Nikhil Z,Bike,Part-time,3.9,N
DP10597,Santosh T,Bike,Part-time,4.31,Y
DP13161,Priya V,Scooter,Full-time,3.87,Y
DP02726,Vikas R,Scooter,Full-time,3.97,Y
DP09368,Kiran W,Cycle,Part-time,4.58,N
DP05309,Sneha R,Cycle,Full-time,4.74,Y
DP04619,Kiran H,Scooter,Part-time,4.76,Y
DP02693,Kiran K,Scooter,Contract,3.95,Y
DP02033,Deepak G,Bike,Part-time,3.97,Y
DP14709,Sneha W,Scooter,Full-time,3.84,N
DP12125,Sneha V,Bike,Full-time,4.27,Y
DP01070,Rakesh S,Scooter,Part-time,4.07,N
DP08095,Arjun M,Bike,Full-time,4.37,Y
DP12675,Divya C,Scooter,Full-time,3.77,Y
DP13249,Sneha E,Scooter,Full-time,4.42,Y
DP11789,Santosh Y,Cycle,Part-time,4.7,Y
DP06170,Vikas A,Scooter,Part-time,4.19,Y
DP04234,Vikas A,Bike,Contract,4.35,Y
DP02793,Arjun Y,Bike,Part-time,3.95,Y
DP04064,Vikas I,Scooter,Part-time,4.05,Y
DP05084,Nikhil X,Scooter,Contract,3.99,Y
DP03665,Ravi M,Scooter,Contract,3.63,Y
DP02675,Manoj Y,Cycle,Contract,4.99,Y
DP00272,Ananya A,Scooter,Contract,4.21,Y
DP05698,Ananya Q,Bike,Full-time,4.25,Y
DP09959,Suresh M,Cycle,Full-time,3.65,Y
DP02196,Neha T,Scooter,Contract,4.03,Y
DP05215,Deepak O,Scooter,Full-time,4.34,Y
DP05986,Ananya G,Bike,Part-time,4.14,Y
DP00409,Manoj F,Scooter,Part-time,4.46,Y
DP07327,Pooja C,Scooter,Full-time,4.05,Y
DP10573,Rahul Z,Bike,Full-time,3.81,N
DP08390,Manoj N,Bike,Full-time,4.49,Y
DP11867,Shreya N,Scooter,Full-time,3.75,N
DP12511,Divya B,Scooter,Full-time,4.41,Y
DP14290,Rakesh X,Scooter,Full-time,3.95,Y
DP10161,Arjun H,Car,Full-time,4.5,Y
DP10600,Shreya F,Cycle,Full-time,4.17,Y
DP05237,Santosh V,Cycle,Contract,4.57,Y
DP13517,Divya P,Bike,Full-time,4.44,Y
DP02944,Deepak S,Scooter,Part-time,4.24,Y
DP14391,Shreya O,Car,Part-time,4.51,Y
DP14598,Arjun D,Bike,Part-time,4.03,Y
DP12553,Ananya R,Scooter,Part-time,3.93,Y
DP04299,Pooja H,Bike,Full-time,4.26,Y
DP00513,Divya C,Scooter,Full-time,4.12,Y
DP05154,Suresh V,Bike,Contract,4.27,Y
DP04466,Priya V,Bike,Contract,3.57,Y
DP13425,Ananya H,Bike,Part-time,4.5,Y
DP05574,Suresh B,Scooter,Contract,3.44,Y
DP10871,Vikas W,Scooter,Full-time,4.16,Y
DP09651,Kiran S,Cycle,Full-time,4.18,Y
DP09749,Vikas O,Bike,Contract,4.16,Y
DP02840,Priya S,Bike,Contract,3.94,Y
DP00638,Manoj T,Scooter,Full-time,3.81,Y
DP02090,Neha R,Scooter,Full-time,4.84,Y
DP05106,Rahul O,Scooter,Contract,4.2,Y
DP12972,Suresh F,Scooter,Part-time,3.91,Y
DP08499,Sneha S,Scooter,Part-time,3.82,Y
DP11723,Neha I,Bike,Full-time,4.25,N
DP08643,Rahul T,Scooter,Part-time,4.24,Y
DP04796,Manoj U,Scooter,Full-time,4.48,Y
DP01364,Priya V,Bike,Full-time,4.38,Y
DP12782,Ravi M,Scooter,Part-time,4.46,Y
DP03261,Divya P,Bike,Full-time,3.96,Y
DP04465,Kiran J,Bike,Full-time,4.07,Y
DP14086,Divya Q,Bike,Full-time,4.03,N
DP13017,Santosh H,Bike,Full-time,4.31,Y
DP01569,Deepak D,Scooter,Part-time,4.53,Y
DP06573,Sneha S,Cycle,Full-time,3.94,Y
DP07903,Arjun Z,Scooter,Contract,4.23,Y
DP14602,Pooja X,Car,Contract,4.96,Y
DP11304,Pooja G,Scooter,Full-time,4.4,N
DP00507,Ananya X,Scooter,Part-time,3.54,Y
DP00794,Pooja L,Bike,Part-time,4.16,Y
DP09412,Rakesh F,Bike,Full-time,3.91,Y
DP02492,Suresh Q,Cycle,Part-time,4.07,Y
DP06343,Neha T,Bike,Full-time,4.36,N
DP13194,Deepak P,Cycle,Part-time,4.25,Y
DP05195,Vikas F,Bike,Full-time,4.38,Y
DP03982,Deepak I,Car,Full-time,4.13,N
DP07691,Rakesh N,Scooter,Full-time,3.99,Y
DP10029,Meena R,Cycle,Part-time,4.24,Y
DP09996,Meena M,Bike,Full-time,3.73,Y
DP14799,Sneha W,Bike,Full-time,4.22,Y
DP11333,Shreya I,Bike,Part-time,3.97,N
DP02025,Priya H,Cycle,Contract,4.2,Y
DP01137,Kiran S,Scooter,Full-time,5,Y
DP05576,Vikas B,Bike,Full-time,4.05,Y
DP05049,Neha E,Bike,Part-time,4.05,Y
DP08252,Divya J,Scooter,Full-time,4.48,Y
DP02513,Manoj Q,Scooter,Contract,4.05,Y
DP12771,Priya J,Cycle,Full-time,4.33,Y
DP10849,Deepak M,Scooter,Contract,4.41,Y
DP04118,Pooja Y,Bike,Part-time,4.05,Y
DP01570,Priya R,Scooter,Contract,4.36,Y
DP04327,Amit P,Scooter,Contract,3.84,Y
DP14091,Vikas E,Scooter,Full-time,4.89,Y
DP05836,Manoj L,Bike,Full-time,4.23,Y
DP11523,Kiran I,Bike,Part-time,3.92,Y
DP12246,Rakesh A,Cycle,Contract,3.96,Y
DP13287,Santosh J,Bike,Full-time,4.64,Y
DP00743,Rahul Z,Scooter,Full-time,4.01,Y
DP14565,Pooja J,Car,Part-time,4.78,Y
DP14479,Sneha N,Scooter,Part-time,4.24,Y
DP03091,Deepak R,Scooter,Part-time,4.2,Y
DP10606,Santosh H,Bike,Part-time,4.08,Y
DP01053,Rakesh Y,Bike,Part-time,4.58,Y
DP00406,Pooja B,Scooter,Full-time,4.21,Y
DP01829,Divya N,Bike,Part-time,4,Y
DP14765,Vikas B,Scooter,Full-time,4.51,Y
DP08503,Ravi U,Bike,Contract,4.17,Y
DP14983,Pooja T,Bike,Contract,3.69,Y
DP10242,Divya G,Bike,Contract,4.17,N
DP11977,Ananya K,Scooter,Part-time,4.46,Y
DP06267,Neha K,Scooter,Full-time,4.69,Y
DP09747,Sneha I,Bike,Part-time,3.95,Y
DP06520,Meena U,Bike,Full-time,4.29,Y
DP09719,Nikhil N,Car,Part-time,4.02,Y
DP09053,Amit E,Cycle,Part-time,4.29,Y
DP12022,Arjun V,Bike,Part-time,3.67,Y
DP12938,Amit B,Bike,Full-time,4.3,Y
DP08689,Vikas V,Scooter,Full-time,3.71,Y
DP00074,Priya X,Bike,Part-time,3.95,N
DP08455,Rahul A,Scooter,Full-time,4.26,Y
DP05586,Sneha H,Bike,Part-time,4.21,N
DP01145,Ravi A,Scooter,Part-time,4.4,Y
DP10120,Sneha L,Bike,Part-time,4.19,Y
DP02956,Pooja J,Scooter,Part-time,3.91,Y
DP04084,Nikhil L,Car,Full-time,4.36,Y
DP10042,Rakesh Q,Scooter,Contract,4.31,N
DP02076,Kiran X,Cycle,Contract,4.24,Y
DP09988,Amit J,Bike,Full-time,3.88,Y
DP09974,Rahul N,Scooter,Full-time,4.36,Y
DP11191,Vikas O,Scooter,Full-time,4.31,Y
DP13787,Kiran S,Bike,Full-time,4.35,Y
DP05162,Santosh L,Scooter,Part-time,4.17,Y
DP10324,Priya Z,Scooter,Full-time,3.76,Y
DP11660,Amit I,Cycle,Full-time,3.76,Y
DP04434,Amit T,Scooter,Full-time,3.98,Y
DP10801,Deepak B,Bike,Full-time,3.62,Y
DP10074,Priya Q,Scooter,Contract,4.04,Y
DP13413,Kiran R,Bike,Contract,4.13,N
DP11364,Pooja N,Car,Part-time,3.52,Y
DP06405,Divya L,Bike,Contract,3.89,Y
DP05400,Divya Y,Cycle,Full-time,4.04,Y
DP05469,Ravi J,Scooter,Full-time,3.58,Y
DP03215,Ananya E,Scooter,Contract,4.66,Y
DP08521,Sneha F,Bike,Full-time,4.06,Y
DP14377,Divya N,Bike,Contract,3.84,Y
DP12570,Vikas W,Car,Full-time,4.46,Y
DP14194,Vikas D,Cycle,Part-time,4.23,Y
DP05550,Nikhil X,Bike,Full-time,4.21,Y
DP07382,Priya D,Bike,Full-time,4.22,Y
DP12256,Santosh P,Scooter,Full-time,3.6,Y
DP13613,Meena E,Bike,Part-time,4.27,Y
DP10736,Amit K,Bike,Part-time,4.6,N
DP03627,Santosh X,Scooter,Full-time,4.87,Y
DP09636,Neha N,Scooter,Part-time,4.01,N
DP01717,Ravi Z,Cycle,Full-time,4.59,Y
DP00107,Neha U,Bike,Full-time,4.57,Y
DP07019,Pooja B,Bike,Part-time,4.32,Y
DP14071,Neha Y,Cycle,Full-time,4,N
DP04161,Divya T,Bike,Part-time,3.93,N
DP03040,Ravi M,Cycle,Full-time,4.34,Y
DP09221,Ravi T,Scooter,Part-time,4.33,Y
DP13215,Ananya Y,Cycle,Full-time,4.17,Y
DP01771,Arjun X,Scooter,Contract,4.44,N
DP03676,Vikas J,Bike,Full-time,4.61,Y
DP05771,Nikhil L,Scooter,Full-time,4.15,Y
DP10479,Priya K,Bike,Part-time,4.51,Y
DP07648,Neha C,Bike,Full-time,4.35,Y
DP10306,Amit O,Cycle,Full-time,4.1,Y
DP13872,Santosh Q,Scooter,Full-time,4.01,Y
DP13933,Santosh G,Cycle,Full-time,4.7,Y
DP06287,Divya H,Cycle,Contract,3.94,Y
DP03065,Ravi F,Scooter,Part-time,4.04,N
DP08026,Rahul U,Bike,Full-time,4.24,Y
DP02204,Arjun P,Bike,Part-time,4.28,Y
DP07303,Arjun L,Bike,Part-time,4.32,Y
DP01325,Rakesh H,Scooter,Part-time,4.3,Y
DP09431,Rahul C,Scooter,Full-time,4.55,Y
DP05741,Rahul A,Cycle,Full-time,4.51,Y
DP12019,Santosh F,Bike,Full-time,4.18,Y
DP12887,Nikhil O,Bike,Part-time,3.58,Y
DP07716,Suresh V,Bike,Part-time,4.69,Y
DP04024,Ananya G,Scooter,Full-time,4.31,Y
DP14030,Sneha O,Scooter,Part-time,4.47,Y
DP10491,Ravi K,Scooter,Full-time,3.66,Y
DP06323,Priya I,Bike,Part-time,4.23,Y
DP13607,Rahul W,Bike,Full-time,4.08,Y
DP07937,Divya P,Bike,Full-time,4.21,Y
DP10130,Nikhil F,Scooter,Contract,4.29,Y
DP13269,Ravi T,Bike,Part-time,4.51,Y
DP02765,Deepak M,Bike,Contract,4.21,Y
DP02789,Rahul T,Bike,Part-time,4.06,Y
DP07475,Neha M,Bike,Full-time,4.36,N
DP06246,Ravi L,Bike,Full-time,4.34,Y
DP05330,Meena B,Bike,Contract,4.36,Y
DP11994,Santosh W,Bike,Contract,3.96,Y
DP13582,Pooja J,Scooter,Full-time,3.55,Y
DP11936,Santosh M,Car,Full-time,4.01,Y
DP05731,Divya W,Scooter,Part-time,4.38,Y
DP10137,Priya V,Bike,Full-time,4.33,Y
DP02914,Ananya P,Bike,Part-time,4.13,Y
DP11800,Ananya L,Bike,Full-time,3.99,N
DP08959,Rakesh R,Bike,Part-time,4.24,N
DP09106,Ravi N,Car,Part-time,4.08,Y
DP10277,Pooja H,Scooter,Contract,4.67,Y
DP03716,Arjun R,Scooter,Part-time,4.5,Y
DP09464,Ravi A,Bike,Full-time,4.72,Y
DP04300,Manoj H,Bike,Full-time,4.33,N
DP07629,Vikas R,Car,Part-time,3.87,N
DP12760,Kiran V,Cycle,Part-time,3.87,Y
DP05594,Ananya H,Bike,Full-time,3.94,Y
DP05846,Rahul U,Bike,Part-time,3.99,N
DP09537,Neha M,Bike,Full-time,4.4,Y
DP10363,Arjun T,Bike,Part-time,4.4,N
DP14943,Nikhil Y,Scooter,Full-time,4.3,Y
DP14714,Deepak I,Bike,Contract,4.41,Y
DP08671,Ananya B,Bike,Full-time,4.46,Y
DP07238,Santosh L,Bike,Part-time,4.14,Y
DP13136,Suresh D,Bike,Contract,4.24,Y
DP13652,Suresh T,Cycle,Part-time,4.12,Y
DP00477,Arjun C,Bike,Full-time,4.32,Y
DP10098,Deepak R,Scooter,Part-time,4.5,Y
DP03933,Manoj T,Scooter,Full-time,4.16,Y
DP12583,Divya I,Scooter,Full-time,4.55,Y
DP01697,Rakesh H,Cycle,Contract,4.61,Y
DP00929,Rahul I,Scooter,Part-time,3.88,Y
DP14933,Shreya F,Cycle,Full-time,3.77,Y
DP09443,Pooja W,Scooter,Full-time,4.35,Y
DP14982,Ravi B,Scooter,Part-time,4.26,Y
DP06316,Deepak W,Bike,Full-time,4.51,Y
DP10257,Ravi M,Scooter,Full-time,3.84,Y
DP12549,Santosh N,Bike,Part-time,3.62,N
DP08768,Kiran W,Bike,Full-time,4.34,N
DP04881,Neha J,Scooter,Full-time,3.82,Y
DP13539,Kiran G,Scooter,Contract,4.02,Y
DP12080,Shreya W,Bike,Contract,4.53,Y
DP11032,Divya R,Scooter,Part-time,4.46,N
DP10944,Ananya X,Car,Full-time,4.23,Y
DP00110,Shreya H,Scooter,Full-time,4.45,Y
DP07945,Suresh U,Bike,Full-time,4.12,Y
DP10395,Deepak D,Scooter,Part-time,4.23,Y
DP07029,Vikas E,Bike,Full-time,4.5,Y
DP11656,Kiran L,Scooter,Contract,4.42,Y
DP04929,Manoj A,Scooter,Full-time,4.16,N
DP12272,Manoj R,Cycle,Full-time,3.94,N
DP03358,Deepak M,Bike,Contract,4.64,Y
DP06712,Ananya Q,Bike,Full-time,3.83,Y
DP06996,Meena Z,Scooter,Part-time,4.22,Y
DP11212,Suresh Y,Scooter,Part-time,3.61,Y
DP07224,Santosh R,Bike,Full-time,4.5,Y
DP01390,Amit O,Bike,Contract,4.19,Y
DP06482,Ravi E,Cycle,Full-time,3.33,Y
DP03614,Amit X,Scooter,Full-time,3.9,Y
DP00953,Arjun M,Bike,Part-time,4.2,Y
DP05548,Pooja S,Scooter,Part-time,4.16,Y
DP04613,Rakesh U,Bike,Full-time,4.22,Y
DP13566,Priya C,Scooter,Full-time,4.17,Y
DP08931,Pooja W,Scooter,Full-time,4.32,Y
DP10422,Ananya I,Bike,Part-time,4.28,Y
DP10320,Meena X,Scooter,Part-time,4.58,Y
DP14953,Neha Z,Scooter,Full-time,3.97,N
DP02917,Divya L,Scooter,Part-time,4.64,Y
DP03983,Divya R,Scooter,Part-time,3.88,Y
DP11084,Shreya Q,Scooter,Contract,4.17,N
DP00305,Vikas X,Cycle,Full-time,4.34,Y
DP03247,Pooja N,Car,Part-time,4.69,Y
DP11167,Priya I,Scooter,Contract,4,N
DP02846,Suresh I,Bike,Part-time,4.43,Y
DP12216,Rakesh B,Scooter,Contract,3.6,Y
DP05447,Divya K,Bike,Part-time,4.03,Y
DP00999,Meena R,Scooter,Full-time,3.72,N
DP06945,Priya F,Bike,Full-time,4.52,Y
DP14579,Santosh W,Bike,Contract,3.99,Y
DP14589,Manoj B,Cycle,Full-time,4.15,Y
DP07231,Deepak I,Cycle,Full-time,4.92,Y
DP10477,Ananya R,Bike,Contract,4.34,Y
DP03635,Arjun G,Car,Part-time,4.54,Y
DP12559,Rakesh S,Scooter,Contract,3.64,Y
DP06692,Shreya O,Bike,Full-time,3.87,Y
DP04742,Shreya R,Cycle,Part-time,4.21,Y
DP03871,Sneha C,Cycle,Full-time,3.99,N
DP13935,Priya D,Scooter,Part-time,3.98,Y
DP07637,Neha X,Bike,Part-time,4.6,Y
DP13039,Manoj R,Scooter,Full-time,4.27,Y
DP12390,Sneha R,Bike,Full-time,4.3,Y
DP05249,Meena D,Scooter,Part-time,4.08,Y
DP13717,Ananya C,Bike,Full-time,4.25,Y
DP09040,Shreya I,Bike,Full-time,4.33,Y
DP01006,Amit X,Bike,Part-time,3.96,Y
DP02689,Santosh Q,Cycle,Full-time,3.69,Y
DP11650,Manoj R,Scooter,Full-time,3.23,Y
DP03921,Pooja C,Bike,Full-time,4.53,Y
DP05279,Pooja D,Bike,Full-time,4.15,Y
DP05107,Neha W,Scooter,Part-time,4.37,Y
DP08958,Deepak G,Bike,Full-time,3.92,Y
DP05652,Vikas Q,Scooter,Contract,4.5,Y
DP04340,Ravi G,Bike,Full-time,4.15,Y
DP04686,Rakesh G,Scooter,Full-time,4.07,Y
DP13477,Divya L,Bike,Full-time,3.94,Y
DP04033,Kiran F,Bike,Contract,4.32,N
DP14228,Shreya R,Bike,Full-time,3.9,Y
DP02774,Manoj Z,Car,Part-time,4.31,Y
DP12071,Manoj C,Bike,Full-time,3.89,Y
DP14986,Ravi N,Scooter,Part-time,3.73,Y
DP09557,Ananya J,Bike,Contract,4.32,Y
DP14652,Rahul I,Bike,Full-time,4.28,Y
DP14441,Meena R,Cycle,Part-time,4.63,N
DP04797,Kiran C,Car,Full-time,4.84,Y
DP06672,Meena S,Scooter,Full-time,3.75,Y
DP08609,Rahul D,Scooter,Full-time,3.85,Y
DP03605,Manoj N,Scooter,Full-time,4.23,Y
DP08436,Divya T,Bike,Full-time,4.32,Y
DP01185,Sneha F,Scooter,Part-time,4.39,Y
DP10001,Suresh M,Scooter,Full-time,4.31,Y
DP01640,Ananya G,Scooter,Full-time,4.57,Y
DP00367,Rahul U,Bike,Full-time,4.36,N
DP09457,Deepak J,Cycle,Full-time,4.01,N
DP13957,Ravi L,Bike,Full-time,3.98,N
DP01852,Santosh T,Scooter,Part-time,3.94,Y
DP01176,Shreya P,Scooter,Part-time,3.8,N
DP04261,Shreya A,Scooter,Part-time,3.97,Y
DP04743,Nikhil T,Bike,Full-time,3.96,Y
DP01890,Suresh U,Bike,Part-time,3.98,Y
DP07906,Kiran M,Scooter,Full-time,4.68,Y
DP08486,Kiran I,Bike,Full-time,4.38,Y
DP01307,Manoj M,Scooter,Part-time,4.83,Y
DP00497,Santosh L,Bike,Part-time,4.55,Y
DP09578,Rahul S,Cycle,Part-time,4.23,Y
DP14112,Suresh I,Bike,Full-time,4.31,N
DP11810,Manoj Q,Scooter,Full-time,3.5,Y
DP08023,Nikhil X,Scooter,Part-time,3.7,N
DP05641,Manoj L,Scooter,Part-time,4.16,Y
DP06290,Manoj L,Scooter,Full-time,3.92,Y
DP06354,Divya P,Scooter,Full-time,4.36,Y
DP02812,Suresh C,Car,Full-time,4.34,Y
DP10504,Vikas K,Scooter,Full-time,4.19,Y
DP13171,Nikhil X,Scooter,Full-time,3.59,Y
DP03232,Pooja H,Cycle,Part-time,4.12,Y
DP09066,Ananya C,Scooter,Full-time,4.03,Y
DP10698,Kiran H,Cycle,Part-time,3.62,Y
DP03735,Nikhil E,Bike,Part-time,4.25,Y
DP09681,Ravi F,Scooter,Full-time,3.86,Y
DP01500,Kiran Z,Cycle,Full-time,4.27,Y
DP11975,Santosh N,Scooter,Part-time,4.09,Y
DP07350,Pooja U,Scooter,Full-time,3.48,Y
DP07750,Neha U,Scooter,Part-time,4.22,Y
DP14507,Neha C,Bike,Full-time,4.53,Y
DP07494,Arjun B,Cycle,Full-time,4.39,Y
DP12296,Arjun O,Scooter,Part-time,4.29,Y
DP13635,Rahul T,Cycle,Full-time,4.33,Y
DP06630,Manoj M,Bike,Part-time,4.34,Y
DP12054,Sneha I,Car,Part-time,4.21,Y
DP11672,Suresh C,Cycle,Contract,4.44,Y
DP12667,Ravi B,Scooter,Full-time,4.24,Y
DP08784,Priya D,Scooter,Part-time,3.92,Y
DP12631,Pooja W,Bike,Part-time,4.32,Y
DP13986,Vikas F,Scooter,Full-time,4.56,N
DP03119,Pooja D,Scooter,Part-time,4.14,N
DP11127,Priya E,Cycle,Full-time,4.19,N
DP14802,Divya O,Cycle,Part-time,3.87,Y
DP10587,Pooja M,Bike,Full-time,4.31,Y
DP12704,Ravi B,Scooter,Full-time,4.06,Y
DP07095,Rakesh X,Bike,Contract,4.14,Y
DP01032,Priya E,Scooter,Part-time,4.53,Y
DP04138,Deepak D,Bike,Contract,4.45,Y
DP11350,Ananya Z,Bike,Part-time,3.7,Y
DP05601,Ravi P,Cycle,Full-time,4.01,Y
DP11322,Rahul X,Cycle,Part-time,3.99,Y
DP14549,Neha J,Bike,Full-time,3.43,Y
DP00630,Amit L,Bike,Contract,4.12,Y
DP14561,Deepak F,Bike,Contract,4.18,Y
DP07968,Meena N,Scooter,Full-time,4.55,Y
DP10912,Santosh J,Bike,Part-time,4.48,Y
DP01449,Suresh J,Bike,Full-time,4.26,Y
DP04940,Pooja S,Scooter,Part-time,4.67,Y
DP05699,Nikhil X,Scooter,Part-time,4.22,Y
DP04196,Kiran C,Bike,Part-time,4.53,Y
DP09218,Deepak L,Scooter,Part-time,4.5,N
DP02476,Pooja T,Bike,Full-time,3.94,Y
DP00872,Sneha N,Scooter,Contract,4.19,Y
DP12065,Sneha J,Bike,Full-time,3.8,Y
DP02368,Neha L,Scooter,Full-time,4.12,Y
DP02050,Divya F,Cycle,Contract,4.58,Y
DP00670,Divya G,Scooter,Part-time,4.25,Y
DP03965,Ravi M,Scooter,Full-time,4.42,Y
DP01851,Nikhil E,Car,Part-time,4.16,Y
DP07676,Suresh Z,Bike,Part-time,4.15,Y
DP05908,Sneha D,Scooter,Full-time,3.85,Y
DP11157,Deepak F,Scooter,Part-time,4.2,Y
DP10039,Santosh F,Scooter,Contract,4.46,Y
DP06054,Priya Y,Cycle,Full-time,4.38,Y
DP13960,Suresh G,Bike,Part-time,4.4,Y
DP13104,Manoj J,Scooter,Part-time,3.97,Y
DP13751,Ananya T,Scooter,Full-time,4.23,Y
DP07624,Priya C,Bike,Part-time,4.42,Y
DP10604,Vikas J,Scooter,Part-time,4.71,Y
DP12420,Suresh E,Bike,Full-time,4.26,Y
DP13195,Rakesh E,Scooter,Full-time,4.62,Y
DP01895,Ravi G,Bike,Part-time,4.13,Y
DP14185,Divya O,Bike,Contract,4.15,Y
DP01643,Santosh L,Scooter,Full-time,3.77,Y
DP01210,Nikhil R,Scooter,Full-time,3.99,Y
DP14340,Pooja L,Car,Full-time,4.08,Y
DP02031,Rakesh B,Cycle,Full-time,4.37,Y
DP09515,Deepak U,Cycle,Contract,4.33,Y
DP14300,Vikas Z,Bike,Part-time,4.26,Y
DP06381,Shreya C,Scooter,Full-time,3.78,N
DP06107,Manoj K,Scooter,Contract,4.09,N
DP07048,Pooja V,Scooter,Part-time,4.48,Y
DP11269,Suresh L,Scooter,Contract,3.88,Y
DP00941,Nikhil F,Scooter,Full-time,3.99,Y
DP13909,Suresh U,Scooter,Full-time,4.31,Y
DP11250,Manoj K,Bike,Contract,3.82,Y
DP02034,Meena Z,Scooter,Contract,4.17,Y
DP05198,Shreya X,Bike,Full-time,4.02,Y
DP05745,Arjun J,Scooter,Contract,4.27,Y
DP12803,Manoj K,Scooter,Part-time,4.25,Y
DP06411,Vikas J,Bike,Full-time,4.21,Y
DP06245,Rakesh B,Scooter,Part-time,4.21,Y
DP13284,Rakesh N,Bike,Full-time,4.54,Y
DP07330,Suresh U,Scooter,Contract,4.19,Y
DP02916,Ravi U,Bike,Full-time,4.02,Y
DP13107,Pooja O,Bike,Contract,4.46,Y
DP03538,Divya Y,Cycle,Full-time,4.9,N
DP02013,Meena D,Scooter,Part-time,4.69,Y
DP09611,Meena W,Cycle,Contract,4.05,Y
DP14490,Priya Z,Bike,Part-time,4.04,Y
DP03070,Manoj K,Cycle,Full-time,3.98,Y
DP01069,Rahul S,Scooter,Part-time,4.42,Y
DP11735,Neha N,Car,Full-time,4.71,Y
DP03221,Divya Q,Bike,Full-time,4.11,N
DP02494,Deepak O,Scooter,Full-time,4.08,Y
DP12363,Rakesh P,Scooter,Full-time,3.76,Y
DP01229,Sneha V,Scooter,Full-time,3.91,Y
DP09259,Rahul M,Bike,Part-time,3.91,Y
DP06662,Suresh P,Scooter,Contract,4.37,Y
DP01499,Vikas X,Bike,Part-time,3.75,Y
DP09885,Santosh G,Scooter,Part-time,4.51,Y
DP11602,Rahul P,Car,Full-time,4.02,Y
DP09322,Sneha O,Bike,Full-time,4.49,Y
DP06639,Ananya O,Bike,Part-time,4.34,Y
DP11526,Shreya U,Scooter,Full-time,4.17,Y
DP05002,Kiran N,Scooter,Full-time,4.32,Y
DP00559,Divya W,Cycle,Full-time,3.89,Y
DP11482,Ravi G,Bike,Full-time,4.2,N
DP04154,Rakesh V,Bike,Full-time,4.02,Y
DP09473,Divya W,Bike,Full-time,4.39,Y
DP08723,Shreya U,Scooter,Full-time,4.48,Y
DP02355,Manoj E,Scooter,Part-time,4.24,N
DP05419,Amit J,Scooter,Full-time,3.4,Y
DP09230,Pooja D,Scooter,Contract,4.1,N
DP01004,Neha M,Scooter,Part-time,4.04,N
DP01401,Manoj A,Bike,Full-time,4.35,Y
DP00521,Ravi X,Scooter,Part-time,4.19,Y
DP06179,Deepak R,Scooter,Contract,3.9,Y
DP10314,Vikas K,Scooter,Full-time,3.77,Y
DP08140,Santosh T,Bike,Part-time,4.5,Y
DP00859,Sneha A,Bike,Contract,4.27,Y
DP13205,Sneha D,Scooter,Full-time,4.11,Y
DP03005,Ananya R,Bike,Part-time,4.11,Y
DP12799,Sneha J,Car,Contract,4.54,Y
DP10773,Rahul Y,Scooter,Part-time,4.25,Y
DP07543,Nikhil E,Cycle,Contract,4.25,Y
DP10913,Santosh C,Bike,Full-time,4.06,Y
DP03027,Shreya K,Bike,Contract,4.22,Y
DP07900,Rakesh R,Cycle,Full-time,4.04,Y
DP14372,Amit N,Bike,Full-time,4.98,N
DP04319,Shreya Y,Bike,Full-time,4.32,Y
DP02486,Divya R,Cycle,Part-time,4.03,Y
DP07395,Manoj J,Scooter,Full-time,4.25,Y
DP09082,Amit U,Scooter,Contract,3.77,Y
DP05153,Nikhil G,Scooter,Full-time,3.98,Y
DP09112,Rahul A,Bike,Full-time,4.08,Y
DP03087,Arjun Z,Bike,Full-time,4.38,Y
DP10859,Suresh T,Scooter,Part-time,4.23,Y
DP01342,Ravi B,Scooter,Full-time,4.3,Y
DP01080,Nikhil P,Scooter,Full-time,3.63,Y
DP08892,Sneha P,Scooter,Full-time,4.21,N
DP02609,Kiran F,Car,Part-time,4.14,Y
DP00026,Amit Z,Bike,Full-time,3.84,Y
DP04395,Manoj Z,Scooter,Full-time,3.86,Y
DP04404,Santosh V,Bike,Full-time,4.18,Y
DP13025,Vikas B,Scooter,Contract,4.17,Y
DP13427,Meena O,Scooter,Full-time,4.07,Y
DP12130,Santosh R,Bike,Contract,4.09,Y
DP11982,Pooja U,Scooter,Full-time,4.16,N
DP00972,Ravi O,Bike,Full-time,4.61,Y
DP06541,Santosh Z,Bike,Full-time,3.72,Y
DP13347,Shreya V,Bike,Full-time,4.26,Y
DP02038,Sneha U,Scooter,Full-time,4.25,Y
DP03188,Rahul J,Cycle,Full-time,4.17,Y
DP02070,Ananya E,Bike,Part-time,4.1,Y
DP05411,Sneha K,Cycle,Full-time,3.8,N
DP03963,Priya Y,Scooter,Contract,4.69,Y
DP07975,Sneha X,Bike,Part-time,4.49,Y
DP11066,Pooja A,Cycle,Part-time,4.49,Y
DP07352,Meena L,Bike,Full-time,4.54,Y
DP11447,Priya U,Bike,Part-time,4.09,Y
DP10495,Sneha T,Scooter,Full-time,4.49,Y
DP13655,Divya A,Scooter,Full-time,4.64,Y
DP08917,Deepak L,Cycle,Part-time,4.58,Y
DP07681,Deepak W,Scooter,Full-time,3.9,Y
DP13855,Pooja M,Bike,Full-time,4.14,Y
DP13410,Nikhil T,Cycle,Full-time,4.59,Y
DP13351,Meena R,Cycle,Full-time,3.84,Y
DP02353,Deepak V,Bike,Full-time,3.58,N
DP13054,Pooja J,Bike,Contract,3.49,Y
DP08775,Ananya P,Bike,Full-time,3.87,Y
DP08865,Nikhil F,Scooter,Full-time,4.43,Y
DP04012,Deepak B,Bike,Part-time,3.82,N
DP02894,Shreya T,Scooter,Full-time,4.26,Y
DP12423,Suresh O,Bike,Full-time,4.13,Y
DP12714,Amit S,Bike,Part-time,4.37,Y
DP00536,Nikhil K,Scooter,Part-time,3.87,Y
DP01373,Pooja G,Cycle,Full-time,4.26,Y
DP08047,Pooja L,Bike,Part-time,4.12,Y
DP09126,Nikhil U,Cycle,Full-time,3.6,Y
DP03751,Priya Y,Scooter,Part-time,4.21,Y
DP13451,Ravi W,Scooter,Full-time,4.05,Y
DP13887,Manoj R,Bike,Full-time,4.12,Y
DP00066,Vikas E,Scooter,Part-time,4.28,Y
DP12637,Divya C,Scooter,Full-time,3.88,Y
DP08467,Ravi K,Scooter,Part-time,4.47,Y
DP00495,Pooja T,Scooter,Full-time,3.94,Y
DP03776,Rakesh G,Scooter,Full-time,3.97,Y
DP03765,Arjun I,Scooter,Part-time,4.83,Y
DP09771,Amit N,Bike,Part-time,4.28,Y
DP14264,Pooja N,Bike,Part-time,4.53,Y
DP11945,Rakesh Y,Bike,Full-time,4.1,Y
DP06609,Sneha W,Scooter,Part-time,4.3,Y
DP09358,Priya V,Scooter,Part-time,4.09,Y
DP13106,Nikhil W,Bike,Full-time,4.41,N
DP13797,Vikas H,Cycle,Full-time,4.51,Y
DP14684,Ravi U,Car,Full-time,4.04,Y
DP01561,Priya M,Car,Full-time,4.25,Y
DP03000,Sneha M,Bike,Contract,4.48,Y
DP12439,Vikas S,Cycle,Full-time,4.43,Y
DP04696,Santosh C,Car,Full-time,4.28,Y
DP04826,Neha Y,Scooter,Full-time,4.36,Y
DP07983,Meena O,Bike,Full-time,4.13,Y
DP03139,Amit W,Bike,Full-time,4.89,Y
DP03117,Ravi X,Scooter,Full-time,3.97,Y
DP07511,Neha E,Scooter,Full-time,3.85,N
DP09141,Manoj D,Scooter,Contract,4.68,N
DP02116,Neha R,Cycle,Part-time,4.3,N
DP08173,Priya S,Bike,Contract,4.19,Y
DP05693,Ravi A,Cycle,Part-time,3.94,N
DP02657,Rahul C,Cycle,Full-time,4.16,Y
DP03514,Rakesh O,Cycle,Contract,3.73,Y
DP05493,Santosh C,Scooter,Full-time,3.94,N
DP12710,Sneha Z,Car,Part-time,4.23,Y
DP09496,Amit Z,Scooter,Full-time,4.26,Y
DP13033,Manoj B,Bike,Full-time,4.09,Y
DP03939,Neha C,Scooter,Full-time,3.69,Y
DP13261,Kiran P,Cycle,Part-time,4.18,Y
DP12536,Rahul I,Scooter,Part-time,4.56,Y
DP08198,Kiran F,Bike,Part-time,4.66,Y
DP10462,Sneha P,Scooter,Contract,3.96,Y
DP07885,Suresh W,Bike,Part-time,4.3,Y
DP06913,Ravi Q,Scooter,Full-time,3.99,Y
DP10549,Sneha W,Bike,Full-time,4.38,Y
DP14630,Divya V,Bike,Contract,3.83,N
DP11834,Santosh T,Cycle,Full-time,4.01,Y
DP14137,Priya K,Cycle,Full-time,3.87,Y
DP08759,Sneha E,Cycle,Part-time,4.1,Y
DP13192,Kiran K,Cycle,Full-time,4.66,Y
DP06629,Ananya O,Bike,Contract,4.55,N
DP10963,Rakesh U,Bike,Part-time,4.3,N
DP02137,Pooja M,Scooter,Full-time,4.35,Y
DP02358,Sneha G,Scooter,Full-time,3.83,Y
DP08092,Rahul I,Scooter,Full-time,4.04,Y
DP08100,Meena L,Cycle,Full-time,3.3,Y
DP12038,Priya L,Bike,Part-time,4.12,Y
DP01787,Meena F,Scooter,Full-time,4.24,Y
DP13537,Santosh J,Bike,Part-time,4.23,Y
DP08370,Pooja N,Bike,Full-time,3.98,Y
DP08009,Shreya E,Cycle,Full-time,4.1,Y
DP02902,Santosh C,Bike,Part-time,4.04,Y
DP14166,Nikhil F,Bike,Part-time,4.14,Y
DP04727,Kiran S,Cycle,Full-time,3.96,Y
DP04277,Priya H,Cycle,Part-time,4.2,Y
DP13434,Santosh M,Car,Contract,4.11,Y
DP09591,Suresh H,Scooter,Full-time,4.26,Y
DP10149,Santosh Q,Cycle,Part-time,4.3,Y
DP01921,Deepak Z,Bike,Part-time,4,Y
DP06994,Neha J,Scooter,Full-time,4.28,Y
DP00046,Santosh R,Scooter,Full-time,4.18,Y
DP09406,Ravi P,Cycle,Full-time,3.85,Y
DP09096,Meena T,Scooter,Full-time,4.13,Y
DP03493,Santosh A,Car,Full-time,4.28,Y
DP08778,Sneha D,Scooter,Full-time,3.79,Y
DP00032,Amit O,Scooter,Full-time,4.62,Y
DP05443,Divya U,Scooter,Part-time,4.12,Y
DP04180,Ananya Q,Cycle,Part-time,3.83,Y
DP05067,Sneha T,Cycle,Full-time,4.07,Y
DP01949,Vikas W,Bike,Full-time,4.24,Y
DP00656,Deepak V,Scooter,Part-time,4.34,Y
DP11217,Priya P,Scooter,Full-time,4.88,Y
DP06925,Sneha G,Scooter,Part-time,4.34,Y
DP00613,Ravi U,Cycle,Part-time,4.12,Y
DP05580,Meena D,Scooter,Contract,4.24,N
DP07979,Priya I,Bike,Full-time,3.73,Y
DP02366,Suresh M,Bike,Full-time,3.61,Y
DP10721,Meena V,Car,Part-time,3.89,Y
DP08124,Santosh X,Scooter,Part-time,4.34,Y
DP08304,Ananya Y,Scooter,Full-time,3.71,N
DP12528,Manoj F,Scooter,Full-time,4.14,Y
DP09152,Shreya L,Bike,Full-time,4.15,N
DP14023,Suresh U,Bike,Full-time,4.28,Y
DP14657,Amit U,Scooter,Part-time,4.27,Y
DP00394,Rahul V,Scooter,Full-time,4.59,Y
DP12630,Ravi S,Cycle,Full-time,4.29,Y
DP08495,Ravi Z,Scooter,Contract,3.98,Y
DP08445,Ravi C,Bike,Full-time,3.77,N
DP14345,Manoj D,Scooter,Full-time,4.45,Y
DP06197,Ravi Q,Scooter,Contract,4.47,Y
DP08828,Deepak E,Bike,Contract,3.87,Y
DP10127,Rahul F,Bike,Full-time,4.27,Y
DP06448,Deepak T,Scooter,Contract,4.24,Y
DP13311,Rahul K,Scooter,Contract,4.21,Y
DP06421,Neha J,Cycle,Part-time,4.62,N
DP04893,Rahul O,Bike,Contract,3.91,Y
DP08558,Vikas Q,Scooter,Part-time,4.16,Y
DP08967,Ananya E,Scooter,Contract,4.33,N
DP08197,Shreya D,Bike,Full-time,4.22,Y
DP02312,Priya U,Scooter,Full-time,4.1,Y
DP09528,Shreya M,Scooter,Full-time,4.18,Y
DP05519,Amit J,Bike,Full-time,4.52,N
DP14862,Priya S,Scooter,Full-time,4.58,Y
DP09869,Deepak D,Bike,Full-time,4.31,Y
DP01196,Neha D,Scooter,Part-time,4.57,Y
DP08256,Meena H,Bike,Full-time,4.47,Y
DP07638,Kiran C,Scooter,Full-time,3.54,Y
DP10024,Ananya Y,Scooter,Full-time,4.81,Y
DP11261,Kiran S,Bike,Full-time,3.77,Y
DP11060,Suresh S,Scooter,Full-time,4.09,Y
DP09777,Sneha Q,Scooter,Part-time,4.35,Y
DP00959,Pooja N,Scooter,Contract,4.34,Y
DP14793,Suresh A,Bike,Part-time,4.36,Y
DP08595,Ananya I,Cycle,Contract,4.21,Y
DP03341,Sneha P,Cycle,Contract,3.69,N
DP11384,Kiran B,Cycle,Part-time,4.11,Y
DP03770,Ananya A,Bike,Full-time,4.25,Y
DP03400,Vikas S,Scooter,Full-time,3.98,Y
DP10945,Deepak T,Bike,Full-time,3.88,Y
DP04428,Priya M,Car,Part-time,4.32,Y
DP04932,Priya M,Scooter,Part-time,4.35,Y
DP04766,Deepak G,Scooter,Contract,4.37,Y
DP02511,Pooja D,Scooter,Contract,4.05,Y
DP02227,Santosh M,Scooter,Contract,4.33,Y
DP08153,Pooja M,Cycle,Full-time,4.04,Y
DP13375,Divya V,Bike,Full-time,4.08,N
DP07220,Shreya F,Bike,Full-time,4.64,N
DP02053,Vikas K,Scooter,Full-time,3.84,Y
DP11222,Meena M,Scooter,Full-time,4.23,Y
DP07626,Suresh C,Bike,Full-time,3.73,Y
DP10067,Neha D,Cycle,Full-time,3.96,Y
DP08365,Kiran M,Bike,Full-time,3.97,Y
DP11230,Nikhil H,Scooter,Contract,3.8,Y
DP05340,Rakesh W,Scooter,Full-time,4.4,Y
DP05544,Arjun P,Car,Part-time,4.04,Y
DP08988,Ravi T,Bike,Full-time,4.27,Y
DP06513,Santosh O,Bike,Full-time,4.53,Y
DP13996,Priya U,Bike,Full-time,4.06,Y
DP13833,Suresh A,Bike,Contract,4.47,Y
DP10000,Santosh U,Bike,Full-time,3.71,Y
DP09750,Pooja Y,Scooter,Full-time,4.52,Y
DP06379,Rahul X,Scooter,Part-time,4.41,Y
DP01900,Neha S,Scooter,Part-time,4.16,Y
DP04417,Sneha Q,Cycle,Full-time,4.83,Y
DP12695,Rakesh P,Bike,Full-time,4.2,Y
DP02510,Divya O,Bike,Full-time,3.98,Y
DP03705,Meena I,Bike,Full-time,4.2,Y
DP14801,Neha G,Car,Part-time,4.78,Y
DP14726,Deepak C,Scooter,Full-time,4.01,Y
DP04609,Kiran R,Scooter,Full-time,4.27,Y
DP11495,Kiran E,Bike,Contract,4.36,Y
DP14426,Shreya I,Scooter,Full-time,4.14,Y
DP05616,Arjun W,Bike,Full-time,3.79,Y
DP06173,Rahul S,Bike,Part-time,4.11,Y
DP08442,Amit B,Car,Part-time,4.7,Y
DP14751,Neha Y,Scooter,Full-time,4.19,N
DP00516,Priya N,Bike,Part-time,4.08,Y
DP01172,Neha C,Cycle,Full-time,4.5,Y
DP13904,Meena X,Cycle,Full-time,4.49,Y
DP11154,Arjun Z,Cycle,Full-time,3.52,Y
DP06116,Ananya A,Scooter,Contract,4.21,Y
DP09200,Arjun R,Cycle,Part-time,3.69,Y
DP11987,Kiran Y,Scooter,Part-time,4.25,N
DP04492,Vikas J,Bike,Part-time,4.58,Y
DP05990,Rahul I,Cycle,Full-time,4.31,Y
DP07596,Santosh R,Bike,Full-time,4.85,Y
DP00202,Ananya S,Scooter,Full-time,4.46,Y
DP08250,Manoj X,Bike,Part-time,4.27,Y
DP07144,Ananya Z,Scooter,Part-time,4.25,Y
DP03860,Manoj X,Bike,Contract,4.01,Y
DP08587,Kiran O,Scooter,Contract,4.29,Y
DP08942,Priya H,Bike,Part-time,3.65,Y
DP05441,Ravi Q,Car,Contract,4.35,Y
DP00330,Shreya V,Cycle,Contract,4.57,Y
DP09927,Suresh D,Car,Contract,4.36,Y
DP08493,Deepak W,Scooter,Full-time,3.49,N
DP12723,Pooja P,Bike,Full-time,4.27,Y
DP03643,Suresh R,Scooter,Full-time,4.45,Y
DP11175,Nikhil V,Bike,Full-time,4.22,Y
DP09579,Suresh J,Scooter,Full-time,3.82,Y
DP06673,Rakesh K,Bike,Full-time,3.87,Y
DP02680,Amit A,Bike,Part-time,3.89,Y
DP13684,Vikas D,Bike,Full-time,4.03,Y
DP00685,Santosh O,Bike,Contract,4.27,Y
DP12736,Ananya V,Bike,Full-time,4.23,Y
DP08371,Shreya J,Bike,Contract,4.59,Y
DP09295,Sneha L,Cycle,Full-time,3.84,Y
DP02870,Meena K,Car,Full-time,4.54,Y
DP02042,Vikas Z,Bike,Full-time,4,Y
DP05155,Kiran I,Scooter,Full-time,4.27,Y
DP05463,Amit E,Scooter,Full-time,4.66,N
DP07349,Suresh T,Scooter,Full-time,4.29,Y
DP11751,Kiran T,Bike,Full-time,4.61,Y
DP10984,Ravi L,Scooter,Full-time,3.84,Y
DP10406,Neha X,Car,Part-time,4.41,Y
DP10331,Vikas I,Scooter,Full-time,4.13,Y
DP11427,Rakesh L,Scooter,Contract,4.43,Y
DP04446,Nikhil R,Bike,Full-time,4.31,Y
DP08416,Manoj U,Bike,Part-time,3.84,Y
DP13018,Suresh Q,Cycle,Contract,4.58,Y
DP08670,Pooja P,Scooter,Full-time,3.78,Y
DP08391,Ravi V,Scooter,Part-time,4.36,Y
DP10444,Manoj U,Cycle,Part-time,4.47,Y
DP00090,Santosh O,Scooter,Part-time,4,N
DP07953,Nikhil M,Scooter,Full-time,3.72,Y
DP08303,Kiran E,Scooter,Full-time,4.44,Y
DP07636,Nikhil N,Bike,Contract,4.37,N
DP10790,Suresh K,Bike,Part-time,4.21,Y
DP02739,Deepak E,Scooter,Part-time,4.24,Y
DP05057,Amit N,Scooter,Full-time,3.62,Y
DP14278,Santosh Q,Bike,Full-time,4.33,Y
DP09752,Suresh J,Bike,Full-time,4.28,Y
DP09918,Priya W,Scooter,Contract,4.18,Y
DP05742,Arjun F,Cycle,Contract,4.15,N
DP03116,Suresh O,Bike,Full-time,3.73,N
DP14866,Suresh W,Scooter,Part-time,4.01,Y
DP02480,Sneha S,Scooter,Full-time,3.89,Y
DP12042,Shreya Q,Cycle,Part-time,3.97,N
DP07991,Santosh N,Cycle,Full-time,4.13,Y
DP00892,Suresh H,Scooter,Part-time,4.26,Y
DP03585,Suresh H,Scooter,Contract,4.27,Y
DP02735,Rakesh B,Bike,Part-time,4.41,Y
DP08915,Neha J,Bike,Full-time,3.92,Y
DP05043,Shreya L,Scooter,Full-time,4.23,Y
DP05563,Sneha I,Cycle,Full-time,4.05,Y
DP07405,Nikhil Y,Bike,Part-time,4.41,Y
DP03003,Amit I,Cycle,Full-time,4.39,Y
DP09735,Neha Y,Bike,Full-time,4.54,Y
DP02673,Priya Y,Scooter,Full-time,3.97,Y
DP08089,Deepak U,Scooter,Full-time,4.46,Y
DP13225,Vikas J,Scooter,Part-time,3.31,Y
DP13212,Priya X,Cycle,Part-time,4.14,Y
DP03644,Manoj A,Cycle,Part-time,4.73,Y
DP10302,Rakesh U,Scooter,Part-time,4.17,N
DP11054,Manoj G,Bike,Contract,4.94,Y
DP12721,Vikas Y,Scooter,Contract,4.11,Y
DP08822,Nikhil N,Bike,Full-time,4.07,N
DP10044,Suresh D,Scooter,Contract,3.85,Y
DP13949,Arjun D,Scooter,Full-time,3.86,Y
DP12544,Suresh A,Scooter,Full-time,4.21,Y
DP14052,Manoj D,Bike,Full-time,4.13,Y
DP00592,Nikhil M,Bike,Full-time,4.18,Y
DP08938,Deepak U,Scooter,Part-time,4.03,Y
DP00501,Ananya T,Car,Contract,4.06,Y
DP07451,Nikhil B,Bike,Contract,4,Y
DP03973,Meena K,Scooter,Part-time,3.97,N
DP03667,Ravi Y,Scooter,Full-time,4.03,Y
DP00237,Pooja E,Bike,Contract,3.88,Y
DP04880,Ananya Z,Scooter,Full-time,3.55,N
DP03757,Kiran V,Bike,Full-time,4.1,Y
DP01421,Amit M,Bike,Part-time,4.14,Y
DP05303,Amit A,Cycle,Part-time,4.02,Y
DP08620,Vikas U,Scooter,Full-time,3.85,N
DP01488,Ravi R,Scooter,Part-time,3.85,Y
DP10648,Neha H,Car,Contract,4.34,Y
DP04230,Kiran Q,Bike,Part-time,4.2,Y
DP00717,Rakesh G,Scooter,Part-time,3.98,Y
DP07817,Arjun I,Bike,Full-time,4.39,Y
DP14641,Meena U,Bike,Full-time,4.08,Y
DP12267,Neha M,Scooter,Full-time,3.84,Y
DP04443,Kiran P,Bike,Contract,4.07,N
DP06824,Suresh I,Bike,Contract,3.96,N
DP00801,Ananya I,Car,Part-time,4.52,Y
DP00151,Suresh N,Cycle,Contract,4.82,Y
DP11935,Amit W,Scooter,Full-time,4.29,Y
DP03852,Manoj G,Scooter,Full-time,3.96,Y
DP13008,Vikas W,Scooter,Full-time,4.07,Y
DP04503,Arjun I,Bike,Part-time,4.25,Y
DP03482,Ravi T,Bike,Contract,4.26,Y
DP10936,Ananya Q,Bike,Contract,3.98,Y
DP01685,Sneha B,Bike,Part-time,4.07,Y
DP04359,Rahul J,Bike,Part-time,4.08,Y
DP14567,Nikhil L,Cycle,Full-time,4.16,Y
DP03554,Kiran C,Scooter,Full-time,4.43,N
DP11577,Divya Z,Bike,Full-time,4.23,N
DP10371,Kiran P,Bike,Contract,4.22,Y
DP05964,Divya J,Scooter,Contract,4.3,Y
DP03823,Rahul Z,Scooter,Part-time,3.58,N
DP07049,Divya M,Scooter,Full-time,4.1,N
DP11239,Nikhil O,Bike,Contract,3.84,Y
DP06372,Rakesh N,Scooter,Part-time,4.12,Y
DP01708,Nikhil C,Bike,Contract,3.87,Y
DP05795,Amit B,Scooter,Full-time,4.27,Y
DP06721,Pooja O,Scooter,Part-time,4.15,Y
DP05445,Rakesh C,Scooter,Full-time,4.19,Y
DP04809,Pooja T,Bike,Contract,4.38,Y
DP04865,Neha O,Scooter,Full-time,4.37,Y
DP08877,Deepak T,Scooter,Part-time,4,Y
DP10850,Ravi M,Scooter,Full-time,4.05,N
DP11352,Divya N,Bike,Full-time,4.26,Y
DP10565,Vikas V,Cycle,Contract,4.15,Y
DP10189,Pooja F,Scooter,Full-time,3.87,Y
DP04255,Suresh X,Scooter,Part-time,3.89,Y
DP14547,Nikhil E,Scooter,Contract,4.53,Y
DP12506,Ananya G,Scooter,Part-time,4.37,Y
DP01422,Santosh K,Bike,Part-time,4.32,Y
DP08222,Santosh R,Bike,Part-time,4.13,Y
DP02958,Manoj Z,Cycle,Full-time,3.73,Y
DP06623,Rakesh K,Cycle,Contract,4.18,Y
DP08641,Vikas Q,Scooter,Part-time,3.86,Y
DP06129,Neha D,Scooter,Part-time,4.2,Y
DP02642,Amit D,Scooter,Full-time,4.53,Y
DP09564,Kiran B,Bike,Full-time,3.67,Y
DP04381,Manoj M,Scooter,Part-time,4.13,N
DP08353,Meena M,Scooter,Full-time,4.46,Y
DP14924,Manoj I,Scooter,Part-time,4.44,Y
DP08817,Rakesh Q,Scooter,Part-time,4.07,Y
DP06843,Shreya Y,Bike,Full-time,4.32,N
DP00502,Neha S,Bike,Full-time,4.04,Y
DP00527,Suresh Z,Scooter,Full-time,4.38,Y
DP10514,Shreya Q,Cycle,Contract,4.24,Y
DP05405,Deepak X,Bike,Part-time,4.14,Y
DP12497,Santosh P,Bike,Contract,4.08,Y
DP10177,Vikas C,Bike,Full-time,3.58,Y
DP01318,Deepak L,Cycle,Full-time,4.3,Y
DP07488,Meena Q,Bike,Part-time,3.99,Y
DP01149,Sneha W,Cycle,Part-time,4.53,Y
DP00308,Pooja U,Scooter,Full-time,3.98,Y
DP02743,Kiran P,Scooter,Full-time,4.09,Y
DP01736,Nikhil F,Bike,Full-time,4.33,Y
DP03463,Nikhil N,Scooter,Part-time,4.11,N
DP14082,Divya I,Bike,Full-time,3.82,Y
DP09981,Priya L,Bike,Part-time,3.9,Y
DP10139,Nikhil W,Scooter,Part-time,4.14,Y
DP09786,Meena V,Bike,Full-time,3.85,Y
DP12526,Manoj H,Bike,Full-time,4.46,Y
DP03402,Meena H,Bike,Full-time,4.86,Y
DP00691,Meena C,Cycle,Part-time,4.38,Y
DP10909,Suresh S,Scooter,Part-time,4.61,N
DP00758,Vikas O,Scooter,Full-time,3.96,Y
DP14186,Pooja T,Bike,Part-time,4.33,Y
DP03090,Priya Z,Scooter,Full-time,4.41,Y
DP09013,Suresh W,Scooter,Full-time,4,Y
DP01327,Priya F,Scooter,Full-time,3.96,Y
DP03143,Rakesh Q,Bike,Full-time,4.64,Y
DP06586,Rakesh C,Scooter,Contract,4.02,Y
DP10626,Priya S,Bike,Part-time,3.99,Y
DP08859,Manoj S,Bike,Full-time,4.4,Y
DP05522,Pooja O,Scooter,Contract,4.27,Y
DP03443,Nikhil A,Cycle,Full-time,4.18,Y
DP06615,Santosh F,Scooter,Full-time,4.09,Y
DP01972,Suresh G,Scooter,Part-time,3.83,Y
DP02500,Kiran M,Bike,Part-time,3.79,Y
DP03673,Kiran Q,Scooter,Contract,4.11,Y
DP02964,Kiran S,Bike,Contract,4.12,Y
DP09088,Rahul I,Bike,Contract,4.44,Y
DP02976,Vikas N,Scooter,Full-time,4.29,Y
DP08864,Santosh R,Bike,Contract,4.26,Y
DP03617,Deepak R,Cycle,Part-time,3.97,Y
DP08702,Rakesh N,Cycle,Contract,4.14,Y
DP13510,Pooja V,Scooter,Part-time,4.39,Y
DP01574,Ravi Q,Bike,Contract,4.34,Y
DP11204,Rahul J,Bike,Full-time,4.06,Y
DP01379,Pooja P,Scooter,Full-time,4.52,Y
DP03069,Nikhil I,Scooter,Contract,4.03,Y
DP01047,Nikhil K,Bike,Full-time,3.69,Y
DP13644,Ananya W,Cycle,Contract,4.24,Y
DP07517,Santosh F,Cycle,Full-time,4.89,Y
DP12311,Priya K,Scooter,Full-time,4.39,Y
DP09866,Arjun S,Scooter,Part-time,3.91,Y
DP08592,Sneha A,Cycle,Full-time,4.33,Y
DP12662,Pooja V,Bike,Full-time,4.04,Y
DP04899,Divya N,Bike,Full-time,4.72,Y
DP01067,Nikhil U,Scooter,Full-time,4,Y
DP11185,Pooja T,Scooter,Part-time,4.46,N
DP09420,Pooja H,Scooter,Full-time,4.23,Y
DP07228,Rakesh K,Scooter,Full-time,4.52,Y
DP07139,Rahul M,Bike,Part-time,4.4,Y
DP13843,Rakesh D,Scooter,Part-time,3.88,Y
DP08453,Vikas O,Bike,Contract,4.18,Y
DP14944,Divya E,Scooter,Full-time,4.32,Y
DP06561,Ananya M,Scooter,Full-time,4.12,Y
DP06624,Meena N,Cycle,Full-time,3.71,N
DP04983,Divya K,Scooter,Full-time,3.95,Y
DP05151,Deepak Z,Car,Full-time,3.85,Y
DP01242,Santosh E,Scooter,Full-time,3.58,Y
DP02552,Arjun M,Bike,Contract,4.93,Y
DP11097,Amit O,Cycle,Full-time,4.18,Y
DP00523,Meena F,Scooter,Part-time,4.43,Y
DP06174,Nikhil U,Scooter,Full-time,4.15,Y
DP09795,Manoj Z,Bike,Part-time,3.97,Y
DP05098,Nikhil J,Bike,Full-time,4.21,Y
DP14308,Ravi A,Scooter,Part-time,4.2,Y
DP13942,Divya X,Bike,Full-time,3.82,Y
DP05246,Deepak X,Scooter,Full-time,4.58,Y
DP05822,Ananya H,Bike,Full-time,4,Y
DP10414,Vikas X,Bike,Full-time,4.68,Y
DP03142,Priya Y,Car,Full-time,4.34,Y
DP06264,Santosh C,Scooter,Full-time,4.13,N
DP12091,Suresh G,Scooter,Part-time,4.66,Y
DP12711,Shreya O,Bike,Contract,4.26,Y
DP01592,Deepak H,Bike,Part-time,3.71,Y
DP14097,Deepak O,Scooter,Full-time,4.26,Y
DP03670,Rahul J,Scooter,Full-time,4.5,Y
DP04190,Kiran K,Scooter,Part-time,3.99,Y
DP12885,Suresh B,Bike,Full-time,3.94,Y
DP01435,Pooja L,Scooter,Full-time,4.11,Y
DP12007,Amit O,Scooter,Part-time,4.33,Y
DP09407,Deepak L,Scooter,Full-time,4.48,Y
DP04927,Amit F,Bike,Full-time,4.17,N
DP01961,Vikas X,Cycle,Full-time,4.38,Y
DP00682,Santosh G,Cycle,Part-time,4.55,Y
DP14890,Manoj K,Cycle,Part-time,4.3,Y
DP10951,Rakesh V,Bike,Full-time,3.97,N
DP06880,Pooja K,Cycle,Full-time,4.68,Y
DP00517,Rahul K,Scooter,Full-time,4.08,Y
DP02941,Suresh S,Scooter,Full-time,4.23,Y
DP09276,Rakesh F,Cycle,Part-time,4.38,Y
DP12225,Ravi F,Car,Contract,3.96,Y
DP08263,Suresh W,Bike,Contract,4.36,N
DP14388,Vikas D,Bike,Full-time,4.26,Y
DP00563,Suresh S,Bike,Full-time,3.64,Y
DP00045,Kiran D,Cycle,Part-time,4.35,Y
DP03648,Shreya S,Scooter,Part-time,4.32,Y
DP12535,Neha J,Scooter,Full-time,4.37,Y
DP05534,Pooja G,Scooter,Full-time,3.93,Y
DP13492,Arjun M,Bike,Part-time,4.67,Y
DP06026,Santosh D,Scooter,Contract,3.9,Y
DP10595,Divya H,Bike,Full-time,4.07,Y
DP04821,Ananya V,Scooter,Full-time,4.29,Y
DP06751,Priya E,Scooter,Part-time,4.69,Y
DP11477,Neha F,Cycle,Part-time,4.23,Y
DP02416,Ravi X,Scooter,Full-time,3.97,Y
DP01438,Kiran F,Bike,Part-time,4.18,Y
DP05799,Divya Z,Scooter,Part-time,4.46,Y
DP02191,Rakesh O,Bike,Full-time,4.07,N
DP12043,Shreya B,Bike,Full-time,4.12,Y
DP02094,Pooja N,Bike,Full-time,4.36,Y
DP03455,Shreya F,Bike,Full-time,4.18,Y
DP05129,Divya Z,Bike,Full-time,4.03,Y
DP07595,Vikas G,Scooter,Part-time,4.41,Y
DP03878,Sneha X,Cycle,Part-time,3.82,N
DP09195,Rakesh K,Bike,Part-time,3.84,N
DP09421,Ravi M,Bike,Part-time,3.89,Y
DP03014,Manoj S,Car,Part-time,4.56,Y
DP14307,Neha K,Bike,Part-time,4.45,Y
DP01932,Nikhil H,Cycle,Part-time,3.89,Y
DP14077,Suresh R,Bike,Contract,4.4,Y
DP02687,Nikhil T,Bike,Part-time,4.27,Y
DP12560,Sneha M,Scooter,Full-time,4.12,Y
DP06659,Deepak S,Scooter,Full-time,3.85,Y
DP07571,Meena Q,Cycle,Full-time,3.81,Y
DP00328,Santosh J,Scooter,Full-time,4.02,N
DP05467,Ravi P,Car,Part-time,4.1,Y
DP12697,Priya H,Bike,Full-time,3.37,Y
DP14961,Amit H,Bike,Full-time,4.07,Y
DP03541,Sneha O,Bike,Full-time,3.7,Y
DP05656,Kiran V,Cycle,Full-time,4.19,Y
DP12015,Suresh O,Bike,Contract,4.33,Y
DP08024,Arjun N,Scooter,Full-time,3.76,Y
DP04778,Divya T,Bike,Contract,4.12,Y
DP10713,Nikhil Q,Bike,Full-time,3.83,N
DP02350,Neha W,Bike,Full-time,4.07,Y
DP13130,Divya K,Scooter,Part-time,4.35,N
DP05974,Arjun U,Car,Part-time,4.77,Y
DP03017,Sneha N,Bike,Full-time,4.92,Y
DP04974,Amit H,Bike,Part-time,4.22,Y
DP07087,Santosh L,Scooter,Full-time,4.3,Y
DP00327,Shreya T,Bike,Full-time,4.55,N
DP12025,Ananya S,Scooter,Part-time,4.05,Y
DP04152,Divya U,Bike,Contract,4.7,Y
DP01753,Meena C,Bike,Contract,3.96,N
DP11771,Suresh Q,Scooter,Contract,4.85,Y
DP09923,Shreya Z,Bike,Contract,4.51,Y
DP00704,Ravi B,Bike,Part-time,4.09,Y
DP11563,Rakesh B,Cycle,Full-time,4.56,Y
DP11779,Shreya R,Bike,Full-time,4.44,Y
DP10588,Manoj J,Bike,Contract,3.92,Y
DP14922,Vikas E,Cycle,Full-time,4.73,N
DP01636,Shreya P,Cycle,Full-time,3.95,Y
DP01924,Meena O,Cycle,Full-time,3.92,Y
DP11064,Nikhil K,Bike,Full-time,4.32,Y
DP05442,Rakesh U,Bike,Contract,3.66,N
DP12238,Ravi B,Bike,Full-time,4.16,Y
DP13217,Shreya X,Cycle,Contract,4.08,Y
DP08277,Priya W,Bike,Contract,4.23,Y
DP02842,Vikas W,Scooter,Full-time,4.35,Y
DP12036,Rahul U,Bike,Part-time,4.37,Y
DP14210,Meena P,Scooter,Full-time,3.95,Y
DP14918,Nikhil N,Bike,Full-time,4.46,Y
DP12840,Shreya M,Bike,Contract,4.84,Y
DP14800,Shreya L,Cycle,Full-time,3.93,Y
DP11920,Vikas D,Cycle,Part-time,3.97,Y
DP11775,Amit A,Car,Part-time,4.25,N
DP10148,Suresh K,Scooter,Full-time,4.57,Y
DP11532,Deepak D,Scooter,Full-time,4.31,Y
DP08661,Sneha Q,Scooter,Part-time,4.46,Y
DP00677,Rahul Z,Bike,Contract,4.44,N
DP01269,Arjun B,Scooter,Full-time,4.05,Y
DP12745,Ananya J,Bike,Full-time,4.1,Y
DP11821,Santosh C,Bike,Contract,3.92,Y
DP10439,Vikas P,Bike,Full-time,4.11,Y
DP13704,Shreya E,Bike,Full-time,4.03,Y
DP14769,Ananya U,Scooter,Part-time,4.2,Y
DP05787,Ananya N,Bike,Full-time,4.31,Y
DP11542,Ananya L,Bike,Part-time,4.58,Y
DP08332,Vikas C,Bike,Contract,4.22,Y
DP11716,Pooja Q,Bike,Full-time,4.09,N
DP10325,Arjun Z,Bike,Full-time,4.08,N
DP06893,Rakesh F,Car,Full-time,4.07,Y
DP01646,Vikas J,Bike,Contract,3.81,Y
DP06813,Priya Z,Bike,Full-time,4.26,Y
DP03668,Pooja J,Cycle,Full-time,4.39,Y
DP03369,Rakesh K,Scooter,Part-time,3.97,Y
DP09968,Ravi F,Scooter,Full-time,3.93,Y
DP01117,Pooja X,Scooter,Full-time,4.15,Y
DP10436,Neha E,Scooter,Full-time,4.22,Y
DP12315,Priya B,Cycle,Full-time,4.39,Y
DP03331,Santosh B,Bike,Full-time,4.36,Y
DP04100,Amit X,Scooter,Full-time,4.79,Y
DP00488,Deepak X,Bike,Part-time,3.89,Y
DP01893,Nikhil T,Cycle,Contract,4.6,Y
DP04075,Ravi B,Cycle,Part-time,4.02,Y
DP00410,Ananya F,Scooter,Part-time,4.25,Y
DP10170,Manoj V,Bike,Full-time,3.76,Y
DP06059,Nikhil E,Scooter,Part-time,3.92,Y
DP08205,Suresh A,Bike,Full-time,4.07,Y
DP05600,Santosh Y,Scooter,Full-time,4.56,Y
DP02175,Arjun K,Bike,Part-time,4.3,N
DP13152,Amit W,Scooter,Full-time,3.71,Y
DP10622,Meena W,Scooter,Full-time,4.23,Y
DP11585,Deepak W,Bike,Part-time,4.13,Y
DP04111,Kiran Y,Scooter,Contract,3.91,Y
DP05410,Divya K,Scooter,Part-time,4.91,Y
DP08040,Deepak T,Bike,Contract,4.24,Y
DP08836,Rahul Y,Car,Part-time,4.72,Y
DP10226,Shreya A,Scooter,Part-time,4.12,Y
DP07439,Vikas U,Cycle,Contract,4.04,Y
DP12175,Ananya G,Bike,Full-time,3.99,Y
DP13955,Pooja E,Bike,Contract,4.13,Y
DP01864,Deepak I,Cycle,Contract,3.67,Y
DP10958,Arjun U,Bike,Full-time,3.92,Y
DP02692,Manoj P,Bike,Contract,4.11,Y
DP10417,Vikas A,Bike,Full-time,3.61,Y
DP10301,Shreya D,Scooter,Full-time,4.43,Y
DP11972,Rakesh Y,Cycle,Part-time,4.75,Y
DP11863,Amit Z,Cycle,Part-time,4.74,Y
DP06588,Priya R,Scooter,Full-time,3.94,Y
DP09049,Sneha W,Bike,Part-time,4.56,Y
DP02571,Santosh A,Scooter,Full-time,4.4,Y
DP13243,Priya N,Bike,Full-time,4.68,Y
DP13216,Meena C,Scooter,Full-time,4.48,Y
DP10241,Suresh L,Bike,Full-time,4.75,Y
DP08934,Meena D,Scooter,Full-time,3.95,Y
DP08369,Ananya N,Cycle,Full-time,4.48,N
DP05640,Suresh B,Scooter,Part-time,4.33,Y
DP11502,Kiran L,Bike,Full-time,4.73,Y
DP13268,Neha R,Bike,Full-time,4.2,Y
DP03631,Shreya C,Scooter,Full-time,4.72,N
DP11197,Santosh O,Scooter,Part-time,4.55,Y
DP03278,Meena Y,Scooter,Part-time,4.36,Y
DP04063,Rahul V,Bike,Contract,4.21,Y
DP08265,Divya U,Car,Full-time,3.93,Y
DP06021,Meena J,Scooter,Full-time,4.33,Y
DP11501,Divya B,Bike,Contract,3.86,Y
DP11144,Vikas D,Bike,Part-time,3.9,Y
DP09859,Deepak A,Scooter,Part-time,4.51,Y
DP03594,Ananya V,Bike,Full-time,4.61,N
DP12804,Pooja T,Cycle,Contract,3.83,Y
DP02431,Amit J,Car,Full-time,4.17,N
DP14209,Suresh U,Scooter,Full-time,4.57,Y
DP01711,Rahul J,Scooter,Part-time,3.81,Y
DP11820,Vikas W,Cycle,Full-time,3.51,Y
DP03195,Ananya K,Bike,Full-time,4.46,Y
DP05559,Kiran Q,Scooter,Part-time,4.85,Y
DP12690,Sneha D,Scooter,Contract,4.29,Y
DP10340,Manoj D,Bike,Full-time,3.89,Y
DP04229,Divya V,Bike,Full-time,4.08,Y
DP12992,Pooja L,Bike,Contract,3.94,Y
DP06117,Pooja A,Bike,Full-time,4.22,Y
DP09058,Suresh F,Bike,Full-time,4.16,Y
DP12021,Santosh T,Scooter,Part-time,4.13,Y
DP09969,Neha U,Scooter,Part-time,3.69,Y
DP06578,Manoj W,Scooter,Contract,3.46,Y
DP13961,Amit D,Car,Contract,3.9,Y
DP00433,Sneha D,Bike,Part-time,3.77,Y
DP13381,Meena V,Bike,Part-time,4.06,Y
DP08744,Suresh B,Scooter,Full-time,4.25,N
DP04621,Ananya J,Bike,Full-time,3.81,Y
DP00280,Santosh F,Bike,Part-time,4.19,Y
DP01929,Rakesh P,Scooter,Full-time,4.67,Y
DP07169,Suresh H,Scooter,Contract,4.45,Y
DP06857,Priya W,Bike,Part-time,4.38,Y
DP00442,Suresh B,Scooter,Part-time,4.47,Y
DP06970,Amit Q,Cycle,Full-time,4.39,Y
DP03260,Manoj Q,Scooter,Part-time,4.92,Y
DP01001,Rahul Z,Bike,Full-time,4.31,Y
DP02182,Ravi C,Cycle,Full-time,4.43,Y
DP14781,Rahul R,Cycle,Full-time,4.52,Y
DP02266,Priya V,Car,Part-time,4.17,Y
DP06433,Priya I,Bike,Part-time,4.67,Y
DP00807,Arjun P,Bike,Full-time,4.01,Y
DP08487,Kiran G,Bike,Full-time,4.09,Y
DP11435,Pooja D,Bike,Part-time,4.07,Y
DP10399,Arjun F,Scooter,Full-time,3.86,Y
DP02226,Rakesh X,Bike,Full-time,4.17,Y
DP14594,Priya U,Scooter,Contract,4.45,Y
DP13061,Rahul V,Scooter,Part-time,4.16,Y
DP09566,Divya S,Scooter,Full-time,3.84,Y
DP08208,Ravi T,Bike,Full-time,4.24,N
DP07492,Amit X,Scooter,Contract,3.96,Y
DP07333,Kiran K,Bike,Full-time,4.13,Y
DP05308,Priya A,Bike,Part-time,4.05,Y
DP03216,Amit Q,Bike,Full-time,4.51,N
DP08261,Manoj Z,Bike,Part-time,4.22,Y
DP08044,Vikas N,Scooter,Contract,4.33,Y
DP13160,Neha N,Car,Full-time,4.71,Y
DP11932,Rahul K,Scooter,Part-time,4.14,Y
DP00747,Neha S,Cycle,Full-time,3.86,Y
DP06412,Rahul A,Bike,Full-time,4.21,Y
DP09709,Pooja R,Scooter,Part-time,3.55,Y
DP07452,Divya L,Cycle,Full-time,3.63,N
DP00183,Divya P,Bike,Full-time,4.29,Y
DP12613,Pooja M,Bike,Contract,4.22,Y
DP09413,Kiran D,Scooter,Full-time,4.16,N
DP05653,Pooja B,Bike,Part-time,4.27,Y
DP06249,Nikhil G,Scooter,Full-time,4.08,Y
DP14461,Sneha G,Scooter,Part-time,3.96,Y
DP09068,Arjun M,Scooter,Full-time,4.11,Y
DP11068,Sneha L,Bike,Full-time,3.86,Y
DP04683,Rakesh Z,Scooter,Full-time,4.53,Y
DP10220,Nikhil T,Bike,Contract,4.09,Y
DP08182,Pooja F,Bike,Contract,4.39,Y
DP00643,Ananya Y,Bike,Full-time,4.03,Y
DP00098,Amit D,Cycle,Full-time,4.3,Y
DP09224,Vikas E,Car,Contract,4.39,Y
DP04133,Arjun F,Bike,Contract,3.44,Y
DP10530,Divya H,Bike,Full-time,3.84,Y
DP09975,Rakesh K,Scooter,Full-time,4.39,Y
DP11530,Arjun L,Scooter,Contract,4.19,Y
DP01375,Deepak D,Scooter,Part-time,4.38,Y
DP12777,Neha M,Scooter,Part-time,3.75,Y
DP10743,Priya F,Car,Full-time,4.31,Y
DP13262,Amit J,Scooter,Full-time,4.46,N
DP01042,Kiran H,Bike,Contract,4.2,Y
DP06814,Rakesh P,Scooter,Contract,4.18,Y
DP13863,Suresh D,Bike,Full-time,3.87,Y
DP01565,Suresh K,Bike,Full-time,3.89,Y
DP10293,Ananya O,Cycle,Part-time,4.46,Y
DP11891,Nikhil D,Scooter,Contract,4.22,Y
DP10985,Pooja R,Bike,Part-time,4.19,Y
DP07178,Arjun S,Bike,Full-time,3.96,N
DP06704,Neha J,Scooter,Part-time,4.15,N
DP02893,Ravi P,Bike,Full-time,3.94,Y
DP10062,Ravi Q,Bike,Full-time,4.02,Y
DP06942,Rahul R,Car,Full-time,4.33,Y
DP06340,Meena J,Bike,Full-time,3.71,Y
DP00532,Arjun I,Scooter,Part-time,4.33,Y
DP08349,Divya O,Scooter,Full-time,4.22,Y
DP10458,Kiran V,Scooter,Full-time,4.01,Y
DP14254,Kiran S,Bike,Contract,3.95,Y
DP01355,Vikas E,Scooter,Part-time,4.75,Y
DP12623,Suresh L,Scooter,Full-time,3.88,Y
DP01356,Neha U,Cycle,Full-time,4.21,N
DP07295,Shreya H,Bike,Contract,4.27,Y
DP07361,Shreya M,Bike,Part-time,4.23,Y
DP05650,Shreya M,Car,Part-time,4.66,Y
DP00180,Ananya P,Bike,Full-time,3.81,Y
DP14885,Kiran F,Scooter,Part-time,3.91,Y
DP03008,Deepak Q,Bike,Part-time,3.97,Y
DP03583,Rahul P,Bike,Contract,4.11,Y
DP09310,Shreya H,Bike,Full-time,3.8,Y
DP09588,Pooja E,Cycle,Part-time,4.87,N
DP11862,Ananya X,Bike,Full-time,4.25,Y
DP04464,Santosh F,Scooter,Contract,4.62,Y
DP07806,Manoj X,Bike,Part-time,4.22,Y
DP00499,Deepak F,Scooter,Full-time,3.68,Y
DP08011,Meena P,Scooter,Part-time,4.43,Y
DP04343,Amit H,Scooter,Part-time,3.88,Y
DP03941,Vikas L,Bike,Full-time,4.35,Y
DP00755,Kiran U,Car,Full-time,4.56,N
DP00313,Meena T,Scooter,Contract,4.35,Y
DP10088,Priya D,Scooter,Full-time,4.52,Y
DP01926,Ananya M,Bike,Full-time,4.09,Y
DP07867,Neha M,Bike,Full-time,4.1,Y
DP00512,Manoj B,Bike,Full-time,3.92,Y
DP11561,Ananya N,Cycle,Contract,4.25,Y
DP01383,Deepak D,Bike,Full-time,4.38,Y
DP01450,Priya Q,Scooter,Part-time,4.58,Y
DP04693,Priya F,Scooter,Contract,4.72,Y
DP10772,Nikhil R,Cycle,Part-time,3.64,Y
DP12907,Pooja L,Scooter,Contract,4.21,Y
DP07204,Pooja G,Bike,Full-time,4.21,Y
DP00196,Santosh Z,Cycle,Part-time,4.23,Y
DP02290,Suresh N,Scooter,Contract,4,Y
DP10700,Amit U,Bike,Full-time,4.3,Y
DP12181,Rakesh X,Bike,Full-time,4.11,Y
DP02467,Priya U,Car,Part-time,4.16,Y
DP01800,Sneha I,Bike,Contract,3.77,Y
DP14177,Nikhil B,Bike,Full-time,4.12,Y
DP08158,Suresh K,Scooter,Contract,4.73,Y
DP10599,Suresh F,Bike,Part-time,3.74,Y
DP06774,Kiran T,Bike,Full-time,4.42,Y
DP03225,Divya M,Cycle,Contract,3.43,Y
DP14405,Deepak D,Car,Full-time,4.03,Y
DP03156,Sneha M,Bike,Contract,3.99,Y
DP02544,Ananya U,Scooter,Full-time,4.15,N
DP03246,Deepak O,Bike,Full-time,3.99,Y
DP02371,Priya O,Cycle,Part-time,3.62,Y
DP02954,Priya I,Cycle,Contract,4.58,N
DP11369,Rahul C,Scooter,Full-time,4.65,N
DP12117,Divya G,Scooter,Part-time,4.17,Y
DP01475,Arjun A,Scooter,Full-time,3.93,Y
DP04903,Rahul G,Bike,Part-time,4.06,Y
DP09848,Divya A,Bike,Full-time,4.03,Y
DP11710,Pooja L,Scooter,Contract,4.3,Y
DP14658,Neha C,Bike,Full-time,4.61,Y
DP00119,Nikhil S,Scooter,Full-time,4.23,Y
DP03696,Ravi B,Scooter,Contract,4.22,Y
DP13197,Sneha K,Scooter,Full-time,4.36,Y
DP11799,Amit C,Scooter,Contract,4.58,Y
DP06300,Sneha W,Scooter,Full-time,4.06,N
DP04294,Suresh J,Bike,Contract,4.56,Y
DP00006,Divya K,Scooter,Part-time,4.08,Y
DP09572,Shreya O,Scooter,Full-time,3.74,Y
DP11163,Manoj L,Scooter,Full-time,4.03,Y
DP07964,Rakesh F,Scooter,Part-time,4.19,Y
DP04077,Manoj J,Bike,Part-time,4.18,Y
DP06613,Arjun W,Car,Full-time,4.52,Y
DP03292,Manoj A,Bike,Part-time,3.89,N
DP05414,Neha B,Car,Full-time,4.25,Y
DP08636,Divya L,Bike,Full-time,3.92,Y
DP07129,Shreya Q,Bike,Contract,3.71,Y
DP10101,Meena C,Scooter,Full-time,4.03,Y
DP11313,Manoj M,Bike,Part-time,4.65,Y
DP11629,Rakesh M,Scooter,Full-time,3.96,Y
DP09766,Amit U,Bike,Part-time,4.14,Y
DP02593,Ravi M,Scooter,Part-time,5,N
DP08257,Neha U,Bike,Contract,4.54,Y
DP04156,Priya S,Bike,Contract,4.65,Y
DP13934,Pooja R,Bike,Full-time,5,Y
DP13452,Ananya R,Scooter,Contract,4.44,Y
DP02751,Ananya V,Car,Full-time,4.09,Y
DP04264,Divya O,Car,Full-time,4.26,Y
DP08202,Priya V,Bike,Part-time,3.71,Y
DP04427,Sneha L,Bike,Full-time,4.12,Y
DP07274,Priya D,Bike,Full-time,4.37,Y
DP08274,Amit J,Car,Full-time,4.19,Y
DP00145,Shreya J,Car,Full-time,3.84,Y
DP04777,Nikhil A,Car,Full-time,4.24,Y
DP09915,Meena K,Bike,Contract,4.79,Y
DP10716,Ananya B,Scooter,Full-time,4.33,Y
DP12134,Amit I,Bike,Part-time,4.7,Y
DP03897,Vikas J,Scooter,Part-time,4.26,Y
DP07209,Amit V,Bike,Full-time,4.32,Y
DP08378,Santosh Y,Bike,Full-time,3.97,Y
DP10059,Shreya Y,Scooter,Part-time,4.26,Y
DP08240,Nikhil N,Scooter,Full-time,4,Y
DP00271,Suresh C,Scooter,Part-time,4.46,N
DP03864,Divya G,Scooter,Contract,4.77,Y
DP05855,Amit V,Scooter,Full-time,4.18,Y
DP09883,Rahul I,Scooter,Full-time,3.87,Y
DP03189,Ravi Z,Cycle,Full-time,4.32,Y
DP03582,Manoj I,Bike,Contract,4.02,Y
DP03395,Ravi P,Scooter,Full-time,4.36,Y
DP00369,Divya F,Car,Full-time,3.95,Y
DP11102,Priya Q,Scooter,Part-time,4.41,Y
DP04351,Arjun Y,Bike,Full-time,4.29,Y
DP02083,Vikas C,Scooter,Full-time,4.38,Y
DP00734,Vikas F,Scooter,Full-time,4.48,N
DP03686,Vikas S,Bike,Part-time,4.47,Y
DP05536,Rahul P,Scooter,Contract,4.16,Y
DP01737,Meena O,Bike,Part-time,3.73,Y
DP03761,Rahul A,Scooter,Full-time,4.48,Y
DP04142,Ananya X,Scooter,Part-time,4.15,Y
DP12538,Nikhil S,Scooter,Full-time,4.56,Y
DP02991,Vikas X,Cycle,Full-time,4.27,Y
DP00405,Kiran Q,Scooter,Contract,4.32,Y
DP13456,Ravi N,Cycle,Contract,4.94,Y
DP01397,Arjun E,Scooter,Full-time,4.19,N
DP12205,Rakesh W,Cycle,Full-time,4.24,Y
DP01881,Vikas X,Cycle,Part-time,4.15,Y
DP06110,Neha C,Bike,Full-time,4.57,Y
DP11557,Deepak N,Bike,Full-time,3.7,Y
DP02777,Kiran P,Bike,Part-time,3.49,Y
DP01317,Ananya H,Cycle,Part-time,4.75,Y
DP05184,Manoj W,Scooter,Full-time,4.51,Y
DP09028,Rahul W,Cycle,Full-time,4.21,Y
DP01261,Vikas F,Scooter,Full-time,4.28,Y
DP14043,Amit V,Bike,Full-time,3.65,N
DP10982,Neha O,Scooter,Full-time,4.08,Y
DP07771,Manoj P,Scooter,Full-time,4.54,Y
DP03773,Suresh F,Cycle,Full-time,4.32,Y
DP06350,Rahul C,Scooter,Full-time,3.97,Y
DP03827,Ananya V,Car,Part-time,4.61,Y
DP04513,Manoj V,Scooter,Part-time,3.66,N
DP03257,Pooja Z,Bike,Part-time,3.87,Y
DP10548,Meena T,Cycle,Full-time,3.75,N
DP11511,Neha P,Bike,Contract,5,Y
DP11798,Vikas X,Cycle,Full-time,4.33,N
DP13032,Kiran A,Bike,Part-time,4.08,Y
DP00358,Neha Q,Bike,Part-time,4.53,Y
DP07651,Pooja V,Bike,Full-time,4.4,Y
DP08709,Arjun T,Scooter,Part-time,4.19,Y
DP11201,Priya S,Cycle,Full-time,4.43,Y
DP11280,Ananya T,Cycle,Full-time,4.53,N
DP02536,Rahul R,Scooter,Full-time,3.67,Y
DP07919,Sneha B,Scooter,Part-time,4.64,Y
DP02972,Sneha A,Cycle,Full-time,3.94,Y
DP05025,Nikhil O,Scooter,Part-time,3.86,Y
DP11919,Kiran V,Bike,Part-time,4.42,Y
DP06018,Deepak H,Car,Full-time,3.88,Y
DP03683,Santosh M,Bike,Full-time,4.43,Y
DP13307,Neha Z,Bike,Full-time,4.16,Y
DP07925,Sneha Z,Scooter,Full-time,4.64,Y
DP09704,Amit Y,Car,Full-time,3.89,Y
DP09724,Pooja B,Bike,Part-time,3.95,Y
DP00900,Ananya Y,Car,Part-time,3.94,Y
DP13535,Sneha E,Cycle,Part-time,4.46,N
DP02912,Pooja H,Bike,Part-time,3.79,Y
DP04451,Divya E,Cycle,Full-time,4.2,Y
DP10131,Neha K,Scooter,Part-time,4.68,Y
DP06282,Ravi W,Cycle,Part-time,4.71,Y
DP08272,Divya Q,Scooter,Full-time,3.91,N
DP01033,Nikhil H,Bike,Full-time,3.93,Y
DP11221,Kiran J,Cycle,Full-time,3.88,Y
DP12517,Ananya J,Bike,Part-time,4.06,Y
DP06998,Rakesh D,Bike,Contract,4.76,Y
DP08613,Rahul E,Bike,Full-time,4.18,Y
DP11188,Shreya Z,Scooter,Full-time,4.4,Y
DP14493,Rahul V,Cycle,Contract,4.51,N
DP14740,Ravi A,Scooter,Full-time,3.98,Y
DP07769,Manoj T,Scooter,Part-time,4.46,Y
DP06015,Deepak E,Bike,Full-time,4.07,Y
DP02953,Shreya G,Cycle,Contract,4.42,Y
DP04440,Priya J,Bike,Part-time,4.17,Y
DP00945,Suresh T,Cycle,Part-time,3.86,Y
DP07001,Divya X,Scooter,Part-time,4.33,Y
DP12746,Manoj I,Scooter,Part-time,4.75,Y
DP00232,Deepak F,Bike,Full-time,4.07,Y
DP00565,Rahul S,Scooter,Full-time,4.66,Y
DP03219,Neha X,Scooter,Full-time,4.69,N
DP08579,Neha O,Cycle,Full-time,4.05,Y
DP09793,Shreya A,Scooter,Part-time,4.71,Y
DP02674,Sneha Q,Bike,Full-time,3.9,Y
DP04360,Meena I,Car,Contract,3.88,Y
DP00378,Sneha O,Scooter,Full-time,4.27,Y
DP10935,Meena U,Scooter,Contract,4.19,Y
DP07389,Rahul Y,Scooter,Full-time,4.15,Y
DP09548,Sneha E,Cycle,Part-time,4.37,Y
DP05862,Pooja D,Bike,Full-time,4.29,Y
DP02005,Vikas Z,Cycle,Part-time,4.3,Y
DP03729,Neha I,Bike,Contract,4.08,Y
DP13716,Ravi U,Bike,Part-time,3.69,Y
DP00411,Priya I,Bike,Full-time,4.23,Y
DP02437,Arjun M,Scooter,Full-time,4.12,Y
DP02816,Nikhil O,Scooter,Full-time,4.01,Y
DP04160,Suresh P,Cycle,Full-time,4.06,Y
DP12179,Ananya R,Bike,Full-time,4,Y
DP05017,Manoj M,Scooter,Part-time,4.24,Y
DP07442,Kiran V,Bike,Full-time,4.26,Y
DP00121,Rakesh W,Scooter,Full-time,4.17,N
DP05842,Vikas P,Scooter,Full-time,3.87,Y
DP06932,Shreya A,Bike,Part-time,4.11,Y
DP05881,Divya A,Cycle,Full-time,4.28,Y
DP04364,Neha P,Cycle,Part-time,3.99,Y
DP13927,Ananya C,Cycle,Full-time,4.28,Y
DP12809,Vikas G,Bike,Contract,3.46,Y
DP01833,Amit E,Car,Contract,4.01,Y
DP08438,Pooja G,Bike,Contract,3.88,Y
DP01465,Rahul S,Scooter,Part-time,3.72,Y
DP06339,Ananya G,Scooter,Full-time,3.72,Y
DP09030,Sneha B,Bike,Contract,3.82,N
DP11464,Pooja A,Scooter,Full-time,4.14,N
DP03420,Santosh K,Scooter,Contract,4.76,Y
DP08336,Vikas D,Scooter,Part-time,3.8,N
DP12964,Shreya M,Scooter,Contract,3.86,Y
DP08837,Divya G,Bike,Full-time,4.27,N
DP08644,Arjun Y,Scooter,Part-time,5,N
DP14054,Neha R,Scooter,Full-time,4.11,Y
DP14111,Ananya Q,Scooter,Full-time,3.93,Y
DP09964,Manoj B,Scooter,Contract,4.6,Y
DP08150,Suresh P,Bike,Part-time,3.85,Y
DP13465,Sneha H,Scooter,Contract,4.14,Y
DP07599,Rakesh A,Bike,Full-time,4.21,Y
DP10190,Vikas F,Scooter,Part-time,4.14,Y
DP04433,Suresh O,Scooter,Part-time,3.95,Y
DP03303,Sneha N,Scooter,Full-time,4.15,Y
DP05782,Manoj Q,Bike,Contract,3.66,Y
DP03756,Kiran J,Bike,Full-time,4.09,Y
DP14656,Shreya X,Bike,Full-time,4.17,Y
DP11770,Arjun I,Scooter,Contract,4.29,Y
DP05812,Santosh P,Scooter,Full-time,4.48,Y
DP08952,Rahul K,Scooter,Part-time,3.94,Y
DP07143,Suresh B,Scooter,Part-time,4.58,Y
DP11082,Kiran E,Cycle,Full-time,4.75,Y
DP06375,Rakesh G,Cycle,Full-time,4.55,Y
DP01951,Manoj T,Scooter,Full-time,4.32,Y
DP04783,Sneha O,Bike,Full-time,4.38,Y
DP14174,Shreya K,Car,Full-time,3.82,Y
DP01398,Meena C,Scooter,Part-time,4.77,Y
DP04801,Divya P,Scooter,Contract,4.17,Y
DP06695,Nikhil G,Bike,Full-time,3.82,Y
DP06872,Manoj C,Scooter,Full-time,4.16,Y
DP00812,Divya B,Scooter,Part-time,4.48,N
DP08720,Rakesh H,Car,Full-time,4.14,Y
DP08377,Priya H,Scooter,Part-time,4.49,Y
DP09107,Divya D,Cycle,Part-time,4.12,Y
DP03187,Manoj T,Bike,Contract,3.69,Y
DP06239,Ananya T,Scooter,Full-time,4.58,Y
DP11440,Shreya R,Car,Full-time,3.72,Y
DP04056,Shreya C,Cycle,Part-time,3.98,Y
DP08145,Rakesh M,Bike,Part-time,4.24,Y
DP02903,Santosh V,Cycle,Part-time,4.49,Y
DP11140,Nikhil F,Bike,Part-time,3.92,Y
DP06082,Suresh Q,Cycle,Full-time,4.35,N
DP11558,Amit V,Car,Part-time,4.25,Y
DP01428,Shreya O,Cycle,Full-time,3.83,Y
DP03781,Nikhil F,Scooter,Part-time,3.87,Y
DP00007,Meena S,Scooter,Full-time,3.71,Y
DP05902,Sneha Q,Cycle,Full-time,4.44,N
DP11062,Santosh L,Bike,Full-time,3.97,Y
DP10528,Deepak F,Scooter,Full-time,4.41,Y
DP07562,Vikas S,Cycle,Full-time,4.09,Y
DP08109,Nikhil C,Scooter,Part-time,4.67,Y
DP06221,Nikhil D,Cycle,Full-time,4.58,Y
DP02271,Rahul A,Bike,Contract,4.97,Y
DP06025,Divya I,Cycle,Part-time,4.11,Y
DP04846,Sneha L,Scooter,Part-time,4.74,Y
DP06884,Manoj M,Bike,Contract,4.24,Y
DP05435,Meena X,Bike,Part-time,3.99,Y
DP06811,Divya U,Scooter,Full-time,3.77,Y
DP10687,Ravi M,Scooter,Part-time,3.21,Y
DP07278,Manoj X,Scooter,Part-time,4.11,Y
DP13686,Amit A,Scooter,Part-time,4.35,Y
DP10707,Vikas A,Car,Part-time,4.35,Y
DP14921,Neha O,Scooter,Part-time,4.69,Y
DP00995,Kiran L,Car,Full-time,4.38,Y
DP14141,Sneha H,Cycle,Part-time,4.21,Y
DP10542,Neha M,Bike,Contract,4.53,N
DP12659,Kiran H,Car,Full-time,4.46,Y
DP12877,Manoj L,Bike,Part-time,4.71,Y
DP10126,Amit K,Bike,Full-time,4.29,N
DP07860,Pooja E,Bike,Full-time,4.6,Y
DP02556,Vikas S,Scooter,Full-time,3.72,N
DP02044,Santosh W,Scooter,Contract,3.94,Y
DP07371,Ananya U,Scooter,Contract,4.24,Y
DP05997,Shreya H,Bike,Full-time,3.86,Y
DP02364,Santosh G,Cycle,Contract,3.87,Y
DP03581,Manoj A,Bike,Part-time,4.2,Y
DP00356,Pooja S,Car,Part-time,4.55,Y
DP12254,Arjun F,Scooter,Full-time,4.67,Y
DP02119,Deepak F,Cycle,Full-time,4.16,Y
DP08951,Rahul I,Car,Part-time,4.89,Y
DP01859,Pooja Q,Bike,Part-time,3.8,Y
DP11330,Manoj Q,Bike,Contract,4.27,N
DP03689,Meena F,Bike,Full-time,4.34,Y
DP04016,Rahul C,Bike,Part-time,4.2,Y
DP08508,Vikas D,Bike,Contract,4.07,Y
DP09534,Ravi S,Bike,Full-time,3.85,Y
DP03709,Amit Q,Scooter,Contract,4.66,N
DP09339,Rakesh I,Car,Full-time,4.44,Y
DP00200,Santosh P,Scooter,Full-time,4.1,Y
DP12663,Shreya Z,Scooter,Part-time,3.88,Y
DP11416,Shreya Y,Cycle,Full-time,3.83,Y
DP05388,Rakesh G,Cycle,Full-time,3.97,Y
DP04228,Shreya A,Scooter,Full-time,4.43,Y
DP02372,Priya I,Scooter,Contract,4.11,Y
DP14732,Amit Y,Scooter,Part-time,4.37,Y
DP06191,Manoj N,Bike,Part-time,3.7,Y
DP06388,Arjun Z,Bike,Full-time,4.66,Y
DP05894,Deepak M,Cycle,Part-time,4.58,Y
DP08500,Amit J,Bike,Part-time,4.15,Y
DP05913,Santosh R,Bike,Part-time,3.95,Y
DP12852,Meena F,Scooter,Part-time,4.64,Y
DP14816,Shreya T,Scooter,Full-time,3.78,N
DP07321,Pooja R,Bike,Full-time,4.19,Y
DP02635,Ravi G,Scooter,Contract,3.84,Y
DP02490,Manoj Z,Bike,Contract,4.32,Y
DP13316,Neha K,Scooter,Contract,4.33,Y
DP12435,Suresh S,Bike,Contract,3.9,N
DP12493,Nikhil W,Bike,Full-time,3.87,Y
DP09258,Ravi H,Cycle,Contract,4.06,Y
DP10631,Pooja D,Bike,Full-time,4.56,Y
DP06901,Divya K,Cycle,Full-time,4.06,Y
DP09237,Sneha I,Cycle,Full-time,3.89,Y
DP08169,Neha Z,Bike,Full-time,3.61,Y
DP01944,Kiran E,Scooter,Part-time,3.97,Y
DP02590,Shreya P,Scooter,Full-time,4.04,Y
DP01892,Rakesh A,Scooter,Full-time,4.52,Y
DP13047,Sneha V,Scooter,Part-time,4.51,Y
DP14140,Kiran R,Scooter,Full-time,4.02,Y
DP11318,Manoj Y,Scooter,Part-time,4.13,Y
DP09494,Santosh J,Scooter,Part-time,4.19,Y
DP08948,Priya H,Scooter,Full-time,4.14,Y
DP06720,Santosh U,Bike,Full-time,4.74,N
DP14665,Ananya T,Cycle,Part-time,4.15,Y
DP10888,Rakesh K,Scooter,Full-time,4.15,Y
DP02232,Kiran Y,Car,Full-time,4.73,Y
DP14192,Ananya A,Scooter,Full-time,4.58,Y
DP11211,Meena O,Cycle,Full-time,4.23,Y
DP04315,Ravi N,Cycle,Contract,4.19,Y
DP09820,Rakesh S,Scooter,Full-time,3.95,N
DP14585,Shreya J,Scooter,Full-time,4.35,Y
DP03832,Priya R,Scooter,Full-time,4.25,Y
DP06233,Amit I,Bike,Part-time,4.63,Y
DP10539,Sneha U,Scooter,Full-time,4.4,Y
DP12859,Amit G,Car,Full-time,3.82,Y
DP01272,Vikas V,Scooter,Full-time,4.14,Y
DP04612,Manoj E,Bike,Full-time,4.26,Y
DP05779,Kiran H,Scooter,Contract,3.68,N
DP14804,Neha C,Bike,Part-time,3.71,Y
DP00668,Suresh Z,Bike,Full-time,4.36,Y
DP12078,Santosh P,Scooter,Full-time,4.16,Y
DP09827,Deepak D,Bike,Contract,4.35,Y
DP07665,Manoj F,Scooter,Full-time,4.2,Y
DP06444,Santosh T,Scooter,Full-time,3.95,Y
DP00127,Neha A,Bike,Part-time,4.73,N
DP10883,Neha V,Cycle,Full-time,4.21,Y
DP01485,Sneha W,Scooter,Contract,4.22,Y
DP03620,Amit U,Bike,Part-time,4.79,Y
DP00511,Amit B,Scooter,Part-time,4.28,N
DP13807,Divya G,Bike,Full-time,4.42,Y
DP07176,Manoj Z,Bike,Part-time,4.32,N
DP13363,Arjun W,Cycle,Full-time,4.41,Y
DP14352,Neha S,Scooter,Full-time,4.92,N
DP01425,Deepak Q,Cycle,Full-time,3.9,Y
DP07201,Neha E,Bike,Full-time,4.34,Y
DP10045,Vikas C,Bike,Full-time,4.53,Y
DP07206,Nikhil E,Scooter,Full-time,3.57,Y
DP12925,Santosh U,Bike,Full-time,4.53,Y
DP11869,Deepak G,Scooter,Full-time,4.05,Y
DP02200,Priya Q,Bike,Part-time,4.43,Y
DP03296,Santosh G,Cycle,Contract,4.41,N
DP05936,Amit P,Bike,Full-time,3.98,N
DP06360,Santosh U,Bike,Full-time,4.66,Y
DP04779,Shreya D,Scooter,Contract,4.33,Y
DP14858,Priya Z,Scooter,Full-time,4.36,Y
DP00395,Divya L,Cycle,Part-time,4.57,Y
DP09153,Ananya X,Cycle,Part-time,4.42,Y
DP04159,Meena D,Bike,Full-time,4.5,Y
DP07249,Priya C,Bike,Contract,4.48,Y
DP00095,Amit S,Scooter,Contract,4.22,Y
DP00857,Ananya D,Bike,Full-time,4.81,Y
DP11970,Shreya K,Scooter,Contract,4.41,Y
DP11787,Pooja L,Scooter,Part-time,3.8,Y
DP09888,Neha S,Bike,Part-time,4.13,Y
DP13487,Vikas R,Bike,Full-time,4.18,Y
DP06938,Ravi U,Scooter,Contract,4.35,Y
DP07822,Pooja L,Bike,Full-time,3.88,Y
DP09384,Amit Y,Bike,Part-time,3.55,Y
DP09836,Santosh S,Bike,Part-time,4.75,Y
DP00735,Santosh Q,Scooter,Contract,4.32,Y
DP09456,Suresh E,Bike,Part-time,3.95,Y
DP05424,Neha O,Bike,Part-time,4.32,Y
DP03708,Arjun G,Cycle,Part-time,4.02,Y
DP09780,Santosh Q,Car,Full-time,4.58,Y
DP04717,Meena H,Bike,Contract,4.24,N
DP06809,Sneha Q,Bike,Full-time,4.03,Y
DP09289,Priya L,Bike,Part-time,4.94,Y
DP01065,Neha K,Cycle,Full-time,4.31,Y
DP08693,Ravi X,Bike,Full-time,4.73,Y
DP03928,Kiran T,Cycle,Full-time,4.46,Y
DP12759,Priya G,Bike,Part-time,4,Y
DP08135,Vikas S,Scooter,Part-time,4.51,Y
DP14282,Vikas Q,Scooter,Contract,4.18,Y
DP04045,Suresh D,Cycle,Full-time,4.08,Y
DP14523,Meena M,Scooter,Part-time,4.32,Y
DP09879,Neha A,Scooter,Contract,4.12,Y
DP13585,Nikhil T,Bike,Contract,3.76,Y
DP01543,Sneha Z,Scooter,Full-time,4.13,Y
DP06182,Shreya Y,Scooter,Part-time,4.44,Y
DP01981,Sneha T,Cycle,Part-time,4.32,Y
DP05259,Sneha C,Bike,Contract,4.38,N
DP06309,Pooja D,Bike,Part-time,4.77,Y
DP10949,Kiran W,Scooter,Contract,5,Y
DP14958,Arjun F,Scooter,Part-time,3.61,N
DP11003,Deepak V,Bike,Full-time,4.6,Y
DP01003,Ananya N,Cycle,Full-time,4.36,Y
DP14113,Ananya G,Scooter,Full-time,4.16,Y
DP03927,Ravi T,Car,Full-time,4.38,Y
DP04510,Shreya L,Scooter,Part-time,4.02,Y
DP06879,Vikas N,Scooter,Part-time,4.36,Y
DP11499,Meena W,Bike,Full-time,3.49,Y
DP14850,Vikas S,Cycle,Full-time,3.87,Y
DP07307,Pooja B,Scooter,Full-time,4.64,Y
DP11605,Manoj A,Car,Full-time,3.99,N
DP06951,Priya J,Car,Full-time,4.33,N
DP02567,Priya K,Bike,Full-time,3.47,Y
DP07692,Priya Y,Bike,Full-time,4.49,Y
DP07635,Vikas N,Bike,Part-time,4.64,N
DP06844,Ravi C,Bike,Part-time,4.89,Y
DP05979,Priya P,Bike,Part-time,4.16,Y
DP07580,Neha K,Scooter,Contract,4.61,Y
DP14649,Arjun W,Scooter,Full-time,4.31,Y
DP07060,Shreya A,Bike,Contract,4.5,Y
DP12430,Sneha J,Cycle,Part-time,4.62,N
DP11150,Ravi W,Scooter,Contract,3.92,Y
DP13548,Amit E,Scooter,Full-time,3.77,Y
DP04482,Suresh W,Scooter,Part-time,4.23,Y
DP07037,Arjun Z,Scooter,Full-time,3.9,N
DP07182,Ravi W,Scooter,Full-time,3.69,Y
DP05458,Divya I,Bike,Contract,4.44,N
DP05943,Vikas U,Bike,Full-time,4.42,N
DP12892,Divya X,Bike,Part-time,4.51,Y
DP14247,Kiran U,Cycle,Full-time,3.96,Y
DP13221,Ravi K,Scooter,Full-time,4.07,N
DP09299,Nikhil D,Bike,Full-time,3.95,Y
DP07721,Shreya C,Cycle,Part-time,3.65,Y
DP09982,Shreya G,Scooter,Part-time,4.29,Y
DP14099,Santosh Z,Scooter,Full-time,3.59,Y
DP07443,Suresh I,Scooter,Full-time,4.16,Y
DP06109,Neha B,Scooter,Contract,3.92,Y
DP10869,Deepak I,Cycle,Contract,4.46,Y
DP04135,Kiran F,Scooter,Contract,4.32,Y
DP07520,Vikas F,Cycle,Part-time,4.13,Y
DP11414,Santosh F,Cycle,Full-time,4.41,Y
DP13647,Divya Q,Bike,Full-time,4.68,N
DP09682,Suresh Y,Bike,Full-time,4.23,Y
DP08642,Neha B,Bike,Part-time,4.12,Y
DP10554,Santosh E,Cycle,Part-time,4.59,Y
DP08346,Neha V,Car,Part-time,3.96,Y
DP02948,Rakesh E,Scooter,Full-time,4.35,Y
DP14967,Rakesh E,Scooter,Part-time,3.52,Y
DP03909,Priya M,Scooter,Contract,4.12,N
DP08146,Rakesh H,Bike,Full-time,4.51,Y
DP05101,Santosh P,Scooter,Part-time,4.55,Y
DP03591,Rakesh M,Bike,Part-time,4.02,Y
DP03223,Santosh Z,Scooter,Part-time,3.61,Y
DP06837,Manoj O,Scooter,Part-time,4.15,Y
DP13469,Pooja H,Bike,Part-time,4.22,Y
DP05131,Nikhil H,Scooter,Full-time,4.14,Y
DP14815,Vikas W,Scooter,Part-time,4.45,Y
DP09512,Nikhil L,Cycle,Full-time,4.15,Y
DP08003,Vikas M,Scooter,Full-time,4.17,Y
DP05115,Santosh B,Cycle,Part-time,4,Y
DP03572,Arjun C,Scooter,Contract,5,Y
DP04472,Nikhil A,Scooter,Full-time,4.03,Y
DP07183,Suresh W,Scooter,Part-time,3.95,Y
DP01116,Arjun Q,Scooter,Contract,4.42,N
DP13975,Pooja V,Cycle,Full-time,3.89,Y
DP12100,Divya C,Bike,Full-time,3.99,Y
DP00060,Ravi X,Scooter,Full-time,4.37,Y
DP07313,Rakesh X,Bike,Part-time,4.26,Y
DP04547,Priya X,Bike,Full-time,3.82,Y
DP13067,Arjun C,Bike,Part-time,3.95,Y
DP03787,Sneha E,Scooter,Full-time,3.89,Y
DP05657,Arjun K,Bike,Full-time,3.96,Y
DP02577,Shreya S,Cycle,Part-time,4.28,N
DP02453,Deepak T,Car,Full-time,3.97,Y
DP14084,Nikhil M,Cycle,Full-time,4.01,Y
DP13948,Ravi B,Scooter,Contract,4.16,Y
DP14805,Shreya Q,Bike,Part-time,3.87,Y
DP07481,Neha J,Car,Part-time,4.72,Y
DP01058,Kiran B,Cycle,Part-time,3.99,Y
DP13457,Arjun F,Scooter,Full-time,3.62,Y
DP00218,Kiran Z,Bike,Part-time,4.67,Y
DP13203,Rakesh T,Scooter,Full-time,4.81,Y
DP08027,Santosh H,Cycle,Contract,4.16,N
DP12118,Meena A,Cycle,Part-time,4.1,Y
DP11056,Pooja U,Scooter,Full-time,4.49,Y
DP01109,Kiran C,Scooter,Contract,3.91,N
DP11923,Suresh J,Bike,Full-time,3.93,N
DP05482,Suresh O,Scooter,Full-time,3.82,N
DP03291,Amit O,Scooter,Part-time,4.21,Y
DP04961,Suresh W,Scooter,Part-time,4.11,Y
DP13786,Ananya A,Scooter,Part-time,4.06,Y
DP13278,Santosh T,Scooter,Part-time,3.66,Y
DP12765,Priya R,Bike,Contract,3.73,N
DP11055,Amit I,Cycle,Full-time,4.42,Y
DP01826,Deepak N,Bike,Full-time,4.11,Y
DP12579,Ravi B,Bike,Contract,3.96,Y
DP10021,Amit H,Car,Part-time,4.09,Y
DP02216,Kiran Q,Bike,Full-time,4.12,Y
DP11901,Arjun Q,Bike,Full-time,4.42,Y
DP05938,Rakesh F,Scooter,Part-time,4.05,Y
DP07234,Sneha Q,Cycle,Part-time,4.47,Y
DP11748,Ravi W,Bike,Full-time,4.13,N
DP05792,Deepak M,Scooter,Full-time,4.35,Y
DP05944,Manoj S,Bike,Part-time,4.73,Y
DP12327,Pooja S,Cycle,Full-time,3.92,Y
DP13945,Kiran M,Cycle,Part-time,4.15,Y
DP14399,Amit P,Scooter,Contract,4.13,Y
DP01766,Pooja K,Bike,Contract,4.64,Y
DP13695,Rahul M,Scooter,Part-time,4.06,Y
DP00228,Ravi D,Car,Full-time,4.86,Y
DP07509,Kiran S,Cycle,Part-time,4.27,Y
DP02892,Deepak T,Scooter,Full-time,4.26,Y
DP04272,Divya O,Scooter,Full-time,4.43,Y
DP07423,Divya R,Bike,Part-time,4.33,Y
DP03286,Suresh F,Scooter,Contract,4.45,Y
DP06566,Arjun H,Scooter,Full-time,4.33,Y
DP00648,Pooja T,Bike,Part-time,3.85,Y
DP13149,Vikas I,Bike,Contract,4.07,Y
DP13096,Pooja A,Car,Contract,4.37,Y
DP06075,Nikhil T,Bike,Contract,4.12,Y
DP03656,Rakesh B,Scooter,Contract,4.08,Y
DP10559,Suresh E,Scooter,Full-time,4.67,Y
DP12956,Pooja K,Bike,Full-time,3.99,Y
DP03790,Deepak N,Scooter,Full-time,4.94,Y
DP11880,Suresh X,Scooter,Contract,3.95,Y
DP01721,Rahul O,Scooter,Part-time,4.66,Y
DP14642,Shreya N,Cycle,Contract,3.69,Y
DP08610,Manoj D,Scooter,Full-time,3.81,Y
DP10644,Vikas L,Scooter,Contract,4.87,Y
DP04477,Kiran Y,Scooter,Full-time,3.94,Y
DP07908,Nikhil X,Scooter,Contract,3.46,Y
DP13220,Meena F,Scooter,Full-time,3.66,Y
DP01730,Arjun A,Bike,Part-time,4.14,Y
DP05870,Rahul E,Cycle,Full-time,4.23,Y
DP08233,Amit Y,Cycle,Part-time,4.3,Y
DP05224,Manoj K,Bike,Part-time,4.37,N
DP06968,Kiran N,Scooter,Full-time,4.37,Y
DP08788,Pooja V,Bike,Full-time,4.2,Y
DP11298,Amit A,Scooter,Full-time,3.68,Y
DP06786,Priya F,Bike,Full-time,4.68,Y
DP04787,Pooja K,Bike,Full-time,4.22,Y
DP01132,Meena P,Scooter,Full-time,4.36,Y
DP11081,Sneha Q,Cycle,Contract,3.69,Y
DP01187,Divya X,Bike,Part-time,4.15,Y
DP10983,Shreya Q,Bike,Full-time,4.36,Y
DP02436,Kiran Q,Scooter,Part-time,4.49,Y
DP14103,Suresh Q,Bike,Full-time,3.99,Y
DP03811,Meena F,Bike,Part-time,4.17,Y
DP00690,Santosh K,Cycle,Full-time,4.19,Y
DP11075,Vikas O,Cycle,Part-time,3.75,Y
DP04782,Priya O,Scooter,Full-time,4.21,Y
DP09541,Priya G,Bike,Full-time,4.22,Y
DP01084,Suresh D,Bike,Full-time,4.44,Y
DP02236,Manoj Q,Scooter,Full-time,3.76,Y
DP11417,Kiran U,Car,Full-time,3.81,Y
DP09484,Nikhil K,Scooter,Full-time,3.82,Y
DP10358,Meena I,Bike,Contract,4.12,Y
DP05857,Divya Z,Scooter,Full-time,4.42,Y
DP13396,Rahul P,Scooter,Contract,3.91,Y
DP11010,Ravi Y,Bike,Full-time,4.4,Y
DP05012,Deepak G,Scooter,Full-time,4,N
DP12742,Nikhil Q,Scooter,Contract,4.38,Y
DP09306,Nikhil K,Bike,Contract,4.3,Y
DP12826,Arjun H,Scooter,Full-time,3.86,Y
DP05477,Shreya P,Bike,Contract,4.45,Y
DP01045,Priya A,Bike,Full-time,3.89,Y
DP03517,Sneha L,Bike,Full-time,4.39,Y
DP10265,Vikas J,Cycle,Full-time,3.92,Y
DP09676,Suresh Z,Bike,Full-time,4.58,Y
DP01324,Kiran S,Bike,Full-time,4.51,Y
DP01144,Deepak C,Scooter,Full-time,4.72,Y
DP03169,Rakesh T,Bike,Full-time,4.12,Y
DP12611,Vikas G,Scooter,Part-time,4.12,Y
DP07845,Vikas S,Bike,Full-time,3.83,Y
DP13119,Meena X,Bike,Contract,3.86,Y
DP13724,Deepak S,Cycle,Full-time,4.78,Y
DP08255,Rakesh Q,Bike,Full-time,3.66,Y
DP11864,Ravi B,Bike,Contract,4.64,Y
DP03699,Meena Q,Scooter,Full-time,4.28,Y
DP13321,Amit O,Car,Contract,4.57,Y
DP05658,Shreya F,Bike,Full-time,3.88,Y
DP04015,Meena M,Scooter,Full-time,4.71,Y
DP03388,Divya Q,Bike,Part-time,3.82,Y
DP00089,Divya J,Scooter,Full-time,3.76,Y
DP08055,Deepak M,Bike,Full-time,4.92,Y
DP14102,Vikas R,Scooter,Full-time,4.07,Y
DP13180,Neha A,Scooter,Contract,4.68,Y
DP14777,Meena U,Bike,Part-time,3.96,N
DP12120,Rahul H,Scooter,Full-time,3.72,Y
DP12206,Amit C,Bike,Full-time,4.55,N
DP03530,Nikhil I,Car,Contract,4.03,Y
DP11058,Kiran P,Cycle,Part-time,4.24,Y
DP01237,Santosh V,Cycle,Part-time,4.11,Y
DP12081,Manoj J,Bike,Full-time,3.78,N
DP01459,Priya U,Scooter,Part-time,4.54,Y
DP06006,Kiran P,Scooter,Part-time,3.99,N
DP02831,Meena V,Bike,Full-time,4.54,Y
DP05011,Shreya P,Scooter,Part-time,4.29,Y
DP01291,Nikhil T,Bike,Part-time,4.31,Y
DP06600,Suresh N,Cycle,Part-time,3.67,Y
DP11226,Ravi V,Scooter,Contract,4.56,Y
DP03380,Neha Z,Cycle,Part-time,4.72,Y
DP01670,Deepak S,Car,Full-time,4.54,Y
DP14073,Priya K,Bike,Full-time,4.48,Y
DP05008,Priya Q,Cycle,Part-time,4.13,Y
DP13383,Deepak S,Scooter,Contract,3.96,Y
DP12399,Manoj O,Scooter,Full-time,4.18,Y
DP03808,Deepak H,Bike,Contract,4.18,Y
DP11612,Ravi N,Cycle,Full-time,4.03,Y
DP03408,Sneha H,Bike,Part-time,4.21,Y
DP11636,Meena D,Bike,Part-time,4.66,N
DP13693,Priya I,Bike,Contract,4.11,Y
DP05350,Priya J,Bike,Full-time,4.45,N
DP14119,Priya C,Scooter,Part-time,4.51,Y
DP03629,Divya A,Bike,Part-time,4.32,Y
DP06533,Neha Q,Scooter,Full-time,4.13,Y
DP09461,Nikhil R,Bike,Part-time,3.9,Y
DP12067,Ravi E,Scooter,Part-time,3.73,N
DP14703,Vikas S,Car,Part-time,3.71,Y
DP09950,Shreya T,Bike,Full-time,4.51,Y
DP13156,Priya V,Bike,Contract,4.36,Y
DP11755,Divya X,Cycle,Contract,3.82,Y
DP13924,Deepak S,Cycle,Full-time,4.37,Y
DP07269,Arjun T,Scooter,Contract,3.7,Y
DP09086,Meena B,Cycle,Part-time,3.32,Y
DP06560,Ananya O,Scooter,Full-time,4.07,Y
DP05670,Neha F,Scooter,Full-time,4.16,Y
DP14262,Nikhil S,Cycle,Full-time,4.35,Y
DP05503,Meena R,Cycle,Full-time,4.34,Y
DP10684,Santosh C,Scooter,Full-time,3.84,Y
DP09151,Shreya E,Scooter,Full-time,4.48,Y
DP10997,Vikas A,Scooter,Part-time,4.63,Y
DP14976,Ananya F,Scooter,Part-time,4.17,Y
DP06487,Ravi C,Car,Full-time,4.27,Y
DP01939,Meena T,Scooter,Full-time,4.44,Y
DP13958,Neha D,Bike,Part-time,3.92,Y
DP13620,Manoj J,Scooter,Full-time,4.06,Y
DP00418,Priya G,Scooter,Contract,4.47,Y
DP00781,Suresh X,Scooter,Contract,4.35,Y
DP14029,Vikas U,Bike,Part-time,3.57,Y
DP11047,Kiran V,Cycle,Part-time,3.78,Y
DP14648,Meena C,Bike,Full-time,4.49,Y
DP08382,Ananya T,Cycle,Contract,4.4,Y
DP14715,Vikas J,Bike,Part-time,4.38,Y
DP07074,Vikas R,Bike,Full-time,3.91,Y
DP10662,Santosh M,Cycle,Part-time,4.58,Y
DP10525,Priya Z,Cycle,Full-time,3.83,Y
DP08531,Divya S,Bike,Part-time,4.28,N
DP08368,Meena H,Cycle,Part-time,4.53,Y
DP01727,Meena I,Cycle,Full-time,3.75,Y
DP04973,Divya E,Bike,Full-time,4.49,Y
DP07874,Arjun L,Bike,Contract,3.29,Y
DP05712,Amit E,Bike,Full-time,3.92,Y
DP00938,Arjun H,Bike,Part-time,3.64,Y
DP04815,Divya T,Cycle,Full-time,4.58,Y
DP01407,Manoj D,Bike,Full-time,4.21,Y
DP11620,Priya R,Scooter,Full-time,4.52,N
DP05423,Vikas I,Scooter,Full-time,3.82,Y
DP12550,Kiran C,Scooter,Full-time,4.3,Y
DP05395,Deepak M,Cycle,Part-time,4.53,Y
DP12291,Shreya L,Bike,Contract,4.02,Y
DP14098,Neha I,Cycle,Part-time,4.55,Y
DP06766,Ravi B,Bike,Full-time,4.33,Y
DP09705,Manoj F,Car,Full-time,4.54,Y
DP11590,Arjun A,Scooter,Contract,4.21,Y
DP09254,Deepak Z,Cycle,Part-time,4.15,Y
DP02974,Rakesh L,Bike,Part-time,4.38,Y
DP02192,Neha V,Scooter,Full-time,4.85,Y
DP00790,Arjun D,Scooter,Part-time,4.14,Y
DP05399,Shreya F,Bike,Contract,4.49,N
DP01078,Shreya N,Bike,Full-time,3.93,Y
DP05051,Shreya Y,Car,Full-time,4.42,Y
DP01695,Kiran E,Scooter,Full-time,4.75,Y
DP07838,Pooja P,Cycle,Full-time,4.19,Y
DP06643,Shreya G,Cycle,Full-time,4.18,Y
DP06729,Priya H,Bike,Full-time,4.17,Y
DP10091,Divya L,Cycle,Full-time,4.32,Y
DP13732,Santosh K,Bike,Full-time,4.44,Y
DP12768,Kiran H,Bike,Part-time,4.1,N
DP00789,Ravi T,Cycle,Part-time,4.39,N
DP06206,Kiran B,Scooter,Part-time,3.73,Y
DP00463,Vikas I,Bike,Part-time,4.3,Y
DP00657,Neha X,Car,Full-time,4.38,Y
DP01056,Meena I,Bike,Full-time,4.21,Y
DP07208,Amit C,Scooter,Full-time,3.83,Y
DP07619,Suresh N,Scooter,Full-time,4.13,Y
DP07729,Divya S,Cycle,Full-time,4.29,Y
DP12113,Priya T,Bike,Contract,4.12,Y
DP01854,Priya K,Scooter,Full-time,3.94,Y
DP04416,Santosh R,Scooter,Full-time,4.8,Y
DP02925,Rakesh W,Bike,Full-time,4.29,Y
DP06851,Ananya J,Scooter,Part-time,4.35,N
DP12211,Pooja Q,Bike,Part-time,3.95,Y
DP11169,Ravi J,Bike,Part-time,4.55,N
DP08351,Ananya W,Scooter,Part-time,3.89,N
DP13932,Meena C,Bike,Contract,4.3,Y
DP09004,Amit W,Bike,Contract,3.75,Y
DP14566,Divya J,Bike,Contract,3.95,Y
DP12503,Rahul I,Bike,Full-time,4.13,Y
DP02862,Pooja C,Bike,Full-time,3.95,Y
DP14158,Suresh J,Scooter,Part-time,3.85,Y
DP10263,Suresh W,Cycle,Part-time,3.64,N
DP00570,Vikas E,Car,Full-time,3.68,Y
DP05504,Divya S,Bike,Full-time,4.4,N
DP05006,Suresh J,Scooter,Full-time,4.27,Y
DP12299,Sneha J,Scooter,Full-time,4.37,Y
DP01612,Ravi B,Scooter,Full-time,3.82,Y
DP13529,Deepak L,Scooter,Full-time,4.04,Y
DP06424,Deepak M,Bike,Contract,3.99,Y
DP00828,Arjun F,Bike,Full-time,4.18,Y
DP01781,Pooja M,Scooter,Part-time,3.78,Y
DP13713,Shreya K,Bike,Full-time,3.89,Y
DP04874,Rakesh J,Scooter,Full-time,4.15,Y
DP09285,Kiran V,Car,Contract,4.74,Y
DP10751,Amit V,Scooter,Contract,3.29,Y
DP10009,Divya G,Bike,Full-time,3.77,Y
DP08795,Arjun C,Scooter,Full-time,4.4,N
DP10367,Arjun C,Cycle,Full-time,4.21,N
DP12199,Sneha I,Scooter,Part-time,4.37,Y
DP12490,Neha X,Scooter,Full-time,3.88,Y
DP08448,Pooja W,Bike,Full-time,3.89,Y
DP12340,Arjun E,Cycle,Full-time,4.14,Y
DP00265,Deepak A,Scooter,Contract,3.94,N
DP05761,Shreya D,Cycle,Full-time,4.35,Y
DP13426,Santosh X,Bike,Full-time,4.05,Y
DP14064,Ananya E,Car,Full-time,3.88,Y
DP04570,Suresh U,Bike,Contract,3.87,Y
DP01095,Shreya F,Bike,Full-time,4.1,Y
DP11425,Neha B,Bike,Part-time,4.51,Y
DP00049,Rahul E,Scooter,Part-time,4.53,N
DP01286,Neha G,Scooter,Part-time,3.89,Y
DP09957,Suresh V,Bike,Full-time,4.28,Y
DP04442,Manoj C,Scooter,Contract,4.51,Y
DP07152,Shreya O,Scooter,Full-time,4.37,N
DP03616,Amit Y,Bike,Full-time,3.9,Y
DP01131,Shreya A,Bike,Full-time,4.02,Y
DP13296,Ananya F,Scooter,Contract,4.85,Y
DP13223,Nikhil X,Car,Part-time,4.23,Y
DP02117,Santosh V,Bike,Full-time,4.59,Y
DP05003,Pooja L,Scooter,Full-time,3.88,Y
DP07999,Nikhil Q,Bike,Full-time,4.01,Y
DP13648,Manoj U,Cycle,Full-time,4.03,Y
DP08031,Nikhil H,Scooter,Contract,3.83,Y
DP11006,Nikhil Z,Scooter,Full-time,3.84,Y
DP10814,Priya E,Scooter,Full-time,4.67,Y
DP00430,Arjun P,Scooter,Part-time,4.53,Y
DP08668,Meena C,Scooter,Full-time,4.22,Y
DP05622,Ravi T,Scooter,Full-time,4.2,Y
DP13406,Shreya M,Cycle,Full-time,4.47,N
DP15000,Suresh L,Bike,Contract,3.93,Y
DP09225,Sneha E,Scooter,Full-time,4.21,Y
DP13442,Rakesh H,Bike,Full-time,3.86,Y
DP02620,Santosh L,Scooter,Part-time,4.28,Y
DP02095,Santosh Q,Bike,Full-time,4.24,Y
DP10763,Arjun Z,Scooter,Full-time,4.66,Y
DP14542,Santosh F,Cycle,Full-time,4.07,Y
DP11544,Manoj G,Scooter,Full-time,4.21,N
DP09241,Suresh T,Cycle,Contract,4.34,Y
DP06365,Santosh D,Scooter,Full-time,4.16,Y
DP14235,Rakesh K,Scooter,Contract,4.78,Y
DP14145,Arjun T,Scooter,Full-time,4.29,N
DP09167,Sneha Q,Scooter,Full-time,4.49,Y
DP02640,Nikhil O,Bike,Contract,4.4,Y
DP03606,Sneha P,Scooter,Part-time,4.27,Y
DP07084,Suresh N,Cycle,Part-time,4.56,Y
DP10697,Priya U,Bike,Full-time,4.62,N
DP06242,Santosh Y,Cycle,Full-time,4.23,N
DP11463,Divya S,Scooter,Contract,3.83,Y
DP11913,Rakesh U,Bike,Full-time,4.01,N
DP00813,Vikas C,Bike,Part-time,4.04,Y
DP11349,Deepak K,Bike,Part-time,3.7,Y
DP07078,Neha J,Bike,Full-time,3.99,Y
DP09317,Ravi E,Scooter,Full-time,4.02,Y
DP01843,Ananya J,Bike,Part-time,4.03,Y
DP10671,Ravi Q,Bike,Part-time,4,Y
DP02214,Divya W,Scooter,Full-time,3.9,Y
DP00176,Santosh N,Scooter,Contract,4.29,N
DP03012,Deepak Z,Scooter,Full-time,4.45,Y
DP06465,Meena T,Cycle,Full-time,4.42,Y
DP04137,Ananya R,Bike,Full-time,4.27,Y
DP05389,Manoj T,Scooter,Contract,3.92,Y
DP06447,Amit C,Bike,Part-time,3.58,Y
DP02302,Kiran Z,Scooter,Contract,4.05,Y
DP06773,Ravi G,Scooter,Full-time,4.01,N
DP06743,Arjun O,Scooter,Full-time,4.07,Y
DP14159,Ananya M,Bike,Part-time,4.38,Y
DP03011,Arjun C,Bike,Full-time,4.44,Y
DP09925,Rakesh B,Scooter,Full-time,4.45,Y
DP14083,Pooja H,Bike,Full-time,4.16,Y
DP11436,Manoj A,Scooter,Part-time,4.32,Y
DP01454,Santosh G,Bike,Full-time,4.37,Y
DP01845,Meena L,Scooter,Part-time,3.97,Y
DP10181,Shreya S,Cycle,Full-time,4.44,Y
DP00365,Vikas E,Bike,Part-time,4.52,Y
DP13845,Nikhil S,Bike,Part-time,4.95,Y
DP14923,Rahul M,Bike,Contract,4.59,Y
DP01111,Amit A,Scooter,Full-time,4.28,Y
DP01391,Vikas R,Cycle,Contract,4.18,Y
DP02055,Kiran U,Scooter,Part-time,4.27,Y
DP14212,Kiran X,Scooter,Full-time,3.68,Y
DP08156,Vikas Y,Scooter,Contract,4.82,Y
DP05050,Rakesh G,Bike,Part-time,4.08,Y
DP07686,Santosh U,Bike,Full-time,4.26,Y
DP04400,Ravi I,Bike,Contract,4.69,Y
DP09130,Santosh T,Scooter,Part-time,4.4,Y
DP08705,Kiran A,Bike,Part-time,4.49,Y
DP00317,Kiran T,Scooter,Contract,4.63,Y
DP08479,Santosh N,Scooter,Full-time,3.98,Y
DP13305,Neha C,Scooter,Contract,4.31,Y
DP05144,Divya K,Bike,Part-time,4.14,Y
DP10670,Priya P,Scooter,Full-time,4.14,Y
DP14454,Rahul I,Cycle,Part-time,4.04,Y
DP04589,Ravi E,Cycle,Part-time,4.26,Y
DP01134,Pooja F,Scooter,Part-time,4.46,N
DP02482,Rakesh G,Cycle,Full-time,3.74,N
DP02614,Sneha F,Cycle,Contract,4.25,Y
DP02667,Neha B,Scooter,Full-time,3.85,Y
DP14991,Meena H,Cycle,Full-time,4.27,Y
DP04169,Manoj B,Scooter,Part-time,4.2,Y
DP06910,Nikhil H,Bike,Part-time,4.4,Y
DP05367,Santosh Y,Cycle,Contract,4.41,Y
DP03952,Amit J,Bike,Contract,4.36,Y
DP05417,Suresh J,Cycle,Part-time,4.4,Y
DP01408,Amit K,Scooter,Full-time,4.5,Y
DP12068,Ananya X,Bike,Contract,4.18,Y
DP00556,Divya B,Scooter,Contract,4.17,Y
DP01759,Deepak Z,Scooter,Part-time,4.92,Y
DP04882,Pooja L,Scooter,Full-time,4.23,Y
DP09563,Divya O,Scooter,Part-time,3.92,Y
DP14164,Ananya T,Cycle,Part-time,4.46,N
DP10385,Suresh J,Bike,Part-time,4.71,Y
DP10327,Nikhil Z,Bike,Part-time,4.16,Y
DP11104,Sneha O,Car,Full-time,4.27,Y
DP05269,Neha W,Scooter,Full-time,4.1,Y
DP06606,Nikhil N,Scooter,Full-time,4.05,N
DP04123,Shreya B,Scooter,Full-time,4.73,Y
DP07687,Divya C,Scooter,Full-time,4.21,N
DP03470,Sneha N,Bike,Contract,4.51,Y
DP02591,Manoj O,Scooter,Part-time,3.92,Y
DP00762,Deepak C,Scooter,Full-time,4.25,Y
DP03978,Suresh A,Car,Full-time,3.68,Y
DP02535,Arjun U,Car,Full-time,4.53,Y
DP04688,Rahul C,Scooter,Full-time,4.06,Y
DP05336,Shreya B,Scooter,Full-time,4.48,Y
DP12069,Meena G,Bike,Full-time,3.8,Y
DP12867,Deepak F,Car,Full-time,4.4,Y
DP11976,Manoj H,Bike,Part-time,4.03,Y
DP13140,Manoj J,Scooter,Contract,4.45,Y
DP08148,Meena E,Cycle,Part-time,4.01,Y
DP09344,Nikhil B,Car,Full-time,4.45,Y
DP12618,Neha I,Cycle,Contract,4.05,Y
DP04489,Divya U,Scooter,Full-time,4.3,Y
DP00124,Neha S,Scooter,Full-time,4.46,Y
DP00300,Meena W,Bike,Full-time,4.02,Y
DP00017,Kiran N,Bike,Full-time,4.09,Y
DP11744,Kiran G,Scooter,Full-time,4.53,Y
DP10412,Deepak W,Bike,Part-time,4.62,Y
DP12280,Arjun I,Bike,Full-time,4.35,Y
DP10922,Manoj V,Car,Full-time,4.7,Y
DP11969,Deepak G,Scooter,Contract,4.05,Y
DP00881,Meena N,Scooter,Full-time,4.26,Y
DP04479,Neha I,Bike,Part-time,4.07,Y
DP06719,Ravi G,Scooter,Full-time,4.22,Y
DP05294,Deepak R,Scooter,Contract,3.85,N
DP14995,Deepak G,Bike,Full-time,3.69,Y
DP14495,Vikas V,Cycle,Full-time,4.12,Y
DP09352,Rahul I,Bike,Part-time,4.05,Y
DP07414,Arjun T,Car,Part-time,3.79,Y
DP11372,Sneha H,Scooter,Part-time,4.55,Y
DP12658,Divya X,Scooter,Contract,4.22,Y
DP02049,Priya P,Scooter,Part-time,4.53,Y
DP03409,Nikhil E,Bike,Full-time,3.92,Y
DP06033,Neha J,Scooter,Full-time,4.01,Y
DP09292,Kiran U,Cycle,Contract,4.16,N
DP09488,Pooja G,Bike,Full-time,4.45,Y
DP04915,Priya U,Scooter,Full-time,4.15,Y
DP11472,Ananya V,Bike,Full-time,4.06,Y
DP12137,Manoj I,Bike,Part-time,3.41,Y
DP09781,Neha N,Bike,Full-time,4.7,Y
DP06461,Ananya W,Scooter,Contract,4.52,Y
DP06111,Ravi K,Bike,Full-time,4.61,Y
DP14396,Vikas J,Scooter,Part-time,4.77,Y
DP06833,Rakesh W,Bike,Contract,4.55,Y
DP01326,Divya R,Cycle,Part-time,3.72,Y
DP07050,Kiran L,Bike,Contract,4.02,Y
DP02009,Suresh W,Car,Full-time,3.73,Y
DP03853,Shreya V,Bike,Full-time,3.96,N
DP00076,Pooja J,Scooter,Contract,4.3,N
DP12449,Vikas S,Bike,Contract,3.84,Y
DP03760,Priya A,Scooter,Contract,4.31,Y
DP10614,Rakesh U,Bike,Full-time,4.12,Y
DP02282,Sneha U,Scooter,Full-time,4.1,N
DP00500,Rakesh I,Bike,Part-time,4.12,Y
DP08894,Shreya G,Bike,Full-time,3.65,Y
DP14148,Neha V,Bike,Contract,4.25,Y
DP13776,Pooja M,Scooter,Full-time,3.98,Y
DP12545,Ravi Q,Bike,Part-time,3.54,Y
DP01862,Suresh Z,Cycle,Part-time,4.59,N
DP08537,Divya Z,Scooter,Part-time,4.19,Y
DP05638,Divya U,Scooter,Full-time,4,Y
DP06121,Kiran L,Bike,Full-time,4.05,Y
DP07723,Vikas Q,Bike,Full-time,4.71,Y
DP04501,Rahul O,Bike,Contract,3.82,N
DP10330,Amit U,Scooter,Full-time,4.25,Y
DP12245,Deepak V,Bike,Part-time,4.06,Y
DP02279,Neha O,Scooter,Full-time,4.1,N
DP14582,Amit L,Bike,Full-time,4.76,Y
DP09790,Sneha U,Bike,Full-time,3.8,Y
DP02924,Arjun P,Scooter,Full-time,4.56,Y
DP10505,Sneha S,Scooter,Full-time,4.64,Y
DP01959,Rahul W,Cycle,Full-time,3.88,Y
DP09843,Vikas I,Bike,Part-time,4.45,Y
DP00063,Santosh B,Bike,Contract,4.18,Y
DP08726,Suresh H,Bike,Full-time,4.2,Y
DP13828,Nikhil F,Bike,Full-time,4.23,Y
DP14767,Pooja K,Scooter,Part-time,4,Y
DP01189,Ananya W,Scooter,Part-time,4.48,Y
DP03954,Suresh Q,Bike,Full-time,4.45,N
DP02708,Nikhil D,Scooter,Part-time,4.61,N
DP05073,Ananya W,Cycle,Contract,4.49,Y
DP03908,Deepak U,Bike,Part-time,4.25,Y
DP13794,Divya L,Bike,Full-time,4.24,Y
DP13572,Manoj I,Bike,Contract,4.05,N
DP08073,Pooja T,Bike,Full-time,4.08,Y
DP12669,Amit Q,Bike,Contract,3.92,Y
DP06812,Rahul I,Scooter,Contract,4.13,Y
DP11747,Priya W,Scooter,Part-time,4.03,Y
DP11841,Kiran M,Cycle,Full-time,4.33,Y
DP01392,Meena I,Scooter,Full-time,3.69,Y
DP07440,Deepak X,Scooter,Full-time,4.16,Y
DP05409,Amit T,Scooter,Full-time,4.51,Y
DP03111,Santosh F,Scooter,Contract,4.3,Y
DP09934,Kiran B,Car,Full-time,4.4,Y
DP02444,Arjun E,Cycle,Part-time,4.49,Y
DP09626,Sneha V,Cycle,Full-time,4.08,Y
DP10519,Divya F,Cycle,Full-time,3.99,Y
DP00033,Suresh G,Bike,Part-time,4.31,Y
DP05373,Vikas N,Scooter,Part-time,4.33,Y
DP01201,Neha V,Bike,Full-time,4.32,Y
DP06429,Pooja U,Bike,Contract,4.08,Y
DP12747,Suresh A,Scooter,Full-time,4.38,Y
DP11273,Ananya L,Scooter,Part-time,4.24,Y
DP14022,Santosh F,Scooter,Full-time,4.43,Y
DP05148,Rahul H,Bike,Full-time,4.07,Y
DP02072,Shreya E,Scooter,Full-time,3.8,Y
DP02085,Divya K,Bike,Part-time,3.98,Y
DP14163,Ananya G,Car,Contract,3.76,Y
DP03401,Meena Z,Bike,Full-time,3.88,Y
DP13382,Santosh X,Cycle,Part-time,3.97,Y
DP05292,Rakesh J,Scooter,Contract,4.3,N
DP04188,Priya O,Bike,Full-time,4.31,Y
DP12935,Priya X,Bike,Part-time,4.3,Y
DP06759,Suresh X,Scooter,Full-time,4.53,Y
DP10759,Kiran R,Scooter,Full-time,4.05,Y
DP01750,Ravi K,Scooter,Full-time,4.22,Y
DP13753,Ravi T,Scooter,Full-time,4.13,Y
DP11528,Nikhil A,Scooter,Full-time,3.79,Y
DP12259,Santosh U,Scooter,Part-time,4.26,N
DP04843,Divya U,Scooter,Full-time,4.51,Y
DP09064,Rakesh W,Bike,Full-time,4.16,Y
DP12061,Ravi X,Scooter,Full-time,4.29,Y
DP05413,Pooja Q,Scooter,Part-time,4.08,Y
DP08300,Shreya B,Bike,Contract,4.48,N
DP10138,Kiran M,Bike,Full-time,3.85,Y
DP06722,Deepak I,Scooter,Contract,3.71,N
DP11192,Nikhil S,Bike,Contract,4.27,N
DP07544,Rahul Z,Scooter,Full-time,4.24,Y
DP09921,Santosh K,Bike,Full-time,3.8,Y
DP06657,Shreya O,Bike,Contract,4.05,Y
DP07698,Amit F,Bike,Full-time,3.95,Y
DP02950,Vikas K,Bike,Full-time,3.66,Y
DP03446,Rakesh X,Cycle,Contract,4.35,Y
DP11407,Deepak U,Cycle,Part-time,3.87,Y
DP06887,Divya K,Scooter,Contract,4.3,Y
DP10380,Pooja C,Car,Contract,4.87,Y
DP06355,Ravi N,Scooter,Contract,3.67,Y
DP07958,Santosh L,Bike,Contract,4.65,Y
DP10175,Neha U,Bike,Full-time,3.59,Y
DP05248,Nikhil B,Scooter,Part-time,4.25,N
DP11635,Rahul P,Cycle,Full-time,3.97,Y
DP09429,Ananya N,Bike,Full-time,4.41,N
DP06550,Santosh H,Scooter,Full-time,4.65,Y
DP04418,Ananya K,Bike,Full-time,4.15,Y
DP06046,Suresh U,Scooter,Full-time,4.08,Y
DP10425,Kiran Y,Bike,Contract,4.99,Y
DP06637,Divya T,Scooter,Contract,4.08,Y
DP10803,Meena N,Scooter,Part-time,4.07,Y
DP08121,Pooja T,Scooter,Part-time,4.36,Y
DP01957,Amit Q,Bike,Part-time,4.67,Y
DP08891,Suresh B,Scooter,Contract,4.1,Y
DP05777,Shreya S,Scooter,Part-time,4.24,Y
DP04496,Meena J,Scooter,Full-time,4.62,Y
DP13659,Priya B,Bike,Full-time,4.35,Y
DP01106,Neha E,Cycle,Full-time,3.98,N
DP11882,Ananya T,Cycle,Full-time,4.15,Y
DP05150,Sneha U,Bike,Full-time,4.75,Y
DP04329,Neha K,Bike,Part-time,4.37,Y
DP04224,Kiran I,Bike,Full-time,4.43,Y
DP00025,Divya P,Scooter,Full-time,3.37,Y
DP08399,Neha Q,Bike,Full-time,4.48,Y
DP12144,Manoj I,Bike,Full-time,4.35,Y
DP04383,Rahul S,Bike,Part-time,3.86,Y
DP10852,Ananya R,Scooter,Full-time,4.41,Y
DP01940,Meena K,Car,Full-time,3.87,Y
DP04651,Rahul E,Scooter,Full-time,4.63,Y
DP13256,Ananya E,Bike,Contract,3.56,Y
DP13372,Ananya H,Cycle,Full-time,4.26,Y
DP12835,Vikas V,Scooter,Full-time,3.8,Y
DP13971,Pooja D,Cycle,Contract,4.96,Y
DP01819,Sneha L,Bike,Full-time,3.72,Y
DP13040,Meena N,Scooter,Contract,3.98,Y
DP04544,Ravi K,Bike,Full-time,4.52,Y
DP04058,Ravi W,Scooter,Part-time,3.45,Y
DP05498,Vikas S,Scooter,Full-time,4.32,Y
DP02139,Rahul B,Car,Full-time,4.3,Y
DP05528,Sneha O,Bike,Part-time,3.58,Y
DP13237,Kiran K,Cycle,Contract,4.44,Y
DP06229,Vikas Q,Scooter,Full-time,4.41,Y
DP13482,Deepak G,Bike,Full-time,3.95,N
DP14050,Neha T,Bike,Full-time,4.05,Y
DP01195,Meena M,Scooter,Part-time,4.06,Y
DP01580,Arjun O,Bike,Full-time,3.58,N
DP10591,Priya V,Bike,Part-time,4.24,Y
DP06885,Vikas O,Scooter,Contract,4.43,Y
DP00895,Priya X,Car,Full-time,4.53,Y
DP14583,Amit Z,Car,Full-time,3.74,Y
DP02408,Meena Y,Bike,Full-time,3.88,Y
DP08144,Sneha J,Bike,Part-time,4.46,N
DP01515,Amit N,Bike,Part-time,3.97,Y
DP12461,Meena T,Cycle,Contract,4.7,Y
DP02496,Santosh A,Scooter,Contract,4.4,Y
DP13450,Meena G,Bike,Contract,4.49,Y
DP04502,Nikhil Q,Bike,Full-time,4.64,Y
DP07828,Vikas K,Bike,Part-time,4.55,Y
DP13614,Rakesh V,Bike,Full-time,4.04,Y
DP05954,Suresh I,Cycle,Contract,3.73,N
DP13117,Divya J,Bike,Contract,4.01,Y
DP07498,Meena X,Bike,Part-time,3.94,Y
DP04795,Sneha A,Scooter,Part-time,4.37,Y
DP12070,Manoj F,Scooter,Contract,3.9,Y
DP04377,Ananya P,Bike,Full-time,4.48,Y
DP10669,Santosh F,Scooter,Full-time,4.51,Y
DP02081,Rahul M,Bike,Contract,4.26,Y
DP11393,Rahul O,Scooter,Part-time,4.36,Y
DP05759,Manoj G,Bike,Full-time,4.02,Y
DP07422,Nikhil P,Cycle,Full-time,4.04,Y
DP01245,Vikas B,Scooter,Full-time,4.31,Y
DP04811,Amit S,Cycle,Part-time,3.86,Y
DP01560,Ananya K,Bike,Full-time,4.43,Y
DP04125,Meena P,Cycle,Full-time,4.44,Y
DP11004,Vikas P,Cycle,Contract,4.42,Y
DP10851,Kiran X,Bike,Full-time,4.35,Y
DP06993,Suresh Y,Bike,Full-time,4.11,N
DP09362,Divya V,Cycle,Contract,4.28,Y
DP04405,Ananya Q,Car,Full-time,4.52,Y
DP08502,Amit O,Scooter,Full-time,3.93,Y
DP03389,Meena K,Bike,Full-time,4.88,Y
DP05035,Ananya O,Scooter,Full-time,3.94,Y
DP09434,Divya S,Bike,Full-time,4.22,Y
DP10195,Vikas D,Scooter,Contract,4.08,Y
DP12788,Vikas H,Scooter,Full-time,4.08,N
DP01661,Rakesh R,Bike,Part-time,3.7,N
DP14168,Ananya P,Bike,Full-time,3.96,Y
DP13743,Neha S,Scooter,Full-time,3.95,Y
DP07598,Divya N,Bike,Part-time,4.37,Y
DP10087,Kiran G,Scooter,Contract,4.63,Y
DP06804,Nikhil J,Scooter,Part-time,4.06,Y
DP03421,Meena C,Bike,Part-time,4.46,Y
DP11516,Deepak S,Scooter,Part-time,4.14,Y
DP07096,Amit Z,Scooter,Part-time,3.88,Y
DP08713,Rahul A,Car,Full-time,4.01,Y
DP10132,Ananya B,Bike,Full-time,4.09,Y
DP09228,Kiran Z,Bike,Part-time,3.67,Y
DP08079,Divya I,Scooter,Full-time,4.33,Y
DP11498,Meena T,Cycle,Contract,4.16,Y
DP00067,Rakesh V,Scooter,Part-time,4.27,Y
DP07232,Deepak L,Bike,Full-time,4.76,Y
DP08357,Pooja Z,Bike,Contract,3.93,Y
DP01642,Santosh Q,Scooter,Full-time,4.4,Y
DP04468,Rahul J,Bike,Full-time,4.18,N
DP00915,Amit L,Bike,Part-time,4.36,Y
DP10483,Nikhil W,Scooter,Contract,3.7,Y
DP11347,Neha C,Scooter,Full-time,4.1,Y
DP14611,Neha Z,Scooter,Part-time,3.99,N
DP05321,Pooja T,Bike,Part-time,4.52,Y
DP02265,Santosh O,Cycle,Part-time,3.91,Y
DP06500,Rakesh O,Bike,Full-time,4.79,Y
DP01638,Arjun M,Scooter,Full-time,4.83,Y
DP08342,Sneha A,Scooter,Part-time,3.98,Y
DP02432,Nikhil H,Scooter,Full-time,4.15,Y
DP08279,Arjun K,Scooter,Contract,3.84,Y
DP09378,Suresh X,Car,Contract,3.95,N
DP10943,Manoj Z,Scooter,Full-time,4.45,N
DP03870,Ananya X,Bike,Part-time,4.16,N
DP13064,Manoj O,Bike,Full-time,3.89,Y
DP01478,Kiran C,Bike,Full-time,4.21,Y
DP11663,Kiran V,Bike,Full-time,4.29,Y
DP11837,Neha S,Cycle,Part-time,3.98,N
DP08151,Nikhil R,Car,Full-time,4.1,Y
DP06737,Amit L,Scooter,Part-time,4.51,Y
DP14879,Amit G,Scooter,Full-time,5,Y
DP13179,Rahul A,Bike,Part-time,4.11,Y
DP05189,Ananya Q,Bike,Part-time,4.31,Y
DP11225,Priya G,Scooter,Full-time,4.2,Y
DP03371,Manoj P,Scooter,Full-time,3.86,Y
DP06625,Ananya M,Bike,Part-time,4.73,Y
DP11857,Priya Z,Scooter,Part-time,4.22,Y
DP13260,Ravi T,Scooter,Full-time,3.91,Y
DP05617,Rakesh A,Cycle,Full-time,4.08,N
DP14593,Arjun I,Scooter,Full-time,4.35,Y
DP01255,Divya B,Bike,Part-time,4.19,Y
DP10656,Neha L,Scooter,Full-time,4.08,N
DP03364,Priya V,Bike,Full-time,4.57,Y
DP03671,Divya S,Scooter,Full-time,4.24,Y
DP09171,Pooja C,Bike,Part-time,4.16,N
DP09415,Meena K,Cycle,Full-time,4.35,Y
DP12514,Ravi U,Bike,Part-time,3.78,Y
DP09087,Vikas M,Bike,Full-time,4.02,Y
DP05474,Shreya I,Cycle,Full-time,4.31,Y
DP04144,Rahul R,Cycle,Part-time,4.62,Y
DP07101,Arjun O,Scooter,Full-time,4.05,Y
DP12983,Meena B,Bike,Part-time,4.57,Y
DP10280,Divya L,Cycle,Contract,4.27,Y
DP01288,Neha Q,Scooter,Full-time,3.8,Y
DP13030,Pooja T,Cycle,Full-time,4.06,Y
DP10765,Rakesh P,Scooter,Part-time,4.45,Y
DP01607,Amit H,Bike,Full-time,4,Y
DP05690,Priya A,Bike,Part-time,4.07,N
DP06477,Shreya A,Scooter,Full-time,4.95,N
DP12943,Nikhil M,Car,Part-time,4.02,Y
DP10158,Santosh A,Scooter,Full-time,4.05,Y
DP07271,Rahul D,Scooter,Full-time,4.28,Y
DP12209,Santosh A,Scooter,Full-time,4.04,Y
DP02910,Pooja G,Bike,Full-time,4.52,Y
DP08986,Manoj E,Bike,Part-time,3.73,Y
DP06835,Priya T,Bike,Full-time,4.37,Y
DP06734,Ravi A,Bike,Contract,3.84,Y
DP10401,Ananya V,Scooter,Part-time,4.25,N
DP06936,Rahul W,Cycle,Part-time,4.25,Y
DP08926,Amit W,Bike,Contract,4.48,Y
DP02929,Ravi R,Cycle,Full-time,4.23,Y
DP09642,Amit Z,Bike,Part-time,4.41,Y
DP02230,Shreya K,Cycle,Full-time,4.57,Y
DP08821,Neha L,Bike,Contract,3.84,N
DP14467,Amit V,Bike,Full-time,4.23,N
DP13116,Divya R,Scooter,Full-time,4.11,Y
DP05265,Deepak C,Scooter,Full-time,4.23,Y
DP14299,Manoj U,Bike,Full-time,4.2,Y
DP08712,Ravi H,Bike,Contract,4.27,Y
DP12316,Amit I,Cycle,Part-time,4.44,Y
DP07394,Shreya U,Scooter,Full-time,3.64,N
DP05645,Pooja S,Scooter,Part-time,4.04,Y
DP00957,Divya R,Bike,Full-time,4.01,Y
DP02291,Deepak O,Bike,Full-time,3.57,Y
DP03615,Pooja H,Bike,Full-time,4.34,Y
DP06565,Nikhil X,Scooter,Part-time,4.17,Y
DP04729,Priya R,Scooter,Part-time,3.88,Y
DP07957,Divya Y,Bike,Full-time,3.88,Y
DP06219,Pooja G,Scooter,Contract,4.6,N
DP08283,Ravi B,Scooter,Full-time,4.15,Y
DP00413,Vikas M,Scooter,Full-time,4.01,Y
DP00283,Priya Q,Cycle,Part-time,4.37,N
DP12135,Santosh I,Scooter,Full-time,4.21,Y
DP04726,Vikas O,Car,Full-time,3.92,N
DP08199,Priya C,Scooter,Full-time,3.97,Y
DP10552,Deepak M,Bike,Part-time,4.02,N
DP06635,Sneha S,Bike,Part-time,4.48,Y
DP05941,Vikas F,Scooter,Part-time,4.11,Y
DP06534,Amit J,Scooter,Contract,4.43,Y
DP01555,Shreya F,Scooter,Full-time,4.34,Y
DP12651,Amit J,Bike,Full-time,3.96,Y
DP14404,Ravi H,Bike,Full-time,4.51,Y
DP05110,Pooja L,Cycle,Full-time,4.22,Y
DP09021,Arjun O,Bike,Contract,4.03,Y
DP06120,Ananya R,Cycle,Part-time,4.04,Y
DP00963,Divya D,Scooter,Full-time,4.48,Y
DP11846,Arjun Q,Scooter,Contract,4.27,Y
DP10153,Deepak U,Bike,Contract,4.89,Y
DP13336,Neha F,Scooter,Full-time,4.12,Y
DP12098,Nikhil D,Cycle,Full-time,3.78,Y
DP12796,Sneha W,Scooter,Full-time,4.25,N
DP13599,Divya S,Scooter,Full-time,4.66,Y
DP03038,Ananya L,Scooter,Contract,3.45,Y
DP03896,Divya M,Bike,Contract,4.6,N
DP09057,Vikas M,Bike,Full-time,4.1,Y
DP11310,Ananya E,Scooter,Contract,3.92,Y
DP02632,Vikas S,Scooter,Part-time,3.67,Y
DP09712,Deepak P,Cycle,Full-time,4.68,Y
DP07936,Ananya G,Cycle,Part-time,3.94,Y
DP01806,Neha G,Bike,Part-time,3.91,N
DP12064,Rahul I,Bike,Full-time,4.33,Y
DP00008,Rakesh R,Bike,Full-time,4.65,Y
DP10540,Ananya Z,Scooter,Contract,3.85,Y
DP08220,Arjun J,Bike,Part-time,4.35,Y
DP00933,Nikhil I,Bike,Part-time,4.67,Y
DP04628,Meena Z,Scooter,Full-time,3.91,Y
DP04622,Neha Y,Scooter,Contract,3.83,Y
DP10356,Rahul V,Scooter,Full-time,4.16,Y
DP07463,Neha I,Scooter,Full-time,4.1,Y
DP08053,Arjun Q,Scooter,Part-time,4.64,N
DP02541,Meena L,Scooter,Contract,4.14,Y
DP11487,Meena C,Bike,Full-time,4.5,Y
DP03235,Vikas A,Cycle,Part-time,4.62,N
DP01188,Vikas Z,Cycle,Full-time,4.33,N
DP07318,Santosh Z,Scooter,Full-time,4.23,Y
DP03411,Shreya F,Car,Full-time,3.76,Y
DP10351,Santosh I,Cycle,Full-time,4.52,Y
DP12717,Divya V,Cycle,Full-time,4.3,N
DP12502,Santosh O,Bike,Full-time,4.37,Y
DP05378,Deepak V,Car,Contract,3.71,Y
DP02721,Deepak O,Bike,Part-time,4.1,Y
DP13798,Sneha S,Scooter,Full-time,4.19,Y
DP01393,Pooja U,Scooter,Part-time,4.21,Y
DP13990,Priya C,Bike,Part-time,4.36,Y
DP02184,Suresh I,Cycle,Part-time,4.35,Y
DP09320,Meena K,Scooter,Full-time,3.96,Y
DP10361,Ravi M,Cycle,Contract,4.5,N
DP10847,Sneha J,Bike,Full-time,4.23,Y
DP03429,Rakesh A,Cycle,Part-time,4.4,N
DP01865,Amit K,Bike,Part-time,4.26,Y
DP12251,Shreya J,Scooter,Part-time,4.46,Y
DP12912,Nikhil Y,Bike,Full-time,4.77,N
DP05646,Pooja A,Cycle,Full-time,4.86,N
DP02794,Pooja M,Bike,Part-time,4.41,Y
DP02464,Deepak W,Bike,Contract,4.21,N
DP11433,Santosh N,Scooter,Full-time,4.17,Y
DP07390,Ravi P,Bike,Full-time,4.26,Y
DP14540,Divya H,Bike,Contract,4.41,Y
DP08310,Meena L,Scooter,Full-time,4.39,Y
DP05686,Deepak S,Cycle,Contract,4.26,Y
DP14471,Deepak I,Bike,Contract,4.01,Y
DP00541,Suresh T,Scooter,Full-time,4.1,Y
DP03154,Divya G,Scooter,Part-time,4.33,Y
DP02307,Priya H,Bike,Full-time,4.1,N
DP01394,Santosh I,Bike,Full-time,4.1,Y
DP12437,Deepak T,Scooter,Part-time,4.62,Y
DP11143,Arjun K,Bike,Contract,4.09,Y
DP14900,Sneha X,Cycle,Contract,4.4,Y
DP04928,Ravi X,Car,Part-time,3.92,Y
DP02168,Priya G,Bike,Full-time,4.17,Y
DP08116,Meena J,Bike,Contract,4.44,Y
DP11573,Nikhil I,Scooter,Full-time,4.67,Y
DP01594,Priya H,Bike,Full-time,4.44,Y
DP06846,Suresh T,Scooter,Contract,4.45,Y
DP12364,Vikas O,Car,Contract,4.14,Y
DP00031,Ravi J,Scooter,Part-time,3.96,Y
DP11117,Nikhil A,Bike,Full-time,4.38,Y
DP04312,Santosh U,Scooter,Contract,4.17,Y
DP01963,Pooja V,Bike,Contract,3.8,Y
DP05209,Nikhil S,Scooter,Full-time,4.07,Y
DP02498,Manoj H,Bike,Full-time,4.27,Y
DP00432,Divya N,Cycle,Full-time,3.67,Y
DP04011,Kiran T,Bike,Full-time,4.55,Y
DP03622,Meena P,Bike,Part-time,3.82,Y
DP04059,Manoj G,Scooter,Contract,3.74,Y
DP03398,Ananya K,Bike,Part-time,4.28,Y
DP13626,Amit L,Bike,Contract,4.03,Y
DP04068,Neha R,Bike,Contract,4.36,Y
DP06215,Meena L,Scooter,Part-time,4.03,Y
DP02515,Divya A,Car,Part-time,4.35,Y
DP00776,Ravi T,Scooter,Contract,4.04,Y
DP05848,Vikas B,Scooter,Full-time,4.03,Y
DP08001,Divya D,Scooter,Contract,3.77,Y
DP10143,Deepak J,Bike,Contract,4.25,Y
DP08954,Pooja M,Cycle,Part-time,4.28,Y
DP10275,Neha F,Cycle,Full-time,4.35,Y
DP03288,Priya R,Bike,Full-time,4.26,Y
DP04586,Meena Z,Cycle,Contract,4.1,Y
DP02598,Santosh P,Bike,Contract,4.17,Y
DP06654,Manoj K,Scooter,Full-time,4.31,Y
DP09914,Nikhil A,Scooter,Contract,4.13,Y
DP07480,Pooja E,Bike,Full-time,3.75,Y
DP05021,Nikhil F,Scooter,Part-time,4.25,Y
DP04788,Meena C,Bike,Part-time,4.08,Y
DP03361,Nikhil O,Bike,Full-time,4.27,Y
DP06587,Santosh Z,Cycle,Full-time,4.31,Y
DP01479,Neha R,Car,Full-time,3.8,Y
DP10316,Rahul L,Scooter,Full-time,4.12,Y
DP00168,Deepak C,Scooter,Part-time,4.2,Y
DP02668,Priya D,Cycle,Full-time,3.94,Y
DP01361,Priya Q,Scooter,Part-time,4.29,Y
DP02043,Amit S,Bike,Part-time,4.23,Y
DP10129,Amit Z,Cycle,Full-time,4.17,Y
DP08423,Divya H,Scooter,Part-time,4.27,Y
DP07963,Amit H,Bike,Full-time,4.07,Y
DP03962,Vikas G,Bike,Full-time,3.98,Y
DP04244,Priya D,Scooter,Contract,3.71,Y
DP09447,Neha P,Scooter,Contract,4.29,Y
DP07539,Arjun W,Bike,Contract,3.73,Y
DP03474,Priya Q,Bike,Part-time,4.05,Y
DP09367,Ravi P,Bike,Full-time,4.46,Y
DP13842,Amit B,Bike,Part-time,3.89,Y
DP00002,Amit D,Cycle,Part-time,4.22,Y
DP12726,Ravi G,Scooter,Full-time,4.07,N
DP08957,Santosh P,Bike,Full-time,4.59,Y
DP00604,Amit I,Cycle,Full-time,3.88,Y
DP05492,Arjun V,Cycle,Contract,4.33,Y
DP02838,Ananya T,Bike,Full-time,3.72,Y
DP14509,Sneha W,Scooter,Part-time,4.53,Y
DP10686,Suresh P,Cycle,Full-time,4.5,N
DP10898,Deepak T,Scooter,Full-time,4.34,Y
DP03595,Ravi W,Bike,Full-time,4.28,Y
DP00274,Sneha A,Bike,Contract,4.6,Y
DP05164,Ravi W,Cycle,Full-time,4.09,Y
DP12795,Suresh Z,Car,Part-time,4.26,Y
DP11706,Santosh V,Scooter,Full-time,4.27,Y
DP05267,Shreya P,Scooter,Part-time,4.74,Y
DP13392,Kiran I,Scooter,Part-time,4.06,N
DP01314,Shreya A,Bike,Contract,3.62,Y
DP05473,Ananya V,Bike,Contract,4.05,Y
DP14878,Divya L,Scooter,Full-time,4.55,Y
DP11678,Deepak Y,Scooter,Full-time,3.86,Y
DP08741,Ravi A,Scooter,Part-time,4.08,Y
DP05677,Santosh L,Bike,Full-time,4.16,Y
DP11041,Suresh D,Bike,Full-time,3.99,Y
DP02129,Shreya H,Cycle,Full-time,4.66,N
DP06280,Neha O,Cycle,Part-time,4.09,Y
DP14195,Kiran W,Bike,Part-time,4.47,N
DP06620,Vikas Z,Bike,Full-time,4,Y
DP08178,Rakesh C,Bike,Contract,4.38,N
DP09385,Neha Y,Scooter,Part-time,4.37,Y
DP05770,Amit W,Bike,Full-time,4.46,N
DP12171,Divya H,Bike,Part-time,4.65,Y
DP13993,Manoj T,Bike,Full-time,4.41,Y
DP06244,Arjun T,Bike,Part-time,3.49,Y
DP03920,Ravi E,Bike,Contract,3.89,Y
DP03636,Arjun E,Cycle,Full-time,3.85,Y
DP10048,Santosh D,Cycle,Full-time,4.49,N
DP01583,Pooja K,Bike,Full-time,4.56,Y
DP13129,Manoj B,Cycle,Full-time,4.52,N
DP02875,Santosh H,Bike,Contract,4.24,Y
DP01257,Neha G,Car,Full-time,4.36,N
DP08510,Rakesh H,Scooter,Part-time,3.75,Y
DP02254,Rahul U,Bike,Contract,4.1,Y
DP00042,Ravi R,Scooter,Full-time,4.05,Y
DP11124,Ananya H,Bike,Part-time,4.44,Y
DP12770,Amit K,Bike,Full-time,3.85,Y
DP11165,Pooja C,Scooter,Contract,3.91,Y
DP04565,Meena H,Bike,Full-time,4.01,Y
DP10297,Arjun B,Scooter,Full-time,3.79,N
DP08061,Divya W,Scooter,Contract,4.09,Y
DP07752,Nikhil G,Bike,Full-time,4.37,Y
DP08366,Pooja G,Scooter,Contract,4.55,Y
DP13176,Vikas Y,Bike,Full-time,3.76,Y
DP07425,Neha A,Bike,Full-time,4.22,Y
DP10033,Neha Y,Scooter,Full-time,4.21,Y
DP00427,Santosh Z,Scooter,Full-time,4.32,Y
DP14812,Manoj E,Bike,Full-time,4.37,Y
DP13511,Nikhil B,Bike,Contract,4.27,Y
DP13928,Manoj Y,Scooter,Full-time,4.44,Y
DP00885,Kiran G,Cycle,Full-time,3.85,N
DP05530,Divya I,Scooter,Full-time,3.86,Y
DP14317,Neha I,Scooter,Full-time,4.37,Y
DP08561,Manoj A,Scooter,Part-time,3.99,Y
DP12775,Vikas T,Scooter,Part-time,4.61,Y
DP13546,Priya F,Car,Full-time,3.75,Y
DP01337,Ananya X,Scooter,Contract,4.14,Y
DP01427,Ravi T,Cycle,Part-time,4,Y
DP10128,Meena E,Scooter,Full-time,4.47,Y
DP03029,Arjun K,Bike,Contract,5,Y
DP01954,Santosh N,Bike,Part-time,4.6,Y
DP01098,Rakesh B,Car,Part-time,4.33,Y
DP07294,Rahul A,Scooter,Full-time,4.73,Y
DP08029,Manoj G,Bike,Full-time,3.91,Y
DP07369,Meena Z,Scooter,Contract,4.26,Y
DP02705,Ananya D,Car,Full-time,4.23,Y
DP06941,Ananya S,Bike,Part-time,4.38,Y
DP03160,Kiran X,Bike,Contract,3.95,Y
DP02270,Divya V,Scooter,Part-time,4.03,Y
DP09518,Arjun D,Car,Contract,3.5,Y
DP09742,Arjun X,Car,Part-time,4.21,Y
DP06965,Sneha R,Scooter,Part-time,4.6,Y
DP10364,Nikhil H,Scooter,Full-time,4.28,Y
DP09509,Ananya T,Scooter,Contract,4.47,Y
DP05564,Divya W,Bike,Contract,4.45,Y
DP05364,Suresh S,Scooter,Contract,3.92,Y
DP02121,Suresh Q,Scooter,Full-time,4,Y
DP05991,Suresh F,Scooter,Full-time,4.51,Y
DP10442,Shreya W,Bike,Part-time,4.59,Y
DP10978,Priya L,Bike,Full-time,4.19,Y
DP00697,Divya J,Bike,Full-time,4.42,Y
DP12841,Deepak A,Scooter,Full-time,4.02,Y
DP05126,Pooja S,Scooter,Full-time,3.87,Y
DP13963,Rakesh O,Scooter,Contract,4.01,Y
DP08774,Neha G,Cycle,Part-time,3.95,Y
DP10694,Rahul Y,Bike,Part-time,4.21,Y
DP01634,Suresh R,Bike,Full-time,4.19,Y
DP10339,Priya H,Cycle,Part-time,4.62,Y
DP06666,Ananya Q,Scooter,Full-time,4.09,Y
DP11128,Meena T,Bike,Full-time,4.1,Y
DP09111,Priya Z,Scooter,Part-time,4.37,Y
DP09967,Rakesh A,Bike,Full-time,4.12,Y
DP12980,Rahul U,Bike,Full-time,4.1,Y
DP11323,Sneha K,Bike,Full-time,4.64,Y
DP13468,Santosh T,Scooter,Part-time,4.48,Y
DP07053,Amit K,Scooter,Full-time,3.97,N
DP02303,Amit O,Scooter,Full-time,3.76,Y
DP12346,Meena R,Cycle,Full-time,4.25,Y
DP01614,Shreya N,Scooter,Part-time,4.89,Y
DP01222,Ananya J,Cycle,Full-time,3.61,Y
DP07528,Kiran H,Bike,Contract,4.14,Y
DP00374,Rahul B,Bike,Full-time,4.46,Y
DP12386,Vikas W,Bike,Part-time,3.83,N
DP02144,Manoj Y,Cycle,Full-time,3.94,Y
DP13722,Vikas J,Bike,Full-time,3.87,Y
DP07079,Santosh U,Bike,Full-time,3.9,N
DP11401,Divya H,Bike,Full-time,3.99,Y
DP09324,Rahul C,Scooter,Full-time,4.24,N
DP04566,Ananya C,Scooter,Part-time,4.18,Y
DP03839,Arjun H,Cycle,Full-time,4.56,Y
DP07554,Meena K,Bike,Part-time,3.82,N
DP09297,Amit R,Cycle,Full-time,4.02,Y
DP05291,Ananya R,Cycle,Contract,3.83,Y
DP08410,Amit P,Bike,Part-time,4.49,Y
DP05833,Sneha G,Cycle,Full-time,4.36,N
DP04581,Ananya R,Scooter,Full-time,4.05,Y
DP06991,Vikas Z,Bike,Full-time,4.51,Y
DP08551,Shreya M,Scooter,Contract,3.98,Y
DP14429,Vikas Q,Scooter,Full-time,3.97,Y
DP10167,Nikhil R,Bike,Full-time,4.76,Y
DP09547,Pooja V,Cycle,Part-time,3.92,Y
DP06047,Ananya H,Scooter,Full-time,4.34,Y
DP00377,Priya M,Scooter,Part-time,4.69,Y
DP08174,Manoj S,Scooter,Full-time,4.05,Y
DP04851,Kiran J,Scooter,Part-time,4.55,Y
DP10581,Ananya Y,Scooter,Full-time,3.55,Y
DP03690,Nikhil F,Bike,Part-time,4.47,Y
DP06631,Amit W,Bike,Part-time,4.69,Y
DP08901,Priya N,Cycle,Full-time,3.98,Y
DP07955,Deepak T,Scooter,Full-time,4.08,Y
DP04916,Ananya C,Car,Part-time,4.08,Y
DP03207,Ravi F,Scooter,Part-time,4.26,Y
DP05649,Manoj F,Car,Contract,4.49,Y
DP12693,Nikhil N,Cycle,Full-time,3.78,N
DP08678,Ravi J,Bike,Contract,4.45,Y
DP01550,Santosh L,Scooter,Full-time,4.33,Y
DP10232,Arjun A,Scooter,Full-time,4.16,Y
DP01704,Neha K,Car,Part-time,4.23,Y
DP14401,Kiran T,Scooter,Full-time,4.21,Y
DP08770,Divya A,Scooter,Full-time,4.3,Y
DP14170,Ravi X,Car,Full-time,4.24,Y
DP01696,Manoj S,Cycle,Full-time,3.8,Y
DP05850,Nikhil S,Scooter,Part-time,3.8,Y
DP08666,Suresh K,Cycle,Part-time,4.39,Y
DP09433,Meena F,Scooter,Part-time,4.1,Y
DP08098,Divya G,Scooter,Full-time,4.16,Y
DP12419,Ananya G,Bike,Full-time,4.72,Y
DP13637,Shreya D,Scooter,Full-time,3.88,Y
DP02210,Ananya R,Cycle,Part-time,4.09,Y
DP07526,Sneha Q,Scooter,Full-time,3.89,Y
DP13549,Santosh I,Scooter,Full-time,4.32,Y
DP00689,Manoj S,Bike,Part-time,3.73,Y
DP06271,Divya F,Bike,Full-time,4.19,Y
DP02088,Kiran C,Bike,Part-time,4.41,Y
DP07653,Arjun O,Bike,Part-time,3.94,Y
DP04942,Santosh S,Bike,Part-time,4.1,Y
DP13092,Shreya U,Scooter,Part-time,3.58,N
DP00285,Neha M,Bike,Full-time,4.45,Y
DP12794,Sneha L,Bike,Part-time,3.96,Y
DP05554,Rahul C,Scooter,Part-time,4.36,Y
DP10221,Ananya H,Scooter,Full-time,3.95,N
DP11020,Shreya Y,Scooter,Contract,3.96,Y
DP11233,Nikhil H,Scooter,Contract,4.36,Y
DP05379,Nikhil U,Bike,Contract,4.75,Y
DP08758,Arjun S,Scooter,Part-time,4.03,Y
DP02007,Neha H,Scooter,Part-time,3.28,N
DP13184,Priya F,Scooter,Full-time,4.1,Y
DP05959,Divya S,Car,Contract,4,Y
DP09201,Meena V,Scooter,Full-time,4.43,Y
DP01252,Amit V,Scooter,Full-time,4.27,Y
DP14152,Suresh J,Bike,Part-time,4.71,Y
DP00262,Shreya O,Bike,Part-time,4.08,N
DP03537,Rakesh I,Scooter,Full-time,4.13,N
DP12865,Ravi Y,Scooter,Full-time,4.06,N
DP01059,Nikhil Y,Cycle,Full-time,4.1,Y
DP06806,Shreya W,Scooter,Part-time,4.71,Y
DP12322,Kiran A,Cycle,Full-time,3.87,Y
DP02907,Shreya U,Cycle,Part-time,4.2,Y
DP07235,Amit Q,Car,Contract,3.87,Y
DP00749,Kiran V,Scooter,Part-time,4.23,Y
DP00217,Priya U,Scooter,Contract,4.27,Y
DP08852,Suresh C,Bike,Full-time,4.14,Y
DP02730,Ravi E,Bike,Part-time,3.71,Y
DP06557,Vikas I,Cycle,Full-time,3.77,N
DP09349,Manoj C,Scooter,Full-time,4.01,Y
DP13401,Ravi O,Scooter,Full-time,4.16,Y
DP13914,Kiran C,Scooter,Contract,4.64,Y
DP12079,Ravi T,Car,Full-time,4.08,Y
DP08598,Pooja D,Scooter,Full-time,3.99,Y
DP09716,Divya Z,Bike,Full-time,4.68,Y
DP14646,Pooja H,Bike,Full-time,3.96,Y
DP14989,Neha N,Car,Contract,4.35,Y
DP00071,Manoj Z,Scooter,Part-time,4.56,Y
DP07453,Sneha C,Scooter,Contract,3.63,Y
DP12170,Neha T,Car,Part-time,3.98,Y
DP06536,Kiran Q,Car,Full-time,4.5,Y
DP05359,Meena W,Scooter,Full-time,4.26,Y
DP10387,Vikas R,Scooter,Part-time,4.45,Y
DP05149,Ravi S,Scooter,Part-time,4.26,Y
DP07089,Ananya F,Scooter,Part-time,4.41,Y
DP08211,Sneha B,Scooter,Full-time,4.55,Y
DP14604,Kiran F,Bike,Contract,3.91,Y
DP09977,Vikas Q,Cycle,Part-time,4.28,Y
DP05629,Meena L,Cycle,Contract,3.95,Y
DP02472,Ravi N,Bike,Full-time,4.78,Y
DP07118,Vikas K,Scooter,Part-time,3.96,Y
DP02293,Amit L,Scooter,Contract,4.97,Y
DP14847,Shreya I,Scooter,Full-time,4.31,Y
DP05453,Rakesh M,Car,Part-time,4.13,Y
DP01182,Ananya Z,Cycle,Part-time,3.97,Y
DP02509,Meena U,Scooter,Full-time,4.22,N
DP06819,Santosh K,Cycle,Part-time,3.6,Y
DP00257,Rakesh N,Cycle,Full-time,4.05,Y
DP01273,Sneha J,Cycle,Part-time,3.9,N
DP05138,Santosh R,Bike,Part-time,4.34,Y
DP00714,Nikhil C,Scooter,Full-time,4.27,Y
DP06859,Manoj X,Scooter,Full-time,4.68,Y
DP01219,Arjun A,Scooter,Full-time,4.86,Y
DP12491,Divya Z,Cycle,Part-time,3.57,N
DP06576,Manoj F,Bike,Part-time,3.88,Y
DP01653,Priya E,Scooter,Full-time,4.21,Y
DP12800,Sneha A,Bike,Full-time,3.91,Y
DP12763,Divya F,Scooter,Part-time,4.68,Y
DP09778,Ravi O,Bike,Part-time,3.49,Y
DP06217,Neha X,Bike,Part-time,3.6,N
DP07789,Ravi G,Scooter,Part-time,4.47,N
DP06794,Rahul S,Car,Full-time,4.2,Y
DP12741,Priya N,Scooter,Contract,4.52,Y
DP13031,Neha P,Cycle,Full-time,4.24,Y
DP11819,Pooja D,Bike,Contract,4.09,Y
DP03597,Arjun C,Scooter,Full-time,3.87,Y
DP08034,Amit N,Bike,Part-time,4.07,Y
DP06957,Divya X,Bike,Full-time,4.34,Y
DP02127,Nikhil W,Scooter,Full-time,4.29,Y
DP00548,Ananya N,Cycle,Full-time,4.29,N
DP08126,Manoj Z,Bike,Full-time,4.31,Y
DP03868,Ananya I,Bike,Full-time,4.3,Y
DP04388,Nikhil E,Cycle,Full-time,4.06,Y
DP00496,Nikhil F,Cycle,Part-time,4.8,Y
DP07680,Amit E,Scooter,Contract,3.97,Y
DP14948,Ananya A,Bike,Full-time,4.42,Y
DP00618,Ravi P,Bike,Part-time,4.45,Y
DP13780,Ananya W,Scooter,Part-time,4.2,Y
DP08041,Ananya D,Car,Full-time,4.22,Y
DP01492,Arjun K,Cycle,Part-time,4.01,N
DP08395,Ananya J,Scooter,Contract,3.61,Y
DP09768,Rakesh X,Scooter,Full-time,4.76,Y
DP11000,Amit T,Bike,Full-time,4.38,Y
DP12894,Arjun U,Bike,Full-time,4.9,Y
DP00976,Ananya K,Scooter,Part-time,4.35,Y
DP11895,Rakesh V,Scooter,Part-time,3.81,Y
DP00767,Arjun B,Bike,Full-time,3.97,Y
DP02622,Amit H,Scooter,Full-time,4.01,Y
DP05143,Shreya B,Bike,Part-time,4.4,Y
DP10609,Kiran C,Bike,Part-time,4.26,Y
DP13069,Amit P,Bike,Part-time,4.09,Y
DP00639,Amit C,Bike,Contract,4.41,Y
DP05427,Suresh L,Scooter,Part-time,4.79,Y
DP06917,Nikhil E,Cycle,Part-time,4.91,Y
DP04842,Manoj L,Scooter,Full-time,4.77,Y
DP00996,Sneha J,Bike,Full-time,3.97,Y
DP14856,Rakesh J,Cycle,Contract,3.91,Y
DP06584,Rahul Z,Scooter,Full-time,4.19,Y
DP11469,Rahul K,Scooter,Full-time,4.09,Y
DP12469,Vikas N,Scooter,Contract,4.28,N
DP03488,Deepak S,Scooter,Full-time,3.79,Y
DP11403,Neha V,Scooter,Full-time,4.49,Y
DP08906,Nikhil B,Car,Contract,4.08,Y
DP08677,Amit T,Bike,Part-time,3.87,Y
DP08968,Vikas Y,Scooter,Part-time,4.23,Y
DP10750,Rakesh Y,Bike,Full-time,4.55,Y
DP11903,Manoj P,Bike,Part-time,4.2,Y
DP02607,Rahul S,Cycle,Full-time,4.07,N
DP14954,Amit N,Bike,Part-time,4.62,Y
DP03706,Amit F,Bike,Full-time,4.61,Y
DP03747,Amit M,Bike,Contract,4.38,Y
DP07791,Santosh K,Bike,Full-time,4.02,Y
DP11177,Divya P,Scooter,Full-time,3.69,Y
DP11274,Sneha J,Bike,Part-time,4.35,Y
DP05000,Suresh H,Cycle,Full-time,4.76,N
DP01354,Nikhil T,Bike,Contract,4.06,Y
DP12212,Deepak T,Car,Contract,4.03,N
DP05602,Vikas X,Scooter,Full-time,4.53,Y
DP01502,Rahul G,Bike,Full-time,4.16,Y
DP12499,Vikas W,Cycle,Full-time,4.27,Y
DP01794,Neha F,Scooter,Full-time,4.53,Y
DP00366,Manoj R,Scooter,Part-time,4.15,Y
DP13737,Ravi J,Scooter,Part-time,4.05,Y
DP04356,Rakesh T,Bike,Contract,4.18,N
DP14206,Pooja B,Bike,Contract,4.31,Y
DP11289,Shreya Y,Bike,Part-time,4.33,Y
DP12127,Deepak T,Bike,Full-time,4.77,Y
DP13690,Pooja W,Scooter,Full-time,4.17,Y
DP13984,Suresh E,Cycle,Part-time,3.95,Y
DP07946,Ravi T,Cycle,Full-time,4.09,Y
DP02706,Shreya E,Cycle,Contract,4.41,Y
DP05407,Santosh O,Cycle,Full-time,3.74,Y
DP08698,Santosh B,Bike,Part-time,4.23,Y
DP00904,Rakesh T,Scooter,Full-time,3.89,N
DP09573,Meena V,Scooter,Part-time,4.44,Y
DP09355,Arjun X,Scooter,Full-time,4.66,Y
DP02327,Rahul P,Scooter,Part-time,4.35,Y
DP12718,Divya I,Scooter,Contract,4.27,Y
DP08260,Nikhil F,Bike,Part-time,4.11,Y
DP06393,Santosh P,Scooter,Part-time,4.09,Y
DP14873,Sneha F,Scooter,Full-time,3.67,Y
DP10460,Arjun F,Bike,Full-time,4.16,Y
DP07251,Kiran U,Scooter,Full-time,3.71,Y
DP13431,Arjun A,Scooter,Part-time,4.55,Y
DP00447,Ravi Y,Car,Full-time,4.09,N
DP03252,Nikhil L,Scooter,Full-time,4.2,N
DP10873,Manoj D,Scooter,Full-time,3.86,Y
DP00040,Kiran J,Scooter,Part-time,4.28,Y
DP08658,Amit Y,Cycle,Full-time,3.7,Y
DP05893,Meena K,Bike,Full-time,3.98,Y
DP09343,Nikhil I,Scooter,Part-time,4.28,Y
DP08019,Ananya S,Bike,Contract,4.37,Y
DP07357,Neha Z,Scooter,Full-time,4.01,Y
DP02484,Priya Q,Bike,Contract,4.84,Y
DP13543,Meena Z,Scooter,Part-time,4.5,N
DP08308,Vikas T,Car,Contract,4.15,Y
DP10104,Neha Q,Bike,Part-time,3.26,Y
DP06775,Ravi Z,Cycle,Part-time,4.14,Y
DP05946,Kiran C,Bike,Part-time,4.49,Y
DP07081,Pooja U,Bike,Part-time,4.28,N
DP08888,Arjun T,Car,Full-time,4.56,Y
DP13937,Shreya S,Bike,Part-time,4.31,Y
DP13230,Kiran L,Bike,Full-time,4.26,Y
DP04295,Vikas G,Scooter,Full-time,4.01,Y
DP02662,Priya R,Scooter,Contract,3.83,N
DP11879,Kiran T,Scooter,Part-time,4.35,Y
DP02288,Suresh Y,Bike,Full-time,3.9,Y
DP03602,Santosh W,Cycle,Part-time,4.31,N
DP04543,Sneha J,Scooter,Part-time,4.02,Y
DP08782,Sneha O,Scooter,Full-time,3.5,Y
DP02960,Divya E,Bike,Contract,4.25,Y
DP00030,Amit V,Bike,Contract,3.98,Y
DP02328,Divya X,Bike,Full-time,3.96,Y
DP03163,Deepak X,Bike,Part-time,3.97,Y
DP07993,Ravi O,Scooter,Full-time,4.11,Y
DP14354,Vikas K,Scooter,Part-time,3.98,Y
DP04663,Ananya D,Bike,Full-time,3.8,Y
DP12531,Divya N,Scooter,Full-time,3.78,Y
DP09287,Sneha Z,Scooter,Full-time,4.32,Y
DP08470,Neha T,Bike,Part-time,4.47,Y
DP14226,Ravi R,Scooter,Full-time,3.91,Y
DP09897,Divya U,Scooter,Full-time,4.69,Y
DP11078,Deepak B,Scooter,Contract,4.68,N
DP13899,Deepak M,Cycle,Contract,4.09,Y
DP03940,Rakesh W,Scooter,Full-time,3.74,Y
DP04366,Nikhil K,Scooter,Full-time,4.09,Y
DP04951,Manoj H,Bike,Part-time,4.11,Y
DP13170,Ravi D,Scooter,Full-time,4.32,Y
DP03492,Shreya U,Scooter,Part-time,4.43,Y
DP01313,Ananya Z,Scooter,Full-time,3.79,Y
DP13089,Rahul I,Car,Contract,3.97,Y
DP10841,Kiran D,Cycle,Full-time,4.08,Y
DP14139,Neha W,Bike,Part-time,4.36,Y
DP09868,Kiran N,Bike,Full-time,4.79,Y
DP07977,Pooja V,Bike,Full-time,4.23,Y
DP07420,Meena I,Bike,Full-time,4.11,Y
DP13052,Suresh E,Scooter,Part-time,3.94,Y
DP06373,Sneha B,Scooter,Full-time,4.99,Y
DP11053,Rahul M,Scooter,Full-time,4.34,Y
DP10343,Amit L,Bike,Contract,4.15,Y
DP04259,Ananya U,Cycle,Part-time,4.47,Y
DP14361,Rahul K,Scooter,Full-time,4.17,Y
DP09143,Santosh C,Scooter,Contract,3.89,Y
DP08484,Meena K,Bike,Part-time,4.5,N
DP02858,Ananya T,Bike,Contract,4.03,Y
DP14600,Ravi D,Bike,Full-time,3.69,Y
DP05856,Neha B,Scooter,Full-time,4.2,Y
DP03717,Manoj G,Bike,Full-time,4.4,Y
DP13581,Manoj P,Scooter,Full-time,4.69,Y
DP02060,Divya A,Bike,Contract,4.05,Y
DP02273,Shreya O,Scooter,Full-time,4.27,Y
DP13669,Sneha F,Bike,Full-time,4.71,Y
DP13551,Priya Y,Scooter,Part-time,3.93,Y
DP03881,Santosh L,Car,Full-time,4.22,Y
DP14620,Manoj Q,Cycle,Contract,4.34,Y
DP11720,Rahul G,Bike,Part-time,4.04,Y
DP00833,Divya Q,Scooter,Full-time,4.06,Y
DP08745,Shreya J,Scooter,Contract,4.51,N
DP13590,Deepak H,Scooter,Part-time,3.71,Y
DP12516,Shreya E,Cycle,Part-time,3.85,Y
DP14981,Ananya T,Cycle,Part-time,4.52,Y
DP13293,Rahul N,Bike,Full-time,3.78,Y
DP12004,Kiran B,Cycle,Full-time,3.91,Y
DP09556,Sneha L,Cycle,Part-time,4.05,N
DP02250,Kiran G,Bike,Part-time,4.4,Y
DP03379,Sneha L,Scooter,Full-time,4.45,Y
DP00402,Ravi W,Bike,Full-time,4.22,Y
DP08084,Kiran T,Bike,Contract,3.97,Y
DP11491,Ravi B,Bike,Contract,4.04,Y
DP10578,Ravi T,Scooter,Full-time,4.16,Y
DP05295,Arjun I,Bike,Part-time,4,Y
DP03533,Deepak C,Bike,Full-time,4.64,Y
DP07288,Neha Q,Scooter,Contract,4.35,Y
DP05999,Amit C,Scooter,Part-time,3.75,Y
DP01121,Rakesh X,Cycle,Full-time,4.26,Y
DP02309,Rakesh A,Bike,Full-time,3.77,Y
DP08217,Priya T,Scooter,Full-time,4.21,Y
DP01315,Divya H,Bike,Full-time,4.46,Y
DP05535,Vikas R,Bike,Contract,4.34,Y
DP07866,Arjun Z,Scooter,Full-time,4.49,N
DP04604,Pooja T,Scooter,Part-time,3.83,Y
DP10946,Ravi U,Bike,Full-time,4.49,Y
DP04595,Kiran P,Scooter,Full-time,4.49,N
DP02755,Santosh U,Bike,Full-time,3.93,Y
DP10914,Meena H,Bike,Part-time,3.55,Y
DP10224,Suresh Y,Scooter,Full-time,4.1,Y
DP06792,Rakesh R,Scooter,Full-time,4.17,Y
DP11730,Deepak T,Scooter,Part-time,4.01,Y
DP14993,Amit Q,Bike,Full-time,4.02,Y
DP03867,Vikas H,Scooter,Full-time,4.38,Y
DP10347,Divya D,Car,Contract,4.33,N
DP02092,Rahul H,Bike,Part-time,4.22,Y
DP07161,Nikhil N,Bike,Full-time,3.86,Y
DP07229,Kiran E,Car,Contract,3.86,Y
DP09115,Vikas Z,Bike,Contract,4.72,Y
DP10335,Amit D,Bike,Contract,4.42,Y
DP12046,Shreya T,Scooter,Part-time,4.3,N
DP12237,Rahul C,Bike,Part-time,4.59,N
DP01037,Amit S,Scooter,Full-time,3.81,Y
DP04304,Amit F,Scooter,Full-time,3.96,Y
DP11109,Santosh A,Cycle,Full-time,4.43,N
DP10564,Rahul F,Bike,Full-time,4.62,Y
DP03206,Rakesh L,Scooter,Part-time,3.86,Y
DP02975,Santosh I,Scooter,Full-time,4.07,Y
DP06119,Vikas U,Scooter,Part-time,4.22,Y
DP14378,Arjun M,Bike,Part-time,4.71,Y
DP02427,Amit M,Bike,Full-time,4.14,Y
DP10223,Suresh D,Bike,Full-time,4.45,Y
DP09902,Sneha O,Bike,Part-time,4.29,Y
DP01169,Deepak X,Scooter,Part-time,4,N
DP00023,Santosh D,Cycle,Full-time,4.47,Y
DP07505,Vikas R,Cycle,Part-time,4.11,Y
DP00188,Priya J,Scooter,Full-time,4.92,Y
DP07793,Deepak Z,Bike,Contract,3.8,Y
DP08545,Vikas N,Scooter,Full-time,3.81,Y
DP12735,Shreya D,Scooter,Part-time,4.03,Y
DP05916,Deepak T,Scooter,Full-time,4.52,Y
DP00519,Ravi Q,Bike,Full-time,3.9,Y
DP03307,Shreya L,Bike,Full-time,4.09,Y
DP10811,Rahul M,Bike,Part-time,4.48,Y
DP04521,Nikhil V,Bike,Full-time,3.88,Y
DP07190,Shreya E,Bike,Full-time,3.91,Y
DP01389,Ananya A,Scooter,Part-time,4.31,Y
DP09032,Neha L,Scooter,Full-time,4.27,Y
DP14249,Rakesh Z,Bike,Full-time,4.13,Y
DP02749,Sneha N,Cycle,Part-time,3.65,Y
DP01011,Sneha S,Bike,Full-time,4.29,Y
DP08238,Rakesh U,Scooter,Full-time,4.38,Y
DP02987,Ravi L,Bike,Full-time,3.88,Y
DP07473,Manoj F,Cycle,Contract,4.24,Y
DP03320,Ravi A,Scooter,Part-time,4.22,Y
DP12247,Rakesh U,Scooter,Part-time,4.49,Y
DP05592,Santosh X,Cycle,Full-time,4.37,Y
DP07011,Vikas C,Cycle,Full-time,4.07,Y
DP05926,Sneha N,Scooter,Full-time,3.84,Y
DP02655,Vikas T,Scooter,Full-time,3.91,N
DP08038,Manoj R,Scooter,Full-time,4.57,Y
DP09372,Meena O,Bike,Full-time,4.38,Y
DP03715,Manoj E,Bike,Full-time,3.87,Y
DP13504,Deepak U,Bike,Full-time,3.98,Y
DP04147,Manoj O,Scooter,Contract,4.62,Y
DP07195,Kiran K,Bike,Full-time,4.14,Y
DP06380,Priya J,Cycle,Contract,4.45,Y
DP11314,Ravi S,Scooter,Part-time,4.26,Y
DP13111,Suresh Z,Scooter,Part-time,4.36,Y
DP08835,Ravi V,Bike,Full-time,4.7,Y
DP04599,Pooja E,Cycle,Part-time,4.44,N
DP03383,Rahul A,Bike,Part-time,4.12,Y
DP09188,Arjun N,Bike,Full-time,4.58,Y
DP03498,Shreya X,Scooter,Full-time,3.9,Y
DP11207,Manoj V,Scooter,Part-time,3.87,Y
DP01903,Suresh X,Bike,Full-time,4.11,Y
DP09646,Suresh P,Bike,Part-time,3.99,Y
DP00615,Sneha R,Bike,Full-time,4.31,Y
DP04342,Shreya F,Bike,Full-time,4.16,Y
DP02071,Pooja J,Bike,Full-time,3.98,Y
DP11774,Meena Q,Cycle,Full-time,4.75,Y
DP11921,Priya P,Scooter,Contract,4.72,Y
DP12920,Rahul Q,Bike,Full-time,4.4,Y
DP00740,Meena L,Bike,Full-time,4.21,Y
DP05717,Divya I,Scooter,Full-time,4.35,Y
DP10307,Santosh I,Bike,Full-time,4.14,Y
DP02465,Meena M,Scooter,Full-time,4.52,N
DP01958,Shreya U,Scooter,Full-time,4.18,Y
DP10490,Ananya V,Scooter,Full-time,4.09,Y
DP07193,Ravi L,Scooter,Contract,4.69,Y
DP06793,Shreya N,Bike,Full-time,4.4,Y
DP02809,Neha E,Scooter,Contract,4.3,Y
DP09505,Rakesh E,Car,Full-time,3.98,Y
DP06878,Divya L,Scooter,Part-time,4.96,Y
DP04640,Deepak V,Bike,Full-time,4,Y
DP11703,Vikas F,Bike,Full-time,4.63,Y
DP09871,Ravi O,Scooter,Contract,4.38,Y
DP04844,Meena O,Scooter,Full-time,3.72,Y
DP12729,Amit T,Cycle,Full-time,4.25,Y
DP04038,Deepak E,Car,Full-time,4.5,Y
DP11359,Rahul S,Bike,Full-time,4.34,Y
DP02841,Neha V,Cycle,Full-time,4.1,Y
DP14588,Deepak R,Scooter,Part-time,4.38,Y
DP09194,Ravi E,Bike,Full-time,4.35,Y
DP14095,Deepak C,Bike,Full-time,4.27,Y
DP14607,Pooja Y,Cycle,Part-time,4.2,Y
DP07518,Ravi A,Scooter,Contract,3.71,Y
DP03458,Deepak K,Scooter,Part-time,4.07,Y
DP07041,Rahul C,Bike,Contract,4.33,Y
DP13503,Kiran G,Scooter,Full-time,3.96,Y
DP07947,Meena K,Bike,Full-time,4.21,Y
DP07666,Ananya P,Scooter,Part-time,4.34,Y
DP07563,Deepak C,Scooter,Full-time,4.15,Y
DP14882,Ravi L,Cycle,Full-time,4.16,Y
DP09864,Neha U,Car,Full-time,4.85,N
DP03110,Deepak I,Cycle,Full-time,3.66,Y
DP11587,Santosh F,Bike,Full-time,4.15,Y
DP14486,Vikas U,Scooter,Full-time,4.76,Y
DP06937,Rakesh F,Bike,Full-time,4.58,Y
DP09991,Rahul W,Cycle,Part-time,4.41,N
DP08010,Amit W,Cycle,Full-time,4.15,Y
DP02967,Sneha V,Bike,Part-time,3.91,Y
DP13908,Priya E,Scooter,Full-time,4.68,N
DP13844,Arjun X,Scooter,Full-time,3.75,Y
DP14530,Rahul A,Cycle,Full-time,3.85,Y
DP11285,Santosh B,Scooter,Part-time,3.76,Y
DP10463,Vikas K,Scooter,Part-time,4.05,Y
DP04396,Arjun C,Bike,Full-time,4.31,N
DP12985,Arjun V,Bike,Part-time,3.92,Y
DP00786,Vikas B,Scooter,Full-time,3.72,N
DP13616,Pooja S,Scooter,Part-time,4.63,Y
DP09055,Shreya Q,Scooter,Full-time,5,N
DP07392,Pooja Q,Scooter,Part-time,3.98,Y
DP14512,Ravi D,Scooter,Full-time,4.66,Y
DP02341,Rahul K,Bike,Full-time,4.32,Y
DP00292,Shreya H,Scooter,Part-time,4.69,N
DP14728,Ravi C,Scooter,Part-time,4.58,Y
DP04689,Ananya W,Scooter,Contract,3.57,N
DP00355,Vikas U,Car,Full-time,3.8,N
DP14178,Pooja C,Scooter,Part-time,4.55,Y
DP00961,Sneha S,Scooter,Full-time,4.07,Y
DP10179,Rakesh O,Cycle,Part-time,3.61,Y
DP03521,Sneha C,Bike,Full-time,4.5,Y
DP01126,Amit N,Scooter,Part-time,4.29,Y
DP08588,Kiran K,Bike,Full-time,4.41,Y
DP12034,Meena Q,Cycle,Part-time,3.93,N
DP14087,Deepak L,Cycle,Part-time,4.85,Y
DP11725,Amit K,Bike,Contract,3.93,Y
DP08253,Rakesh T,Scooter,Full-time,3.97,Y
DP02443,Shreya G,Scooter,Full-time,4.51,N
DP12644,Nikhil R,Scooter,Part-time,4.69,Y
DP01472,Vikas X,Scooter,Part-time,4.89,Y
DP12335,Priya W,Cycle,Part-time,4.4,Y
DP09758,Neha M,Bike,Full-time,4.48,Y
DP05030,Sneha X,Cycle,Contract,4.27,Y
DP02361,Meena Q,Bike,Part-time,4.02,Y
DP01358,Priya E,Cycle,Full-time,4.29,Y
DP08333,Arjun A,Scooter,Full-time,3.52,Y
DP08914,Ravi C,Bike,Contract,3.97,Y
DP10613,Rakesh O,Bike,Contract,3.86,Y
DP11147,Divya U,Bike,Part-time,3.81,Y
DP06912,Divya I,Bike,Part-time,4.6,Y
DP10890,Priya K,Bike,Full-time,4.31,N
DP10509,Suresh N,Scooter,Full-time,4.6,N
DP05334,Rahul E,Scooter,Full-time,4.1,Y
DP02931,Rahul D,Cycle,Full-time,4.12,Y
DP07386,Pooja I,Car,Full-time,3.71,Y
DP12300,Kiran F,Scooter,Part-time,4.74,Y
DP13819,Neha N,Bike,Full-time,4.25,Y
DP01228,Rahul Y,Scooter,Contract,4.07,Y
DP11539,Ravi Y,Bike,Full-time,4.29,N
DP13941,Arjun Q,Bike,Full-time,4.46,N
DP14733,Kiran Y,Bike,Full-time,3.68,Y
DP07466,Vikas K,Bike,Full-time,4.15,Y
DP14155,Divya S,Scooter,Contract,4.39,Y
DP12581,Suresh T,Car,Part-time,5,Y
DP13628,Divya W,Scooter,Full-time,3.76,Y
DP04284,Neha V,Bike,Part-time,4.85,Y
DP12012,Meena K,Bike,Full-time,3.74,Y
DP00015,Ananya N,Bike,Full-time,4.62,Y
DP14521,Suresh E,Bike,Full-time,4.18,Y
DP05639,Deepak M,Scooter,Full-time,3.76,N
DP04722,Nikhil C,Scooter,Full-time,4.36,N
DP07119,Manoj W,Scooter,Part-time,4.18,Y
DP12719,Shreya Z,Cycle,Contract,4.33,Y
DP12150,Kiran L,Scooter,Full-time,4.03,Y
DP07844,Arjun W,Bike,Full-time,4.19,Y
DP02608,Amit L,Scooter,Part-time,4.14,Y
DP04044,Pooja T,Bike,Full-time,3.97,Y
DP02648,Vikas J,Bike,Contract,4.35,Y
DP14412,Shreya G,Bike,Part-time,3.92,Y
DP02008,Vikas D,Bike,Full-time,3.82,Y
DP01518,Neha O,Bike,Full-time,3.91,Y
DP06029,Arjun O,Bike,Full-time,4.41,Y
DP03044,Kiran G,Scooter,Contract,3.81,Y
DP13978,Divya U,Bike,Part-time,4.15,Y
DP03876,Arjun S,Scooter,Contract,4.23,Y
DP01380,Shreya R,Scooter,Full-time,4.72,Y
DP07141,Suresh R,Scooter,Full-time,3.82,Y
DP00539,Pooja Z,Bike,Contract,4.2,Y
DP08071,Ravi P,Scooter,Contract,4.33,Y
DP13199,Ravi R,Car,Full-time,4.4,Y
DP07028,Sneha G,Cycle,Full-time,4.01,Y
DP05827,Amit R,Bike,Part-time,4.1,Y
DP02412,Nikhil Q,Bike,Contract,3.91,Y
DP04517,Vikas U,Bike,Contract,4.22,Y
DP05299,Priya S,Bike,Part-time,4.25,Y
DP05370,Sneha Y,Bike,Contract,4.59,Y
DP09616,Sneha V,Cycle,Full-time,4.23,Y
DP02172,Suresh W,Bike,Full-time,3.85,Y
DP10095,Ananya I,Car,Full-time,3.76,N
DP11702,Rakesh G,Scooter,Part-time,4.31,Y
DP10493,Arjun O,Scooter,Full-time,4.8,Y
DP07368,Divya Y,Bike,Contract,4.28,Y
DP06572,Sneha A,Cycle,Part-time,4.53,N
DP05767,Ananya Y,Cycle,Full-time,3.83,Y
DP11554,Vikas J,Cycle,Contract,4.51,Y
DP09308,Vikas B,Scooter,Full-time,4.04,Y
DP04444,Nikhil J,Cycle,Full-time,3.78,Y
DP10427,Ravi J,Scooter,Part-time,4.23,Y
DP14261,Shreya H,Cycle,Full-time,4.21,Y
DP05286,Arjun X,Bike,Part-time,4.17,Y
DP05472,Manoj J,Scooter,Part-time,4.19,Y
DP02255,Priya C,Cycle,Part-time,4.11,Y
DP08659,Meena J,Scooter,Full-time,3.95,Y
DP00133,Priya F,Scooter,Part-time,3.98,Y
DP05873,Divya P,Bike,Full-time,4.27,Y
DP08447,Kiran D,Bike,Part-time,4.27,Y
DP13297,Priya G,Scooter,Full-time,4.2,N
DP06305,Ananya F,Scooter,Part-time,4.4,Y
DP01332,Deepak N,Scooter,Contract,4.3,Y
DP10834,Meena Q,Cycle,Full-time,3.93,Y
DP12076,Ravi B,Bike,Part-time,3.71,Y
DP07567,Neha Z,Scooter,Full-time,4.43,Y
DP06362,Ravi W,Bike,Full-time,3.73,N
DP05396,Amit Y,Bike,Part-time,4.23,Y
DP01810,Vikas B,Bike,Full-time,3.95,Y
DP14562,Nikhil A,Bike,Full-time,4.5,N
DP02233,Rahul Y,Car,Full-time,3.88,Y
DP10152,Divya P,Car,Part-time,3.83,Y
DP02091,Meena M,Bike,Part-time,4.55,Y
DP00143,Divya X,Car,Part-time,4.26,Y
DP11681,Vikas M,Scooter,Part-time,3.93,Y
DP07105,Manoj W,Bike,Contract,4.07,Y
DP07346,Manoj Y,Car,Full-time,3.95,Y
DP09965,Rakesh B,Scooter,Full-time,4.36,Y
DP09835,Ravi N,Bike,Part-time,4.48,Y
DP07630,Divya X,Bike,Part-time,4.18,Y
DP03685,Vikas S,Scooter,Part-time,4.51,Y
DP09999,Amit J,Scooter,Contract,3.95,Y
DP03226,Nikhil V,Bike,Full-time,3.8,Y
DP03970,Sneha Q,Scooter,Full-time,3.91,Y
DP08306,Divya H,Scooter,Full-time,4.12,N
DP08428,Vikas O,Bike,Full-time,4.77,Y
DP01688,Ananya M,Scooter,Full-time,4.35,Y
DP00231,Neha N,Scooter,Part-time,4.3,Y
DP03319,Meena K,Scooter,Contract,4.06,Y
DP13853,Pooja D,Bike,Full-time,4.25,Y
DP03295,Shreya A,Bike,Part-time,4.23,Y
DP07523,Priya U,Scooter,Full-time,4.26,Y
DP00534,Vikas Y,Scooter,Contract,3.62,Y
DP07640,Manoj Q,Bike,Full-time,3.61,Y
DP05089,Deepak B,Scooter,Part-time,4.24,Y
DP09517,Arjun H,Cycle,Part-time,4.44,N
DP11355,Amit D,Cycle,Full-time,4.57,Y
DP00349,Rakesh F,Bike,Full-time,3.77,Y
DP06441,Suresh I,Scooter,Full-time,4.32,N
DP12466,Deepak O,Bike,Part-time,4.47,Y
DP10976,Sneha N,Bike,Full-time,4.65,Y
DP01049,Ananya Z,Bike,Contract,4.14,Y
DP06416,Sneha R,Cycle,Full-time,4.36,Y
DP12294,Arjun S,Cycle,Full-time,4.63,Y
DP11950,Divya O,Bike,Full-time,4.4,Y
DP09298,Ananya D,Bike,Full-time,4.83,Y
DP01129,Neha J,Bike,Part-time,4.59,N
DP05217,Ananya R,Scooter,Contract,4.36,N
DP02319,Rakesh P,Car,Full-time,4.27,Y
DP13876,Divya C,Scooter,Full-time,3.43,Y
DP07990,Priya O,Cycle,Full-time,3.77,Y
DP07726,Meena T,Scooter,Contract,4.08,Y
DP11308,Pooja E,Bike,Full-time,4.04,Y
DP03323,Rahul P,Scooter,Part-time,4.81,N
DP13035,Nikhil C,Bike,Part-time,4.5,Y
DP12107,Deepak C,Scooter,Contract,4.33,Y
DP06795,Kiran Z,Scooter,Contract,4.2,Y
DP07961,Arjun H,Bike,Contract,4.5,Y
DP02771,Arjun V,Scooter,Contract,4.28,Y
DP10754,Priya S,Cycle,Part-time,3.74,Y
DP01818,Ravi E,Scooter,Contract,3.6,Y
DP10668,Kiran I,Bike,Part-time,4,Y
DP05121,Arjun V,Bike,Contract,4.33,Y
DP14957,Deepak A,Cycle,Full-time,4.24,Y
DP10165,Suresh Y,Bike,Contract,4.22,Y
DP10296,Ananya B,Scooter,Contract,4.03,Y
DP10911,Vikas B,Bike,Full-time,4.21,Y
DP08955,Santosh Y,Cycle,Contract,4.14,Y
DP00921,Deepak H,Bike,Part-time,3.76,Y
DP11305,Meena X,Bike,Contract,4.28,Y
DP03714,Pooja A,Bike,Contract,3.97,Y
DP09906,Ravi Z,Scooter,Contract,4.41,N
DP14120,Shreya Q,Car,Part-time,4.02,Y
DP03799,Vikas A,Cycle,Part-time,4.25,Y
DP05219,Ananya D,Scooter,Contract,3.91,Y
DP10345,Suresh H,Scooter,Full-time,3.88,Y
DP06471,Kiran Z,Bike,Full-time,4.37,N
DP02630,Priya O,Bike,Part-time,4.62,N
DP06227,Santosh U,Cycle,Part-time,4.31,Y
DP05120,Kiran P,Bike,Part-time,3.93,Y
DP11297,Divya D,Scooter,Full-time,4.36,Y
DP07276,Shreya J,Scooter,Full-time,4.35,Y
DP12463,Meena C,Scooter,Full-time,4.29,Y
DP03439,Sneha X,Scooter,Full-time,4.35,Y
DP11410,Nikhil V,Cycle,Contract,4.07,Y
DP02589,Ravi T,Cycle,Part-time,4.48,N
DP03256,Nikhil B,Bike,Part-time,4.95,Y
DP09539,Suresh Q,Scooter,Full-time,4.61,Y
DP07725,Priya E,Bike,Contract,4.26,Y
DP08566,Kiran J,Bike,Full-time,3.61,Y
DP01950,Deepak F,Scooter,Contract,4.37,Y
DP02339,Amit F,Bike,Full-time,4.23,Y
DP04145,Shreya W,Scooter,Full-time,4.79,Y
DP00077,Kiran E,Cycle,Full-time,3.81,Y
DP02690,Neha B,Scooter,Part-time,4.21,Y
DP04917,Santosh C,Bike,Full-time,4.38,Y
DP03251,Vikas H,Scooter,Full-time,4.42,Y
DP07477,Divya P,Bike,Full-time,3.79,N
DP11944,Santosh H,Cycle,Full-time,3.89,N
DP09654,Meena H,Cycle,Contract,4.19,Y
DP13299,Neha P,Bike,Part-time,4.6,Y
DP00815,Rahul F,Bike,Part-time,4.24,Y
DP01178,Santosh T,Bike,Full-time,4.04,Y
DP01700,Pooja T,Scooter,Contract,4.45,Y
DP11325,Suresh Z,Cycle,Contract,3.88,Y
DP07108,Nikhil F,Scooter,Part-time,4.58,Y
DP04541,Kiran N,Scooter,Full-time,4.49,Y
DP06358,Arjun J,Cycle,Full-time,3.58,Y
DP07308,Kiran P,Bike,Full-time,4.15,Y
DP01557,Deepak F,Scooter,Full-time,4.27,Y
DP13319,Rahul B,Bike,Part-time,4.15,Y
DP13265,Vikas G,Cycle,Full-time,3.73,Y
DP09598,Ananya P,Bike,Full-time,4.11,Y
DP10197,Pooja K,Scooter,Contract,3.69,Y
DP12947,Neha Y,Bike,Full-time,4.42,Y
DP00111,Nikhil H,Scooter,Full-time,3.83,Y
DP14546,Manoj P,Scooter,Full-time,3.88,Y
DP14199,Shreya D,Cycle,Full-time,4.22,Y
DP09335,Manoj B,Car,Part-time,4.62,Y
DP12145,Shreya X,Scooter,Full-time,4.7,Y
DP04972,Manoj Z,Scooter,Full-time,3.84,Y
DP00942,Rakesh D,Bike,Full-time,3.83,Y
DP04637,Shreya E,Bike,Part-time,4.06,Y
DP05220,Amit U,Scooter,Full-time,4.62,Y
DP10511,Kiran S,Cycle,Full-time,4.07,Y
DP12473,Priya Q,Scooter,Part-time,4.45,Y
DP04392,Nikhil T,Scooter,Part-time,4.54,Y
DP07579,Neha W,Scooter,Part-time,4.09,Y
DP12926,Sneha L,Bike,Part-time,3.97,Y
DP02610,Neha R,Scooter,Part-time,4.27,Y
DP06459,Sneha N,Bike,Full-time,4.44,Y
DP07615,Neha B,Scooter,Full-time,4.29,N
DP10333,Neha C,Scooter,Part-time,4.28,Y
DP09953,Suresh R,Bike,Full-time,4.46,Y
DP08685,Divya I,Scooter,Full-time,4.82,Y
DP11065,Deepak K,Scooter,Full-time,4.01,N
DP11085,Vikas B,Scooter,Full-time,4.05,Y
DP03750,Ravi R,Bike,Full-time,3.97,N
DP07020,Priya J,Cycle,Full-time,3.99,Y
DP07123,Rakesh B,Bike,Part-time,4.79,Y
DP13682,Arjun J,Scooter,Contract,4.41,Y
DP09246,Meena B,Bike,Part-time,3.81,Y
DP09003,Santosh D,Scooter,Full-time,3.89,Y
DP07293,Meena J,Cycle,Full-time,4.44,Y
DP00928,Rahul A,Cycle,Full-time,4.29,Y
DP11876,Sneha P,Bike,Part-time,4.09,Y
DP04027,Ananya Q,Scooter,Contract,3.71,Y
DP11148,Nikhil G,Bike,Part-time,3.88,Y
DP12317,Pooja Q,Bike,Part-time,4.87,N
DP07106,Suresh Y,Scooter,Full-time,4.29,Y
DP02864,Santosh W,Bike,Full-time,3.65,N
DP10065,Vikas B,Bike,Part-time,3.87,Y
DP06676,Ravi G,Cycle,Full-time,4.39,Y
DP13931,Kiran V,Bike,Contract,4.1,Y
DP02325,Priya S,Scooter,Full-time,4.54,Y
DP03992,Neha H,Bike,Part-time,3.67,Y
DP14759,Manoj V,Bike,Contract,4.39,Y
DP12757,Shreya H,Scooter,Full-time,3.89,Y
DP03558,Sneha G,Bike,Full-time,4.03,Y
DP14886,Santosh K,Cycle,Full-time,3.89,Y
DP02108,Nikhil Q,Scooter,Part-time,4.49,Y
DP04538,Sneha M,Scooter,Part-time,3.54,N
DP05146,Divya H,Bike,Part-time,4.03,Y
DP08869,Rakesh M,Cycle,Full-time,4.23,N
DP09582,Meena Q,Scooter,Full-time,3.76,Y
DP13792,Suresh J,Cycle,Contract,3.99,Y
DP08249,Neha X,Cycle,Part-time,4.96,Y
DP11619,Ananya T,Bike,Full-time,4.69,Y
DP06148,Kiran Y,Cycle,Full-time,4.09,N
DP05113,Santosh N,Bike,Full-time,4.18,Y
DP13666,Suresh N,Scooter,Part-time,3.89,Y
DP08352,Divya R,Bike,Part-time,4.06,Y
DP00718,Priya S,Cycle,Full-time,4.47,Y
DP06829,Priya L,Scooter,Full-time,4.12,Y
DP09638,Divya V,Scooter,Full-time,3.45,Y
DP00055,Meena X,Cycle,Part-time,4.1,Y
DP14162,Rahul V,Cycle,Full-time,4.5,Y
DP07055,Manoj W,Scooter,Full-time,3.87,Y
DP01232,Suresh L,Scooter,Full-time,4.23,Y
DP08623,Nikhil L,Cycle,Part-time,3.72,N
DP07299,Pooja G,Scooter,Full-time,4.33,N
DP05211,Suresh B,Scooter,Full-time,3.96,Y
DP04858,Priya T,Bike,Contract,4.56,Y
DP01943,Meena Z,Bike,Contract,4.31,Y
DP12836,Amit P,Bike,Full-time,4.33,Y
DP02027,Shreya X,Scooter,Full-time,4.52,Y
DP06644,Nikhil M,Scooter,Part-time,4.17,Y
DP07448,Divya W,Bike,Full-time,4.19,Y
DP02272,Pooja B,Bike,Part-time,4.2,Y
DP12039,Rahul M,Scooter,Full-time,4.16,Y
DP04805,Ravi I,Car,Full-time,3.97,Y
DP02186,Neha X,Bike,Full-time,4.15,Y
DP04293,Vikas T,Scooter,Full-time,4.08,Y
DP04507,Shreya X,Scooter,Contract,4.33,Y
DP09702,Deepak W,Scooter,Full-time,3.87,Y
DP14475,Sneha Q,Scooter,Contract,4.04,Y
DP09649,Kiran F,Scooter,Full-time,4.03,Y
DP01860,Santosh V,Bike,Part-time,4.68,Y
DP03592,Ananya S,Scooter,Full-time,4.43,Y
DP11939,Amit L,Scooter,Part-time,3.89,Y
DP00456,Ananya F,Bike,Full-time,4.16,Y
DP06496,Pooja N,Bike,Contract,4.38,Y
DP11432,Deepak J,Scooter,Part-time,4.07,Y
DP04490,Rahul I,Bike,Full-time,4.52,Y
DP11980,Ravi S,Scooter,Part-time,4.07,Y
DP10329,Arjun X,Car,Part-time,4,N
DP04977,Priya O,Cycle,Full-time,4.35,Y
DP01458,Sneha F,Scooter,Full-time,3.72,Y
DP12510,Shreya J,Bike,Part-time,3.82,Y
DP12592,Santosh J,Car,Part-time,3.94,Y
DP11050,Ananya A,Bike,Full-time,3.61,Y
DP10116,Rahul J,Bike,Full-time,4.19,Y
DP07940,Priya R,Bike,Contract,4.1,Y
DP12008,Pooja L,Bike,Part-time,4.47,Y
DP14116,Sneha S,Bike,Full-time,4.6,Y
DP12649,Deepak R,Bike,Part-time,4.59,N
DP11813,Deepak P,Bike,Full-time,4.15,Y
DP11345,Vikas F,Scooter,Full-time,4.38,Y
DP02360,Nikhil L,Bike,Part-time,4.17,Y
DP00858,Ravi D,Bike,Part-time,4.11,Y
DP00182,Shreya A,Bike,Full-time,4.1,Y
DP08569,Deepak X,Bike,Full-time,4.15,Y
DP02101,Santosh J,Bike,Part-time,4.22,Y
DP08601,Santosh L,Scooter,Part-time,3.99,Y
DP04542,Ravi L,Scooter,Full-time,4.1,Y
DP14238,Ananya N,Bike,Full-time,4.16,Y
DP03953,Suresh F,Scooter,Full-time,3.8,Y
DP04660,Arjun A,Cycle,Contract,3.93,Y
DP11321,Santosh M,Car,Contract,4.36,Y
DP14706,Deepak O,Scooter,Part-time,3.88,Y
DP08210,Divya Z,Scooter,Full-time,4.11,Y
DP14384,Suresh O,Bike,Part-time,4.31,Y
DP09802,Amit I,Cycle,Full-time,3.94,Y
DP00426,Arjun W,Bike,Contract,4.35,N
DP01798,Kiran X,Scooter,Full-time,4.29,Y
DP11105,Rakesh B,Bike,Full-time,3.88,Y
DP07821,Shreya B,Bike,Full-time,3.99,Y
DP10735,Rakesh J,Bike,Full-time,4.09,Y
DP14172,Neha Q,Scooter,Full-time,4.69,N
DP06757,Kiran Q,Scooter,Part-time,4.5,Y
DP13756,Shreya P,Scooter,Full-time,4.26,Y
DP11227,Manoj O,Bike,Part-time,4.33,Y
DP03098,Deepak V,Scooter,Full-time,3.85,Y
DP03271,Meena N,Scooter,Part-time,4.56,Y
DP07340,Ananya L,Cycle,Full-time,4.02,Y
DP00267,Santosh N,Scooter,Full-time,4.01,Y
DP11993,Divya D,Scooter,Full-time,4.72,N
DP01998,Arjun X,Scooter,Part-time,4.19,N
DP05489,Divya H,Scooter,Full-time,4.02,Y
DP01726,Meena K,Scooter,Full-time,3.82,Y
DP07696,Amit N,Scooter,Full-time,4.25,Y
DP07226,Pooja R,Scooter,Part-time,4.03,Y
DP04836,Sneha G,Bike,Full-time,4.24,Y
DP10247,Santosh L,Scooter,Contract,4.83,Y
DP12815,Rakesh P,Bike,Full-time,3.93,Y
DP02220,Amit N,Bike,Full-time,3.53,Y
DP03816,Rakesh A,Car,Part-time,4.03,Y
DP13811,Manoj I,Scooter,Full-time,4.06,Y
DP06039,Meena I,Scooter,Part-time,3.51,Y
DP01573,Meena S,Scooter,Full-time,4.76,Y
DP11756,Santosh G,Bike,Full-time,4.44,Y
DP10322,Sneha G,Cycle,Full-time,4.27,Y
DP03082,Rahul K,Scooter,Full-time,4.19,N
DP03873,Rakesh N,Bike,Full-time,3.82,Y
DP03425,Rahul M,Car,Part-time,3.9,Y
DP04296,Meena L,Cycle,Part-time,4.53,Y
DP06036,Rakesh P,Bike,Full-time,4.2,Y
DP06551,Arjun R,Scooter,Part-time,3.78,Y
DP00179,Ravi I,Scooter,Full-time,4.15,Y
DP07393,Ravi G,Cycle,Full-time,4.66,Y
DP00543,Pooja V,Scooter,Full-time,3.84,Y
DP13373,Divya W,Scooter,Part-time,4.38,Y
DP02519,Suresh I,Scooter,Part-time,4.36,Y
DP10209,Nikhil F,Bike,Full-time,4.3,Y
DP14508,Priya O,Bike,Full-time,4.35,Y
DP05165,Manoj Q,Scooter,Part-time,4.59,Y
DP12566,Santosh B,Bike,Full-time,4.43,Y
DP03392,Santosh B,Cycle,Full-time,4.52,Y
DP04106,Pooja H,Scooter,Full-time,4.04,Y
DP08590,Priya E,Scooter,Full-time,4.38,Y
DP11200,Sneha A,Bike,Part-time,4.59,Y
DP03172,Kiran A,Bike,Contract,4.37,N
DP06556,Rahul D,Scooter,Full-time,4.2,N
DP04763,Shreya P,Cycle,Contract,3.89,Y
DP06139,Arjun K,Bike,Part-time,4.31,Y
DP05015,Meena B,Bike,Full-time,3.84,Y
DP06391,Arjun P,Cycle,Contract,4.7,Y
DP09951,Kiran R,Cycle,Contract,4.32,Y
DP01684,Rahul H,Scooter,Full-time,3.98,Y
DP10970,Meena C,Scooter,Full-time,4.22,Y
DP03024,Pooja B,Scooter,Part-time,4.13,Y
DP06947,Shreya A,Cycle,Part-time,4.43,Y
DP09336,Sneha E,Scooter,Full-time,4,Y
DP09585,Pooja C,Cycle,Full-time,4.01,Y
DP07247,Ananya Z,Car,Full-time,3.83,Y
DP04341,Pooja O,Bike,Part-time,3.75,Y
DP08330,Sneha Q,Scooter,Full-time,4.36,Y
DP05834,Priya H,Bike,Full-time,4.45,Y
DP10144,Kiran I,Cycle,Full-time,4.56,Y
DP11133,Kiran E,Scooter,Full-time,4.3,Y
DP05963,Neha X,Car,Full-time,3.99,Y
DP14393,Deepak R,Scooter,Part-time,3.97,Y
DP14739,Suresh H,Scooter,Full-time,3.78,Y
DP10360,Amit T,Scooter,Part-time,4.31,N
DP02263,Divya Z,Bike,Full-time,4.27,Y
DP09536,Rahul L,Bike,Full-time,4.41,Y
DP13574,Shreya U,Bike,Full-time,4.35,N
DP08618,Deepak E,Bike,Full-time,3.95,N
DP07852,Nikhil J,Bike,Part-time,4.02,Y
DP07649,Priya A,Bike,Full-time,3.73,Y
DP04013,Rakesh B,Scooter,Part-time,4.66,Y
DP05304,Amit T,Scooter,Full-time,3.92,Y
DP07560,Rakesh D,Scooter,Full-time,3.83,Y
DP02107,Ananya S,Bike,Full-time,4.39,Y
DP12186,Priya K,Bike,Full-time,3.92,Y
DP01760,Amit I,Bike,Part-time,4.5,Y
DP04925,Ravi D,Cycle,Part-time,4.36,Y
DP10748,Manoj S,Bike,Part-time,4.17,Y
DP14718,Nikhil G,Scooter,Full-time,4.21,Y
DP10733,Suresh R,Scooter,Full-time,4.14,Y
DP12614,Arjun D,Bike,Contract,4,Y
DP07016,Pooja A,Bike,Full-time,4.04,N
DP01197,Rakesh R,Scooter,Full-time,4.13,Y
DP06389,Ravi W,Cycle,Full-time,4.27,Y
DP00446,Manoj V,Cycle,Full-time,4.13,Y
DP02155,Vikas M,Cycle,Full-time,4.08,Y
DP06067,Meena S,Cycle,Part-time,4.29,Y
DP10348,Neha V,Bike,Full-time,4.06,Y
DP07642,Meena N,Cycle,Full-time,4.17,Y
DP10350,Arjun O,Bike,Full-time,4.56,Y
DP08633,Neha C,Scooter,Part-time,4.62,Y
DP14373,Pooja C,Bike,Full-time,4.09,N
DP11604,Arjun B,Bike,Part-time,4.04,Y
DP07677,Ananya S,Car,Full-time,4.55,Y
DP02376,Vikas G,Bike,Part-time,4.23,Y
DP14757,Amit J,Bike,Full-time,3.91,Y
DP09713,Meena U,Bike,Contract,4.48,Y
DP11657,Suresh C,Scooter,Full-time,3.92,Y
DP01554,Arjun D,Bike,Part-time,4.08,Y
DP10487,Suresh K,Scooter,Contract,4.45,Y
DP09806,Ananya I,Scooter,Full-time,3.78,Y
DP04249,Amit Q,Scooter,Contract,4.11,Y
DP09416,Nikhil Y,Cycle,Contract,4.22,Y
DP01838,Kiran B,Scooter,Contract,4.54,Y
DP09284,Pooja S,Bike,Full-time,4.42,N
DP12203,Ananya O,Cycle,Part-time,4.61,Y
DP11125,Kiran K,Bike,Contract,4.29,Y
DP00960,Priya Q,Cycle,Full-time,3.93,Y
DP09047,Meena U,Bike,Part-time,3.88,Y
DP04891,Meena W,Scooter,Part-time,4.1,Y
DP01038,Santosh H,Bike,Full-time,3.97,Y
DP11375,Deepak S,Scooter,Full-time,4.1,N
DP03734,Divya P,Scooter,Full-time,3.92,Y
DP07268,Priya Z,Bike,Part-time,3.59,Y
DP05874,Kiran I,Scooter,Contract,4.26,N
DP03943,Santosh E,Cycle,Part-time,3.6,Y
DP10146,Pooja G,Scooter,Part-time,4.07,Y
DP12242,Ananya W,Bike,Full-time,4.05,Y
DP08648,Suresh A,Cycle,Full-time,4.34,Y
DP09091,Deepak K,Bike,Part-time,4.88,Y
DP04177,Meena S,Scooter,Part-time,4.14,Y
DP05915,Suresh W,Scooter,Full-time,4.38,Y
DP04073,Arjun F,Scooter,Part-time,4.15,Y
DP04985,Divya N,Car,Part-time,4.14,Y
DP06875,Vikas F,Scooter,Full-time,4.05,Y
DP09844,Deepak C,Scooter,Full-time,4.52,Y
DP09710,Kiran H,Scooter,Full-time,4.56,Y
DP14481,Manoj K,Bike,Part-time,4.1,Y
DP11360,Deepak R,Scooter,Contract,4.21,Y
DP02381,Meena C,Scooter,Full-time,4.49,Y
DP10590,Ravi C,Scooter,Full-time,3.7,N
DP04449,Santosh Y,Scooter,Full-time,3.91,Y
DP12740,Vikas G,Scooter,Full-time,4.01,Y
DP00013,Neha G,Scooter,Full-time,4.42,Y
DP00744,Deepak V,Cycle,Part-time,4.23,Y
DP01663,Sneha Q,Scooter,Full-time,4.42,Y
DP01645,Rakesh K,Bike,Contract,4.44,N
DP06423,Manoj R,Bike,Part-time,4.57,Y
DP04704,Manoj W,Bike,Full-time,3.95,Y
DP05607,Sneha A,Bike,Part-time,4.13,Y
DP08907,Neha H,Bike,Full-time,3.92,Y
DP10346,Pooja X,Cycle,Full-time,4.2,Y
DP07962,Arjun K,Scooter,Contract,4.23,Y
DP00805,Priya N,Car,Full-time,3.83,N
DP07170,Santosh O,Car,Full-time,4.42,Y
DP14200,Neha T,Scooter,Full-time,4.14,Y
DP00484,Divya C,Bike,Full-time,4.11,Y
DP00296,Pooja E,Bike,Full-time,4.15,Y
DP00224,Rahul T,Scooter,Full-time,4.26,Y
DP13692,Nikhil A,Bike,Full-time,3.6,N
DP10500,Rahul F,Bike,Full-time,4.64,Y
DP07610,Suresh Z,Cycle,Contract,4.08,Y
DP09083,Nikhil F,Scooter,Contract,4.23,Y
DP08138,Deepak T,Cycle,Full-time,4.37,N
DP06161,Arjun A,Scooter,Part-time,4.42,Y
DP08515,Divya F,Bike,Part-time,4.09,Y
DP11156,Divya Z,Cycle,Full-time,4.34,Y
DP00177,Vikas O,Scooter,Full-time,3.93,Y
DP13272,Deepak M,Scooter,Part-time,4.42,Y
DP01403,Manoj Z,Scooter,Full-time,4.58,Y
DP02109,Rahul O,Scooter,Full-time,3.5,Y
DP09234,Ananya I,Cycle,Part-time,4.03,Y
DP04885,Ananya W,Bike,Contract,4.36,Y
DP05957,Shreya J,Scooter,Part-time,3.89,Y
DP11978,Arjun F,Scooter,Full-time,4.41,Y
DP05140,Rakesh C,Bike,Part-time,4.49,Y
DP07632,Rakesh D,Bike,Contract,4.31,Y
DP03072,Sneha S,Scooter,Contract,3.92,Y
DP11343,Arjun C,Bike,Contract,4.39,Y
DP01156,Pooja V,Bike,Full-time,3.94,Y
DP07243,Santosh D,Bike,Contract,4.73,Y
DP08692,Kiran G,Cycle,Full-time,4.44,Y
DP04798,Divya C,Cycle,Contract,4.23,Y
DP07046,Ravi I,Scooter,Full-time,4.36,Y
DP10060,Suresh T,Car,Full-time,4.06,N
DP05970,Manoj Z,Scooter,Full-time,4.85,Y
DP12882,Ananya L,Cycle,Full-time,4.09,Y
DP13142,Kiran Y,Bike,Part-time,4.44,Y
DP10005,Priya C,Bike,Full-time,4.42,Y
DP08425,Manoj Z,Bike,Full-time,4.57,Y
DP06183,Santosh Q,Cycle,Full-time,4.08,Y
DP02177,Pooja G,Scooter,Full-time,4.25,Y
DP14505,Rahul R,Scooter,Full-time,4.31,Y
DP09256,Rahul K,Bike,Part-time,4.1,Y
DP01377,Sneha W,Bike,Part-time,4.63,Y
DP03829,Neha H,Scooter,Full-time,4.7,Y
DP09243,Pooja M,Scooter,Contract,3.92,Y
DP08180,Nikhil B,Bike,Full-time,3.92,Y
DP11575,Ravi D,Cycle,Contract,4.11,Y
DP13276,Pooja R,Cycle,Part-time,3.73,Y
DP01786,Divya O,Bike,Part-time,4.28,Y
DP12564,Kiran Y,Cycle,Full-time,3.84,Y
DP14623,Vikas P,Scooter,Part-time,4.33,Y
DP12047,Amit W,Cycle,Part-time,4.47,Y
DP00481,Pooja C,Bike,Contract,4.25,Y
DP01360,Priya C,Bike,Part-time,3.95,Y
DP11470,Ravi J,Scooter,Part-time,4.21,Y
DP06064,Vikas L,Cycle,Contract,3.96,Y
DP01668,Divya Y,Cycle,Full-time,4.71,Y
DP13801,Sneha Z,Bike,Full-time,3.79,N
DP14065,Suresh F,Bike,Full-time,4.37,Y
DP11377,Nikhil M,Scooter,Contract,3.54,Y
DP07758,Divya H,Cycle,Part-time,4.25,N
DP13458,Ravi X,Car,Full-time,4.46,Y
DP08086,Santosh B,Bike,Full-time,4.07,Y
DP03372,Amit G,Scooter,Full-time,4.1,Y
DP02883,Suresh B,Bike,Contract,3.73,Y
DP10541,Nikhil A,Bike,Contract,4.06,Y
DP09641,Pooja D,Scooter,Full-time,4.01,Y
DP08039,Meena I,Cycle,Full-time,4.15,Y
DP14001,Suresh I,Bike,Full-time,4.34,Y
DP11661,Arjun D,Bike,Full-time,4.49,Y
DP08474,Kiran M,Scooter,Full-time,3.82,Y
DP11843,Rakesh Y,Bike,Part-time,4.59,Y
DP00994,Sneha A,Scooter,Contract,4.29,Y
DP10589,Shreya V,Cycle,Part-time,4.07,Y
DP14935,Amit M,Scooter,Full-time,4.18,Y
DP10665,Rakesh M,Bike,Full-time,4.52,Y
DP14497,Priya M,Scooter,Full-time,4.49,N
DP01789,Neha H,Bike,Full-time,4.41,Y
DP12924,Ravi N,Scooter,Full-time,4.1,Y
DP13550,Santosh K,Scooter,Full-time,3.98,N
DP01790,Rahul D,Scooter,Part-time,4.12,N
DP00238,Suresh J,Scooter,Full-time,4.18,Y
DP02207,Kiran H,Scooter,Contract,4.45,N
DP04163,Neha G,Bike,Part-time,4.24,Y
DP01907,Manoj N,Scooter,Contract,4.04,Y
DP00131,Priya D,Scooter,Full-time,4.21,Y
DP09804,Divya H,Cycle,Contract,4.36,Y
DP12968,Neha I,Car,Contract,4.04,Y
DP05082,Rahul G,Cycle,Part-time,3.67,Y
DP05496,Ananya T,Car,Full-time,4.44,Y
DP10728,Vikas B,Cycle,Full-time,4.18,Y
DP13834,Rakesh O,Bike,Part-time,4.04,Y
DP04914,Nikhil H,Bike,Contract,4.25,Y
DP07996,Deepak R,Scooter,Part-time,4.07,Y
DP12153,Arjun T,Scooter,Part-time,4.28,Y
DP03509,Vikas G,Scooter,Part-time,4.13,Y
DP09599,Deepak Q,Scooter,Part-time,4.38,Y
DP05204,Rahul Q,Cycle,Full-time,4.23,Y
DP00253,Nikhil Y,Bike,Full-time,4.04,Y
DP06770,Arjun L,Bike,Full-time,4.45,Y
DP00894,Neha M,Bike,Part-time,3.71,Y
DP01251,Arjun L,Scooter,Part-time,4.13,Y
DP02384,Kiran T,Scooter,Part-time,4.23,Y
DP05070,Suresh J,Bike,Part-time,4.44,Y
DP03626,Priya O,Scooter,Full-time,4.32,Y
DP04667,Suresh I,Scooter,Full-time,4.03,N
DP02946,Suresh X,Scooter,Part-time,4.73,Y
DP00553,Neha W,Scooter,Part-time,4.39,Y
DP09562,Divya Y,Scooter,Part-time,4.29,Y
DP11600,Neha I,Bike,Full-time,4.23,Y
DP14596,Suresh L,Scooter,Full-time,4.17,Y
DP11738,Neha A,Cycle,Full-time,4.07,Y
DP02872,Kiran I,Scooter,Full-time,4.07,Y
DP02086,Vikas S,Bike,Part-time,4.14,Y
DP03243,Priya W,Cycle,Part-time,4.59,Y
DP08192,Nikhil F,Cycle,Full-time,4.01,Y
DP06825,Nikhil M,Bike,Part-time,4.19,Y
DP10211,Vikas R,Scooter,Part-time,4.01,N
DP12288,Kiran Z,Bike,Contract,4.06,Y
DP12873,Santosh F,Bike,Part-time,4.43,Y
DP04720,Kiran K,Car,Full-time,4.03,Y
DP06869,Rakesh D,Scooter,Part-time,4.13,N
DP10872,Priya Q,Bike,Part-time,4.19,Y
DP06982,Ananya L,Cycle,Part-time,4.11,Y
DP01177,Vikas C,Cycle,Part-time,4.09,Y
DP13310,Priya T,Car,Full-time,4.41,N
DP10486,Nikhil Q,Bike,Full-time,4.19,Y
DP13661,Deepak C,Cycle,Contract,4.12,Y
DP05183,Sneha B,Bike,Full-time,4.05,Y
DP01679,Amit Z,Bike,Full-time,4.56,Y
DP08801,Pooja K,Scooter,Part-time,4.18,Y
DP07652,Kiran H,Scooter,Full-time,3.98,Y
DP07849,Ravi F,Bike,Part-time,3.89,Y
DP10712,Neha R,Bike,Part-time,4.03,N
DP09809,Arjun H,Scooter,Full-time,4.53,N
DP09280,Neha R,Scooter,Full-time,4.14,Y
DP14686,Amit M,Bike,Part-time,4.47,N
DP02930,Rahul S,Scooter,Contract,4.06,Y
DP06192,Ravi B,Scooter,Full-time,4.63,Y
DP10156,Rakesh M,Scooter,Full-time,4.06,Y
DP06634,Arjun F,Bike,Part-time,4.79,Y
DP09093,Ananya X,Cycle,Full-time,4.84,Y
DP03281,Santosh S,Cycle,Full-time,4,Y
DP14783,Santosh M,Scooter,Full-time,3.99,Y
DP13286,Ravi Q,Scooter,Full-time,4.11,Y
DP08460,Vikas S,Bike,Contract,3.86,Y
DP08627,Divya Y,Bike,Part-time,4.62,Y
DP10112,Pooja Q,Scooter,Part-time,4.18,Y
DP08490,Vikas R,Cycle,Part-time,4.19,Y
DP01247,Deepak N,Bike,Full-time,4.1,Y
DP10575,Pooja Q,Scooter,Full-time,4.37,N
DP12257,Manoj V,Scooter,Part-time,4.29,Y
DP05339,Arjun A,Scooter,Full-time,4.46,Y
DP10117,Amit B,Car,Full-time,4.51,Y
DP13173,Santosh F,Bike,Full-time,4.64,Y
DP02028,Neha V,Bike,Contract,4.21,Y
DP12843,Shreya X,Scooter,Contract,4.17,Y
DP02314,Suresh X,Scooter,Part-time,4.15,Y
DP02969,Priya J,Scooter,Part-time,4.7,Y
DP05895,Kiran N,Scooter,Contract,4.3,Y
DP04634,Shreya U,Cycle,Contract,4.21,Y
DP09761,Kiran B,Scooter,Part-time,4.51,Y
DP06906,Manoj J,Bike,Contract,4.27,Y
DP09554,Ravi N,Bike,Full-time,4.23,Y
DP06746,Amit W,Bike,Full-time,4.15,Y
DP13138,Pooja T,Bike,Full-time,3.98,N
DP05190,Pooja M,Bike,Contract,3.72,Y
DP07279,Sneha H,Scooter,Full-time,4.25,Y
DP08501,Kiran F,Scooter,Contract,4.18,Y
DP06642,Shreya C,Bike,Part-time,3.72,Y
DP01264,Nikhil K,Bike,Contract,4.06,Y
DP12302,Manoj U,Scooter,Part-time,3.97,Y
DP03259,Pooja M,Scooter,Full-time,4.4,Y
DP08995,Nikhil K,Bike,Full-time,3.94,Y
DP05585,Vikas T,Scooter,Full-time,4.39,Y
DP10392,Suresh C,Bike,Full-time,4.4,Y
DP04724,Priya B,Bike,Part-time,4.82,Y
DP02151,Santosh Y,Car,Part-time,3.54,Y
DP04471,Shreya C,Bike,Full-time,4.6,Y
DP00866,Rakesh N,Scooter,Part-time,4.41,Y
DP01779,Rahul M,Bike,Full-time,4.21,N
DP06772,Amit G,Cycle,Full-time,4,Y
DP14225,Amit V,Scooter,Contract,4.21,Y
DP10678,Nikhil R,Scooter,Contract,3.72,N
DP02926,Suresh I,Bike,Part-time,4.53,Y
DP13603,Manoj W,Scooter,Full-time,3.91,Y
DP12074,Ananya S,Scooter,Full-time,3.94,Y
DP11481,Sneha F,Bike,Part-time,4.35,N
DP00370,Arjun T,Bike,Part-time,4.42,Y
DP14156,Manoj P,Cycle,Contract,4.35,N
DP13577,Santosh I,Bike,Part-time,3.93,Y
DP08750,Rahul K,Scooter,Full-time,4.45,Y
DP14688,Pooja U,Bike,Full-time,4.42,Y
DP09656,Suresh I,Bike,Full-time,3.99,Y
DP14821,Rahul K,Bike,Full-time,3.79,Y
DP10336,Vikas K,Scooter,Full-time,4.06,Y
DP06334,Meena K,Bike,Full-time,4.43,Y
DP09394,Meena J,Scooter,Full-time,4.03,Y
DP07416,Amit T,Scooter,Part-time,4.46,Y
DP04282,Rahul T,Scooter,Full-time,4.2,Y
DP01509,Vikas F,Bike,Contract,4.06,Y
DP12684,Rahul G,Bike,Full-time,4.49,Y
DP01908,Sneha D,Scooter,Full-time,4.26,N
DP08682,Deepak B,Scooter,Part-time,4.32,Y
DP01564,Shreya R,Scooter,Full-time,3.91,Y
DP02446,Suresh B,Bike,Full-time,4.07,Y
DP10961,Santosh R,Scooter,Full-time,4.56,Y
DP14498,Santosh X,Scooter,Contract,4.36,Y
DP01086,Ravi N,Bike,Full-time,3.92,Y
DP02474,Sneha P,Bike,Part-time,4.77,Y
DP07256,Ananya B,Bike,Full-time,4.07,Y
DP01956,Sneha D,Bike,Contract,4.81,Y
DP05347,Nikhil D,Bike,Part-time,4.28,Y
DP08291,Vikas M,Scooter,Full-time,4.44,Y
DP14242,Kiran K,Scooter,Full-time,4.04,Y
DP13911,Divya W,Scooter,Full-time,4.56,Y
DP10355,Divya N,Cycle,Contract,4.18,Y
DP13508,Ravi J,Cycle,Part-time,3.79,Y
DP10624,Ananya X,Scooter,Part-time,4.12,Y
DP01715,Suresh F,Bike,Full-time,3.72,N
DP03980,Priya W,Cycle,Contract,4.73,Y
DP10159,Pooja J,Scooter,Part-time,3.99,Y
DP08065,Sneha M,Scooter,Full-time,4.07,Y
DP11765,Neha C,Scooter,Part-time,4.01,Y
DP09765,Arjun N,Bike,Full-time,4.06,N
DP09717,Suresh S,Scooter,Part-time,4.31,Y
DP06714,Kiran B,Cycle,Full-time,4.43,N
DP11985,Shreya V,Scooter,Full-time,4.24,Y
DP05824,Shreya A,Bike,Part-time,3.8,Y
DP01538,Ananya G,Bike,Full-time,4.38,N
DP14835,Neha W,Bike,Part-time,4.16,Y
DP05137,Pooja Q,Cycle,Part-time,3.73,Y
DP13814,Sneha N,Scooter,Part-time,3.97,Y
DP11151,Ravi V,Bike,Contract,4.33,Y
DP01365,Arjun Q,Bike,Contract,4.16,Y
DP10082,Pooja F,Bike,Full-time,3.52,Y
DP09183,Priya D,Bike,Full-time,3.88,Y
DP09311,Ravi B,Bike,Full-time,3.53,N
DP13403,Neha O,Bike,Contract,3.66,Y
DP07120,Divya U,Scooter,Full-time,3.68,Y
DP00987,Arjun O,Scooter,Contract,4.77,Y
DP05889,Vikas H,Cycle,Part-time,4.16,N
DP10394,Neha I,Scooter,Part-time,4.24,Y
DP12173,Rahul U,Bike,Part-time,4.17,Y
DP02315,Deepak X,Scooter,Contract,4.74,Y
DP14846,Vikas G,Cycle,Full-time,4.29,Y
DP14459,Deepak V,Bike,Part-time,4.04,Y
DP03298,Rahul N,Scooter,Full-time,4.53,Y
DP12284,Vikas D,Scooter,Part-time,4.55,Y
DP12161,Ananya F,Bike,Part-time,4.46,N
DP03601,Deepak H,Bike,Full-time,3.63,Y
DP01306,Divya O,Cycle,Contract,3.71,Y
DP01055,Manoj Q,Bike,Part-time,4.19,Y
DP05384,Sneha N,Scooter,Full-time,4.48,Y
DP11189,Pooja O,Scooter,Full-time,4,Y
DP12062,Vikas L,Bike,Full-time,4.18,Y
DP13645,Shreya O,Car,Full-time,4.75,Y
DP05696,Meena P,Scooter,Full-time,4.09,Y
DP11938,Pooja R,Cycle,Full-time,4.82,N
DP06363,Shreya Y,Bike,Part-time,4.52,Y
DP01048,Pooja T,Scooter,Part-time,4.03,Y
DP08477,Divya G,Scooter,Full-time,4.52,Y
DP05262,Nikhil L,Cycle,Full-time,3.58,Y
DP08987,Vikas G,Bike,Contract,4.76,Y
DP14292,Amit E,Scooter,Contract,3.92,Y
DP05644,Divya Z,Scooter,Full-time,3.95,Y
DP00869,Rahul B,Bike,Full-time,4.45,Y
DP14428,Kiran F,Cycle,Part-time,3.99,Y
DP12110,Deepak H,Scooter,Full-time,4.25,Y
DP12339,Manoj J,Bike,Full-time,4.41,Y
DP02796,Priya L,Scooter,Full-time,4.52,Y
DP04211,Shreya S,Bike,Full-time,4.47,Y
DP03114,Manoj P,Bike,Contract,4.19,Y
DP08993,Shreya P,Bike,Part-time,3.93,Y
DP05226,Sneha X,Scooter,Part-time,4.46,Y
DP11802,Nikhil P,Scooter,Contract,4.2,Y
DP08339,Rahul A,Cycle,Contract,4.25,Y
DP00696,Shreya Y,Scooter,Part-time,4.63,Y
DP01512,Rakesh B,Scooter,Full-time,4.09,Y
DP02292,Ananya J,Scooter,Full-time,4.27,Y
DP02417,Nikhil R,Bike,Part-time,4.19,Y
DP07146,Rahul L,Scooter,Full-time,4.26,Y
DP03607,Divya E,Bike,Part-time,3.32,Y
DP03045,Nikhil M,Bike,Full-time,4.03,Y
DP02326,Divya Q,Bike,Full-time,3.98,Y
DP09688,Meena K,Scooter,Full-time,4.06,Y
DP01292,Arjun P,Bike,Full-time,4.16,Y
DP13099,Sneha S,Scooter,Full-time,4.35,Y
DP06823,Amit Q,Car,Part-time,4.28,Y
DP03052,Sneha Q,Cycle,Full-time,4.29,Y
DP00937,Pooja Q,Car,Full-time,4.46,Y
DP04458,Rahul D,Bike,Full-time,3.73,Y
DP14430,Priya G,Bike,Full-time,4.14,Y
DP06377,Arjun X,Scooter,Contract,4.04,Y
DP02896,Ravi U,Bike,Full-time,4.54,Y
DP01088,Nikhil S,Bike,Full-time,3.91,Y
DP14284,Divya V,Bike,Contract,5,Y
DP02522,Priya Y,Car,Full-time,3.82,N
DP14531,Meena G,Bike,Full-time,4.43,Y
DP04512,Deepak D,Cycle,Contract,4.52,Y
DP02757,Ravi H,Scooter,Contract,4.23,Y
DP05361,Priya H,Bike,Full-time,4.26,Y
DP11434,Santosh U,Bike,Full-time,3.77,Y
DP03314,Ananya Q,Bike,Full-time,4.58,N
DP12590,Ananya Q,Bike,Contract,4.06,Y
DP07965,Manoj B,Scooter,Full-time,4.35,Y
DP13048,Kiran M,Scooter,Full-time,4.2,Y
DP00401,Manoj H,Bike,Full-time,4.09,Y
DP03496,Kiran T,Scooter,Full-time,4.3,Y
DP07128,Priya U,Cycle,Contract,4.2,Y
DP02820,Ananya U,Bike,Part-time,3.77,N
DP11675,Ravi Y,Scooter,Part-time,4.13,N
DP08183,Sneha W,Bike,Contract,3.88,Y
DP14535,Pooja Q,Scooter,Contract,4,Y
DP03795,Deepak I,Car,Full-time,4.21,Y
DP04713,Pooja U,Bike,Part-time,4.27,Y
DP05803,Vikas W,Scooter,Part-time,4.12,N
DP08088,Vikas R,Cycle,Contract,4.09,Y
DP04498,Pooja A,Scooter,Full-time,4.84,Y
DP06636,Rakesh Y,Scooter,Contract,4.34,Y
DP05632,Vikas R,Scooter,Full-time,4.25,Y
DP10035,Shreya B,Scooter,Full-time,4.18,Y
DP03846,Arjun R,Car,Full-time,4.59,Y
DP06105,Sneha Z,Cycle,Contract,4.34,Y
DP12780,Divya C,Bike,Full-time,4.01,Y
DP02125,Shreya H,Scooter,Full-time,3.93,N
DP08043,Arjun O,Scooter,Contract,4.04,Y
DP11507,Arjun D,Scooter,Full-time,4.72,Y
DP09837,Deepak C,Bike,Full-time,4.38,Y
DP04432,Sneha A,Scooter,Full-time,4.08,Y
DP09458,Kiran H,Car,Full-time,4.09,Y
DP00011,Amit G,Cycle,Part-time,4.56,Y
DP06154,Priya D,Bike,Contract,3.89,Y
DP03742,Pooja Y,Bike,Full-time,3.65,Y
DP07564,Vikas H,Scooter,Full-time,4.12,Y
DP04374,Shreya Q,Cycle,Contract,4.18,Y
DP01268,Divya N,Cycle,Full-time,4.29,Y
DP12195,Neha Q,Cycle,Part-time,4.26,Y
DP06014,Priya X,Scooter,Part-time,4.03,Y
DP05695,Sneha J,Scooter,Part-time,4.17,Y
DP03721,Pooja S,Scooter,Part-time,4.29,N
DP11454,Meena K,Bike,Full-time,4.12,Y
DP10032,Suresh J,Bike,Part-time,4.24,Y
DP13681,Nikhil P,Scooter,Contract,4.13,N
DP13983,Santosh M,Bike,Full-time,4.22,Y
DP14306,Kiran R,Cycle,Contract,4.2,Y
DP05735,Neha J,Bike,Part-time,4.05,Y
DP00948,Neha E,Bike,Full-time,4.54,Y
DP13201,Suresh P,Bike,Full-time,4.18,Y
DP08251,Santosh U,Scooter,Contract,4.24,Y
DP01167,Pooja Y,Bike,Full-time,4.32,Y
DP10317,Ravi B,Car,Full-time,3.87,Y
DP10198,Sneha Y,Scooter,Full-time,3.94,Y
DP10097,Deepak V,Scooter,Full-time,4.2,Y
DP08093,Neha P,Cycle,Part-time,4.14,Y
DP05975,Rahul Y,Cycle,Full-time,4.17,Y
DP00144,Neha U,Scooter,Part-time,4.05,Y
DP08916,Divya T,Bike,Part-time,4.12,Y
DP12909,Sneha D,Bike,Full-time,4.62,Y
DP07277,Rakesh R,Bike,Full-time,4.19,Y
DP09892,Deepak A,Cycle,Full-time,4.24,Y
DP11186,Rahul A,Bike,Full-time,4.54,Y
DP04291,Divya W,Scooter,Part-time,4.23,N
DP10451,Rakesh O,Cycle,Full-time,4.37,Y
DP04895,Neha K,Bike,Contract,4.17,Y
DP06299,Manoj U,Bike,Part-time,4.32,Y
DP08459,Rahul O,Bike,Full-time,3.93,Y
DP06682,Shreya W,Bike,Contract,4.32,N
DP14626,Santosh R,Car,Contract,4.28,Y
DP02718,Rakesh W,Bike,Contract,4.32,Y
DP06946,Kiran I,Bike,Part-time,3.52,Y
DP09898,Nikhil E,Cycle,Full-time,4.55,Y
DP14423,Priya U,Cycle,Full-time,4.32,Y
DP04115,Santosh J,Cycle,Full-time,4.28,Y
DP13422,Vikas B,Bike,Full-time,4.1,Y
DP06049,Deepak J,Bike,Contract,3.96,N
DP05738,Deepak E,Cycle,Contract,3.91,N
DP13137,Manoj L,Bike,Full-time,4.26,Y
DP05258,Vikas A,Bike,Full-time,4.34,Y
DP04267,Santosh P,Scooter,Full-time,4.41,Y
DP07984,Rahul H,Scooter,Full-time,3.65,Y
DP14571,Amit M,Scooter,Part-time,4.15,Y
DP01440,Shreya Z,Cycle,Contract,3.91,Y
DP12871,Divya L,Scooter,Full-time,4.85,Y
DP09920,Santosh K,Bike,Part-time,4.45,N
DP02694,Sneha K,Bike,Full-time,4.37,Y
DP09634,Vikas F,Scooter,Part-time,4.4,Y
DP12994,Rahul L,Car,Full-time,4.41,Y
DP05688,Pooja H,Bike,Part-time,3.79,Y
DP04624,Suresh Y,Bike,Part-time,3.74,Y
DP13421,Rahul R,Scooter,Full-time,4.11,Y
DP00605,Divya P,Car,Full-time,4.02,Y
DP11405,Amit S,Scooter,Full-time,3.61,Y
DP03332,Deepak J,Bike,Full-time,4.31,Y
DP10274,Priya L,Scooter,Contract,4.64,Y
DP06432,Ravi P,Scooter,Part-time,3.51,Y
DP02173,Deepak R,Scooter,Part-time,4.01,Y
DP11220,Santosh M,Bike,Contract,3.96,Y
DP05446,Santosh K,Bike,Part-time,4.27,Y
DP08842,Rakesh B,Cycle,Contract,3.78,Y
DP02788,Ravi T,Scooter,Contract,4.2,Y
DP08555,Deepak J,Cycle,Full-time,4.45,Y
DP05203,Suresh M,Bike,Full-time,3.93,Y
DP05669,Santosh Z,Cycle,Contract,4.65,Y
DP08266,Neha U,Scooter,Full-time,4.36,Y
DP00599,Santosh G,Scooter,Full-time,4.81,Y
DP00985,Santosh B,Scooter,Full-time,3.8,Y
DP02369,Santosh D,Cycle,Part-time,4.15,N
DP11292,Ravi S,Scooter,Part-time,3.92,Y
DP13050,Ananya Y,Scooter,Full-time,3.93,Y
DP12362,Ananya A,Scooter,Full-time,3.99,Y
DP07970,Ravi X,Scooter,Full-time,4.94,Y
DP09617,Pooja S,Bike,Contract,4.41,Y
DP02748,Sneha L,Bike,Full-time,4.2,Y
DP03161,Divya K,Scooter,Full-time,4.37,Y
DP14901,Amit D,Bike,Part-time,3.92,Y
DP02599,Amit G,Cycle,Contract,3.94,Y
DP14965,Vikas C,Scooter,Full-time,4.06,Y
DP12310,Nikhil D,Bike,Full-time,4.4,Y
DP09094,Vikas P,Bike,Part-time,4.05,Y
DP03270,Kiran E,Scooter,Contract,4.48,Y
DP04762,Neha O,Cycle,Full-time,4.03,Y
DP07888,Nikhil E,Scooter,Full-time,4.09,Y
DP13068,Priya K,Bike,Full-time,4.23,N
DP04755,Meena H,Scooter,Full-time,4.33,N
DP00619,Amit N,Bike,Full-time,4.23,Y
DP13239,Pooja Y,Cycle,Part-time,4.29,Y
DP09779,Arjun H,Scooter,Part-time,4.16,Y
DP09944,Pooja G,Cycle,Part-time,3.82,Y
DP05408,Priya R,Scooter,Part-time,4.45,Y
DP05826,Rakesh N,Cycle,Full-time,4.33,Y
DP09350,Priya B,Scooter,Part-time,4.32,Y
DP13479,Kiran M,Bike,Full-time,4.18,Y
DP02124,Sneha H,Cycle,Contract,4.14,Y
DP01910,Priya R,Bike,Full-time,4.1,N
DP05713,Deepak J,Cycle,Contract,4.45,Y
DP03155,Amit W,Bike,Full-time,4.49,N
DP10272,Rakesh P,Bike,Full-time,3.95,Y
DP02627,Ravi I,Bike,Full-time,4.36,Y
DP05255,Manoj Y,Bike,Contract,4.67,N
DP06724,Meena Y,Cycle,Full-time,4.08,Y
DP03579,Pooja M,Bike,Full-time,4.08,Y
DP11566,Kiran I,Scooter,Part-time,4.01,Y
DP12184,Amit C,Bike,Contract,4.23,Y
DP11510,Santosh F,Cycle,Full-time,4.68,N
DP00209,Divya X,Scooter,Full-time,3.7,N
DP01164,Amit M,Scooter,Full-time,4.34,Y
DP07134,Pooja L,Bike,Part-time,4,Y
DP13831,Amit P,Scooter,Full-time,4.03,Y
DP02722,Deepak V,Cycle,Full-time,4.03,Y
DP00216,Divya U,Bike,Part-time,3.95,Y
DP02802,Ananya M,Scooter,Part-time,4.81,Y
DP01585,Amit G,Cycle,Part-time,3.73,Y
DP12967,Rahul U,Scooter,Full-time,3.47,Y
DP01412,Rahul I,Bike,Full-time,3.93,Y
DP06095,Shreya E,Bike,Part-time,3.74,N
DP14003,Deepak B,Scooter,Contract,4.18,Y
DP01905,Ananya O,Scooter,Full-time,3.71,Y
DP00816,Santosh P,Bike,Full-time,4.17,Y
DP13402,Priya F,Bike,Part-time,3.77,Y
DP03022,Manoj Q,Bike,Part-time,4.51,Y
DP00897,Priya U,Bike,Full-time,3.98,Y
DP09387,Shreya H,Bike,Full-time,4.5,Y
DP14445,Rakesh N,Bike,Part-time,4.21,Y
DP10636,Meena U,Scooter,Full-time,4.1,Y
DP14246,Ravi B,Scooter,Full-time,4.06,Y
DP00203,Meena G,Scooter,Full-time,4.33,Y
DP01259,Kiran O,Scooter,Full-time,4.25,Y
DP02415,Rakesh H,Scooter,Full-time,3.98,Y
DP02995,Priya S,Scooter,Part-time,4.14,Y
DP05804,Shreya W,Bike,Part-time,4.13,N
DP09211,Manoj M,Cycle,Full-time,4.13,N
DP01906,Ananya C,Scooter,Full-time,3.31,Y
DP05549,Shreya H,Cycle,Full-time,4.21,Y
DP12253,Neha U,Scooter,Part-time,4.23,Y
DP02145,Priya Y,Bike,Contract,4.1,Y
DP07210,Kiran D,Bike,Full-time,4.19,Y
DP07865,Divya G,Scooter,Part-time,4.49,Y
DP06019,Ananya U,Cycle,Part-time,3.65,N
DP10793,Arjun A,Scooter,Full-time,4.21,Y
DP07292,Rakesh Y,Scooter,Contract,4,Y
DP02843,Shreya J,Scooter,Full-time,4.56,Y
DP00870,Arjun V,Bike,Part-time,4.26,Y
DP00157,Priya X,Scooter,Part-time,4.55,N
DP00721,Suresh X,Scooter,Full-time,3.79,Y
DP10815,Sneha T,Cycle,Part-time,4.56,Y
DP09584,Meena L,Scooter,Part-time,4.07,Y
DP02208,Priya K,Scooter,Full-time,4.23,N
DP12457,Rakesh Y,Scooter,Contract,4.19,Y
DP06038,Divya M,Bike,Full-time,3.83,Y
DP11697,Rakesh E,Scooter,Contract,4.6,Y
DP05171,Arjun X,Scooter,Part-time,4.11,Y
DP11623,Ravi D,Cycle,Part-time,4.34,Y
DP13075,Ravi L,Scooter,Full-time,3.9,Y
DP01505,Deepak D,Bike,Part-time,4.36,Y
DP10423,Ananya Y,Scooter,Contract,4.11,Y
DP08524,Suresh I,Scooter,Full-time,4.49,N
DP02579,Pooja P,Scooter,Contract,3.93,Y
DP12415,Shreya L,Cycle,Full-time,3.88,Y
DP06147,Manoj Z,Bike,Contract,4.48,Y
DP07588,Deepak E,Scooter,Contract,4.17,Y
DP11833,Arjun X,Scooter,Part-time,4.12,Y
DP10971,Manoj V,Scooter,Contract,4.34,Y
DP06101,Amit H,Scooter,Full-time,4.26,Y
DP07754,Manoj Y,Bike,Part-time,3.8,Y
DP04132,Sneha T,Bike,Full-time,4.32,Y
DP13667,Shreya N,Bike,Contract,3.88,Y
DP01266,Amit R,Bike,Part-time,3.9,Y
DP08293,Deepak J,Scooter,Full-time,4.2,Y
DP02506,Nikhil A,Scooter,Full-time,3.87,Y
DP05276,Shreya S,Bike,Part-time,4.7,Y
DP08688,Priya E,Scooter,Part-time,4.31,Y
DP02874,Sneha J,Scooter,Contract,4.08,Y
DP00061,Neha C,Cycle,Part-time,4.28,Y
DP13113,Suresh M,Bike,Part-time,3.23,Y
DP00109,Santosh E,Car,Contract,3.59,N
DP10865,Rahul K,Cycle,Full-time,4.13,N
DP13241,Shreya F,Cycle,Full-time,4.02,Y
DP08131,Pooja Y,Bike,Full-time,4.45,Y
DP07801,Pooja A,Cycle,Full-time,4.04,Y
DP11911,Rakesh G,Cycle,Part-time,4.25,N
DP14271,Ravi T,Bike,Part-time,4.77,Y
DP13103,Pooja B,Cycle,Contract,4.45,Y
DP04533,Divya R,Cycle,Full-time,4.32,N
DP12278,Ananya L,Bike,Contract,4.76,Y
DP06213,Sneha R,Cycle,Contract,4.25,Y
DP00251,Santosh N,Scooter,Part-time,3.73,Y
DP12197,Shreya W,Bike,Full-time,3.84,Y
DP06481,Meena F,Bike,Full-time,4.92,Y
DP12177,Neha J,Bike,Part-time,3.61,Y
DP05191,Manoj B,Bike,Full-time,4.33,Y
DP13837,Pooja T,Bike,Contract,4.11,Y
DP07575,Amit P,Scooter,Full-time,4.69,Y
DP12577,Ananya S,Bike,Full-time,4.02,Y
DP14675,Amit L,Bike,Full-time,4.09,Y
DP07602,Amit S,Scooter,Contract,4.02,Y
DP04785,Rakesh S,Scooter,Full-time,4.17,Y
DP12732,Pooja X,Scooter,Part-time,4.66,Y
DP10868,Sneha C,Bike,Part-time,4.46,Y
DP01491,Rakesh U,Bike,Full-time,4.36,Y
DP07546,Amit K,Car,Full-time,4.62,Y
DP10661,Manoj C,Bike,Contract,4.38,N
DP05540,Santosh V,Bike,Full-time,4.76,Y
DP06931,Pooja O,Scooter,Part-time,4.35,Y
DP02737,Ravi I,Scooter,Full-time,4.35,Y
DP04645,Deepak T,Bike,Contract,4.31,Y
DP13077,Rakesh E,Bike,Contract,4.09,Y
DP14008,Shreya E,Car,Full-time,4.51,N
DP05218,Deepak A,Bike,Part-time,4.33,Y
DP08193,Divya T,Scooter,Full-time,4.3,Y
DP08819,Nikhil N,Bike,Full-time,3.99,Y
DP01735,Divya I,Cycle,Contract,4.64,Y
DP12104,Shreya O,Car,Part-time,4.73,Y
DP13447,Ananya J,Bike,Contract,3.85,Y
DP12540,Ananya P,Cycle,Full-time,3.99,N
DP14903,Pooja I,Scooter,Full-time,3.84,Y
DP07300,Manoj M,Scooter,Part-time,4.38,Y
DP11111,Sneha J,Cycle,Full-time,4.53,Y
DP02022,Neha B,Scooter,Full-time,4.27,N
DP14809,Ravi D,Bike,Contract,4,Y
DP13532,Deepak G,Scooter,Full-time,3.94,Y
DP12586,Deepak W,Bike,Part-time,3.5,Y
DP14094,Rakesh H,Scooter,Full-time,4.42,Y
DP11727,Sneha R,Scooter,Part-time,4.31,Y
DP03730,Rahul M,Bike,Full-time,4.01,Y
DP11496,Neha G,Car,Part-time,4.27,N
DP09687,Meena L,Bike,Full-time,4.5,Y
DP11885,Amit T,Scooter,Part-time,3.87,Y
DP11296,Divya F,Bike,Part-time,4.37,Y
DP06259,Amit R,Car,Part-time,4.54,Y
DP05935,Santosh T,Bike,Full-time,4.05,Y
DP12119,Santosh P,Cycle,Full-time,3.98,N
DP14839,Manoj J,Bike,Full-time,4.1,Y
DP14053,Suresh L,Bike,Contract,3.92,Y
DP06649,Santosh A,Scooter,Full-time,4.37,Y
DP02157,Rahul G,Scooter,Full-time,4.16,Y
DP05631,Neha H,Scooter,Contract,3.78,Y
DP03874,Santosh F,Bike,Full-time,3.57,N
DP04192,Amit Y,Car,Full-time,4.13,Y
DP01842,Pooja H,Bike,Full-time,4.22,N
DP04231,Kiran X,Car,Contract,4.36,Y
DP03680,Ananya R,Bike,Full-time,4.25,Y
DP08441,Ananya L,Cycle,Part-time,3.98,Y
DP02075,Amit L,Bike,Full-time,4.56,Y
DP07784,Divya M,Cycle,Full-time,4.38,Y
DP14722,Arjun N,Bike,Contract,4.53,Y
DP08973,Santosh Q,Scooter,Full-time,4.18,Y
DP13045,Neha R,Scooter,Contract,4.35,Y
DP05353,Arjun G,Car,Full-time,4.03,Y
DP09462,Manoj W,Bike,Full-time,3.93,N
DP09216,Neha F,Bike,Part-time,4.17,Y
DP14746,Shreya K,Scooter,Part-time,3.93,Y
DP13865,Neha L,Bike,Full-time,4.01,Y
DP10046,Shreya K,Scooter,Contract,4.42,Y
DP04057,Nikhil R,Cycle,Full-time,3.58,Y
DP04831,Pooja Y,Bike,Full-time,3.95,Y
DP00250,Pooja D,Scooter,Contract,4.67,Y
DP06511,Shreya O,Scooter,Full-time,3.87,Y
DP13285,Ravi X,Bike,Contract,4.38,Y
DP04212,Shreya F,Scooter,Part-time,3.6,Y
DP05571,Kiran X,Scooter,Full-time,4.24,Y
DP12325,Divya Z,Cycle,Contract,4.8,Y
DP14613,Suresh G,Bike,Full-time,4.84,Y
DP09097,Ananya E,Bike,Contract,3.53,Y
DP00381,Divya O,Scooter,Full-time,4.22,N
DP11180,Nikhil M,Car,Contract,4.37,Y
DP10202,Shreya Y,Cycle,Full-time,3.58,Y
DP14840,Deepak A,Scooter,Contract,4.76,Y
DP12213,Pooja Y,Bike,Full-time,3.95,Y
DP02068,Rakesh V,Bike,Part-time,4.21,Y
DP07973,Neha A,Scooter,Part-time,3.9,Y
DP05454,Priya I,Scooter,Full-time,3.9,N
DP14390,Pooja X,Cycle,Full-time,4.02,N
DP03640,Neha V,Scooter,Contract,3.94,Y
DP04155,Divya U,Scooter,Contract,4.13,Y
DP05457,Manoj H,Bike,Contract,4.11,Y
DP07316,Ananya F,Cycle,Full-time,4.53,N
DP02176,Deepak L,Scooter,Full-time,4.04,N
DP11582,Neha P,Car,Contract,4.32,Y
DP02880,Kiran L,Scooter,Full-time,3.58,Y
DP00671,Ananya J,Bike,Part-time,4.3,Y
DP11666,Divya W,Cycle,Full-time,4.16,N
DP05757,Nikhil N,Scooter,Full-time,3.87,Y
DP03885,Shreya K,Scooter,Part-time,4.24,Y
DP12324,Priya V,Scooter,Part-time,4.04,Y
DP00194,Deepak Q,Bike,Full-time,4.26,Y
DP04474,Santosh B,Car,Full-time,4.15,N
DP11816,Deepak Y,Bike,Full-time,3.92,Y
DP01831,Neha D,Bike,Part-time,4.45,Y
DP12085,Manoj S,Cycle,Full-time,4.6,Y
DP12041,Kiran G,Bike,Full-time,4.41,Y
DP09470,Amit G,Cycle,Full-time,4.21,Y
DP04484,Rahul H,Scooter,Full-time,4.24,Y
DP06510,Priya V,Scooter,Contract,4.01,Y
DP01119,Pooja G,Scooter,Contract,4.21,Y
DP06530,Nikhil H,Bike,Part-time,4.09,Y
DP11210,Ravi S,Scooter,Part-time,3.93,Y
DP07811,Nikhil R,Scooter,Contract,4.1,Y
DP00596,Arjun I,Bike,Full-time,4.36,Y
DP02370,Kiran E,Bike,Part-time,4.48,Y
DP06529,Meena L,Car,Part-time,3.82,Y
DP02985,Deepak P,Scooter,Contract,3.66,N
DP08834,Manoj X,Cycle,Part-time,4.33,Y
DP12333,Divya E,Cycle,Contract,4.4,Y
DP01979,Ananya O,Cycle,Full-time,4.47,Y
DP10956,Vikas O,Bike,Full-time,4.11,N
DP09148,Ananya Z,Bike,Full-time,4.07,Y
DP08267,Ananya W,Bike,Part-time,4.41,Y
DP11534,Meena N,Bike,Part-time,3.53,Y
DP07875,Rahul T,Scooter,Full-time,4.21,N
DP03073,Pooja L,Bike,Full-time,4.74,Y
DP02054,Ananya M,Bike,Part-time,4.6,Y
DP06043,Kiran U,Scooter,Contract,3.89,N
DP09334,Santosh D,Scooter,Full-time,4.21,Y
DP13913,Ravi E,Scooter,Contract,3.74,Y
DP06078,Kiran K,Bike,Contract,4.09,Y
DP13966,Priya B,Bike,Full-time,4.09,Y
DP03184,Ravi K,Bike,Full-time,4.37,Y
DP00152,Vikas V,Scooter,Part-time,4.12,Y
DP11809,Manoj X,Scooter,Contract,3.7,Y
DP02221,Ananya U,Bike,Part-time,4.06,Y
DP02345,Ananya D,Bike,Contract,4.03,Y
DP05891,Priya R,Cycle,Part-time,4,Y
DP06502,Rakesh K,Cycle,Contract,4.2,Y
DP01923,Amit P,Car,Full-time,4.3,N
DP07894,Sneha R,Bike,Contract,4.48,N
DP02597,Amit F,Bike,Part-time,4.68,Y
DP09061,Sneha V,Bike,Part-time,4.42,Y
DP01486,Amit D,Scooter,Part-time,4.48,Y
DP11574,Nikhil T,Scooter,Full-time,4.21,Y
DP06251,Deepak J,Bike,Full-time,3.83,Y
DP03511,Arjun I,Scooter,Contract,4.56,N
DP11061,Shreya I,Scooter,Part-time,3.97,Y
DP00646,Manoj C,Bike,Full-time,4.5,Y
DP12156,Sneha G,Scooter,Part-time,3.82,Y
DP02531,Amit S,Scooter,Full-time,4.19,Y
DP10349,Divya R,Bike,Contract,3.68,Y
DP05085,Manoj J,Scooter,Full-time,4.07,Y
DP01912,Pooja W,Cycle,Full-time,4.44,Y
DP12024,Vikas E,Bike,Full-time,4.31,Y
DP10932,Rakesh Z,Bike,Contract,4.79,Y
DP11451,Nikhil Q,Bike,Full-time,4.55,N
DP14403,Meena Y,Bike,Full-time,4.43,Y
DP03573,Pooja Z,Scooter,Contract,3.65,Y
DP07140,Vikas V,Cycle,Full-time,4.28,Y
DP01745,Ravi B,Scooter,Full-time,4.09,N
DP05331,Meena O,Bike,Part-time,4.34,Y
DP02400,Kiran X,Bike,Full-time,4.25,Y
DP01755,Sneha V,Scooter,Contract,4.2,Y
DP02035,Vikas G,Cycle,Full-time,4.19,Y
DP04902,Sneha P,Bike,Part-time,4.14,N
DP05202,Rakesh Q,Scooter,Full-time,4.61,Y
DP00225,Manoj Y,Cycle,Part-time,4.39,Y
DP11780,Sneha Q,Scooter,Full-time,3.76,Y
DP05468,Pooja T,Scooter,Contract,4.25,Y
DP02450,Santosh B,Scooter,Contract,4.36,Y
DP05969,Santosh V,Scooter,Full-time,4.92,Y
DP04908,Amit V,Scooter,Full-time,4.23,Y
DP03449,Manoj I,Bike,Full-time,3.93,Y
DP09504,Vikas C,Bike,Contract,4.16,N
DP03915,Rahul N,Cycle,Part-time,4.1,Y
DP10650,Arjun A,Bike,Part-time,4.08,Y
DP03415,Suresh I,Scooter,Full-time,3.83,Y
DP00825,Neha H,Bike,Full-time,4.28,Y
DP01441,Priya I,Scooter,Full-time,4.09,Y
DP14136,Pooja U,Car,Part-time,4.42,Y
DP14218,Meena V,Bike,Part-time,4.04,Y
DP03211,Nikhil T,Scooter,Full-time,4.58,Y
DP02024,Ravi S,Scooter,Part-time,4.72,N
DP06041,Manoj Q,Cycle,Full-time,4.29,Y
DP04003,Pooja Y,Bike,Part-time,4.33,Y
DP13355,Suresh V,Cycle,Part-time,3.93,Y
DP08996,Ravi F,Bike,Full-time,4.78,N
DP07286,Neha O,Bike,Full-time,4.4,Y
DP01270,Neha E,Cycle,Full-time,4.43,Y
DP04883,Santosh M,Cycle,Part-time,4.5,N
DP13806,Ananya K,Scooter,Contract,4.06,Y
DP02239,Santosh S,Bike,Part-time,4.42,Y
DP05055,Ravi T,Scooter,Full-time,4.2,Y
DP04186,Vikas B,Bike,Full-time,4.39,Y
DP00968,Neha H,Bike,Contract,4.35,Y
DP02534,Sneha N,Scooter,Full-time,3.79,Y
DP07446,Pooja Y,Scooter,Part-time,4.2,Y
DP01980,Amit U,Scooter,Part-time,4.45,Y
DP00359,Shreya P,Scooter,Contract,3.85,Y
DP03071,Divya S,Bike,Contract,4.48,Y
DP04511,Vikas Y,Car,Full-time,4.44,Y
DP00684,Manoj X,Cycle,Full-time,4.03,N
DP11382,Divya M,Scooter,Full-time,3.73,Y
DP13992,Shreya O,Scooter,Contract,4.23,Y
DP12101,Amit Q,Cycle,Contract,4.12,Y
DP03979,Santosh E,Bike,Part-time,4.31,N
DP13424,Suresh H,Cycle,Full-time,4.03,Y
DP10527,Rakesh U,Bike,Part-time,4.07,Y
DP11705,Neha R,Scooter,Full-time,4.68,Y
DP11328,Rakesh M,Bike,Contract,4.32,Y
DP11311,Pooja Q,Bike,Contract,4.28,Y
DP09543,Sneha E,Bike,Part-time,3.9,Y
DP08338,Manoj E,Bike,Full-time,4.04,N
DP11840,Divya P,Cycle,Full-time,4.02,Y
DP04450,Ravi J,Cycle,Full-time,4.23,Y
DP10103,Deepak J,Bike,Part-time,4.63,Y
DP13735,Rahul L,Scooter,Part-time,4.82,Y
DP05647,Vikas A,Scooter,Full-time,3.71,Y
DP14132,Rakesh T,Scooter,Part-time,4.05,Y
DP00549,Suresh Q,Scooter,Full-time,4.26,Y
DP10326,Santosh E,Cycle,Part-time,4.02,Y
DP12037,Vikas T,Car,Full-time,4.06,Y
DP10041,Santosh N,Bike,Full-time,3.99,Y
DP10598,Rahul H,Scooter,Part-time,3.83,Y
DP13703,Santosh V,Cycle,Full-time,4.04,Y
DP06415,Kiran U,Bike,Part-time,4.46,Y
DP01691,Kiran B,Bike,Contract,4.35,Y
DP00469,Arjun H,Scooter,Contract,4.35,Y
DP03653,Divya C,Bike,Part-time,4.23,Y
DP02365,Priya L,Scooter,Contract,3.97,Y
DP07221,Rahul N,Bike,Full-time,3.99,Y
DP09414,Ravi F,Scooter,Full-time,4.17,Y
DP01211,Ravi X,Bike,Contract,3.83,Y
DP02194,Priya L,Bike,Part-time,4.01,N
DP12222,Ananya M,Bike,Contract,4.37,Y
DP04579,Vikas W,Bike,Part-time,4.01,Y
DP09262,Shreya A,Bike,Full-time,4.76,Y
DP11731,Rahul W,Bike,Part-time,4.55,Y
DP12655,Ravi K,Scooter,Full-time,4.45,Y
DP14058,Kiran W,Bike,Part-time,4.44,Y
DP04810,Amit D,Bike,Full-time,4.13,Y
DP06118,Nikhil M,Cycle,Full-time,3.85,Y
DP10917,Nikhil Z,Bike,Full-time,3.96,Y
DP14121,Nikhil E,Cycle,Contract,4.04,Y
DP00588,Kiran I,Scooter,Contract,4.05,Y
DP00332,Manoj D,Car,Contract,4.22,Y
DP02861,Meena I,Car,Part-time,3.88,Y
DP03047,Divya Z,Bike,Part-time,4.47,Y
DP00407,Pooja B,Cycle,Full-time,4.35,Y
DP10516,Neha M,Scooter,Full-time,4.12,Y
DP14894,Sneha Y,Cycle,Full-time,3.83,Y
DP14766,Kiran O,Bike,Contract,4.07,Y
DP13552,Priya F,Scooter,Full-time,3.62,Y
DP14632,Pooja S,Bike,Part-time,4.26,Y
DP14677,Vikas U,Scooter,Part-time,4.61,Y
DP08200,Vikas V,Cycle,Full-time,3.86,N
DP06368,Divya E,Car,Full-time,3.92,Y
DP11123,Pooja S,Scooter,Part-time,3.59,Y
DP03922,Rahul A,Scooter,Contract,3.98,Y
DP03996,Rahul A,Cycle,Full-time,4.85,Y
DP09326,Sneha W,Cycle,Full-time,4.78,Y
DP08534,Rahul D,Scooter,Full-time,3.95,N
DP13656,Arjun X,Scooter,Full-time,4.77,Y
DP10455,Priya M,Scooter,Part-time,4.52,Y
DP11701,Sneha H,Scooter,Full-time,4.27,Y
DP12210,Neha W,Scooter,Contract,4.09,Y
DP02018,Ravi S,Bike,Part-time,4.04,Y
DP05909,Divya Y,Scooter,Full-time,4.62,Y
DP09756,Rakesh D,Scooter,Part-time,3.99,Y
DP01655,Pooja U,Bike,Full-time,3.95,Y
DP07591,Vikas Z,Bike,Contract,3.99,Y
DP08884,Divya A,Scooter,Full-time,4.48,Y
DP14708,Suresh A,Bike,Part-time,4.24,Y
DP08276,Divya U,Bike,Part-time,4.28,Y
DP13206,Kiran E,Bike,Full-time,4.21,Y
DP13505,Amit Y,Bike,Part-time,3.84,Y
DP13956,Nikhil S,Scooter,Contract,4,Y
DP04209,Sneha M,Scooter,Full-time,4.25,Y
DP05613,Shreya Z,Scooter,Contract,4.58,Y
DP04523,Manoj O,Scooter,Part-time,4.14,N
DP09250,Pooja K,Scooter,Part-time,3.68,Y
DP03318,Santosh N,Car,Part-time,3.99,N
DP00931,Kiran Y,Scooter,Part-time,4.84,Y
DP11368,Rakesh R,Bike,Contract,3.94,Y
DP03789,Santosh P,Scooter,Part-time,4.03,Y
DP06987,Kiran F,Scooter,Full-time,3.66,Y
DP11086,Shreya T,Bike,Full-time,4.49,Y
DP01660,Vikas M,Bike,Contract,4.33,Y
DP05715,Neha T,Bike,Contract,3.76,Y
DP05124,Suresh Q,Cycle,Full-time,4.7,Y
DP11917,Suresh T,Scooter,Full-time,3.66,Y
DP12432,Ravi G,Bike,Part-time,4.41,Y
DP14241,Santosh A,Bike,Full-time,4.14,Y
DP06522,Manoj L,Scooter,Part-time,4.2,N
DP13959,Ravi O,Bike,Part-time,3.91,Y
DP12750,Sneha H,Bike,Full-time,3.7,Y
DP00653,Priya R,Car,Part-time,4.71,Y
DP04607,Suresh U,Bike,Part-time,4.39,N
DP12334,Kiran Y,Cycle,Part-time,3.59,Y
DP02676,Amit G,Bike,Part-time,4.57,Y
DP11391,Manoj Y,Cycle,Part-time,3.91,Y
DP08188,Suresh Y,Scooter,Full-time,4.02,N
DP07399,Arjun Z,Cycle,Part-time,4.02,Y
DP12297,Suresh F,Scooter,Full-time,4.52,Y
DP05186,Nikhil U,Bike,Full-time,3.6,Y
DP06194,Vikas V,Scooter,Full-time,4.36,Y
DP07777,Arjun M,Bike,Contract,4,Y
DP02669,Divya E,Scooter,Part-time,4.35,Y
DP02499,Ananya C,Bike,Full-time,4.36,Y
DP03880,Nikhil J,Bike,Full-time,4.19,Y
DP13854,Neha N,Bike,Contract,4.59,Y
DP13214,Rakesh A,Cycle,Full-time,3.95,N
DP09261,Deepak A,Bike,Contract,3.85,Y
DP06243,Ravi M,Car,Full-time,4.58,Y
DP00024,Kiran R,Scooter,Part-time,4.5,N
DP14823,Manoj Q,Scooter,Full-time,4.8,Y
DP10204,Pooja Z,Bike,Part-time,4.33,Y
DP05901,Vikas D,Scooter,Full-time,4.66,Y
DP04705,Meena C,Cycle,Contract,3.69,Y
DP12271,Amit P,Bike,Full-time,4.05,Y
DP14332,Suresh Y,Scooter,Full-time,4.09,Y
DP13706,Suresh T,Bike,Full-time,4.47,N
DP00629,Ravi W,Bike,Full-time,4.11,Y
DP02283,Ananya O,Cycle,Part-time,3.82,Y
DP05651,Vikas Q,Scooter,Full-time,4.72,N
DP12939,Suresh L,Bike,Contract,4.21,Y
DP07025,Nikhil S,Scooter,Contract,3.77,Y
DP14669,Neha D,Bike,Part-time,4.7,Y
DP12781,Vikas T,Bike,Part-time,4.36,Y
DP03236,Deepak J,Car,Part-time,3.67,Y
DP10445,Amit E,Car,Full-time,4.34,N
DP14865,Ravi V,Bike,Part-time,4.59,Y
DP03504,Santosh V,Car,Part-time,4.07,Y
DP10438,Arjun J,Cycle,Part-time,4.12,Y
DP02454,Neha I,Scooter,Contract,4.41,N
DP07542,Amit F,Cycle,Full-time,4.42,Y
DP02949,Shreya H,Bike,Full-time,4.22,Y
DP13274,Manoj W,Bike,Contract,3.48,N
DP12752,Amit R,Bike,Part-time,4.15,Y
DP06607,Santosh B,Bike,Part-time,4.23,Y
DP02647,Rakesh N,Cycle,Part-time,4.28,Y
DP14773,Pooja K,Bike,Part-time,4.48,Y
DP11265,Vikas S,Scooter,Part-time,4.01,Y
DP04232,Sneha B,Bike,Part-time,4.27,Y
DP04585,Vikas M,Bike,Contract,4.19,Y
DP00935,Ananya E,Bike,Contract,4.41,Y
DP11946,Pooja C,Bike,Contract,4.04,Y
DP02750,Ananya M,Scooter,Full-time,3.94,Y
DP12890,Sneha E,Scooter,Part-time,4.52,Y
DP12870,Pooja C,Cycle,Full-time,4.6,Y
DP11353,Shreya C,Scooter,Part-time,4.07,Y
DP04372,Pooja Z,Bike,Contract,3.99,N
DP04975,Shreya L,Bike,Contract,4.34,Y
DP04756,Nikhil Y,Bike,Part-time,3.6,Y
DP08194,Neha E,Bike,Full-time,4.29,Y
DP13211,Sneha S,Cycle,Part-time,3.9,Y
DP11371,Deepak H,Bike,Part-time,4.63,Y
DP14211,Nikhil F,Scooter,Contract,4.22,Y
DP07715,Meena K,Scooter,Contract,4.22,Y
DP00633,Divya R,Bike,Full-time,3.72,Y
DP06141,Shreya W,Bike,Full-time,4.07,Y
DP04949,Ravi N,Bike,Part-time,4.08,Y
DP11439,Amit R,Cycle,Part-time,4.3,Y
DP03961,Pooja R,Scooter,Part-time,4.51,Y
DP02111,Priya Z,Bike,Part-time,3.86,Y
DP10524,Rakesh X,Scooter,Full-time,4.21,N
DP05818,Rahul U,Cycle,Full-time,3.65,Y
DP04567,Vikas P,Scooter,Full-time,4.2,Y
DP10407,Pooja C,Bike,Full-time,4.09,Y
DP05420,Shreya X,Scooter,Full-time,4.44,Y
DP06056,Deepak T,Bike,Contract,3.96,Y
DP11673,Nikhil B,Bike,Full-time,4.29,Y
DP14333,Nikhil X,Car,Part-time,4,Y
DP10727,Rahul Y,Scooter,Part-time,4.49,Y
DP05567,Arjun J,Scooter,Full-time,3.64,Y
DP12407,Manoj Z,Cycle,Full-time,4.43,Y
DP13043,Vikas Z,Bike,Full-time,3.78,Y
DP00893,Neha P,Scooter,Full-time,4.53,Y
DP07530,Arjun V,Bike,Part-time,4.38,Y
DP04879,Vikas I,Bike,Full-time,4.56,Y
DP06057,Priya E,Bike,Full-time,4.4,N
DP09751,Rakesh O,Cycle,Full-time,4.13,Y
DP07600,Kiran Z,Scooter,Part-time,4.09,Y
DP13291,Meena D,Bike,Contract,3.38,Y
DP01107,Kiran S,Scooter,Part-time,4.11,Y
DP05360,Rahul S,Cycle,Part-time,4.23,Y
DP14702,Ravi S,Scooter,Part-time,4.34,Y
DP02551,Deepak J,Bike,Full-time,4.27,Y
DP11971,Nikhil P,Bike,Contract,4.18,Y
DP14462,Rakesh H,Scooter,Contract,3.82,N
DP12758,Manoj Y,Bike,Full-time,3.77,Y
DP04530,Ravi A,Car,Full-time,3.8,Y
DP07525,Deepak E,Cycle,Full-time,4.41,Y
DP10738,Santosh K,Bike,Full-time,4.04,Y
DP00420,Neha F,Cycle,Part-time,4.29,Y
DP02836,Kiran J,Bike,Contract,3.97,Y
DP02661,Nikhil X,Scooter,Full-time,4.37,Y
DP13071,Meena N,Scooter,Full-time,4.25,Y
DP01072,Kiran W,Cycle,Full-time,4.4,Y
DP08564,Meena Q,Scooter,Full-time,3.72,Y
DP05940,Meena Y,Bike,Full-time,3.75,Y
DP04993,Santosh L,Scooter,Contract,4.26,Y
DP03892,Amit G,Bike,Full-time,4.14,Y
DP00467,Rahul L,Scooter,Full-time,4.46,Y
DP02037,Amit E,Scooter,Full-time,3.45,Y
DP02865,Pooja A,Scooter,Contract,4.22,Y
DP00839,Nikhil J,Scooter,Part-time,3.92,Y
DP01707,Vikas D,Scooter,Contract,4.09,Y
DP14296,Vikas N,Bike,Part-time,4.13,Y
DP13674,Nikhil M,Scooter,Part-time,4.68,Y
DP01782,Amit Q,Bike,Part-time,4.62,Y
DP07827,Kiran W,Bike,Full-time,3.69,Y
DP09313,Divya K,Cycle,Part-time,4.26,Y
DP09054,Shreya Q,Bike,Part-time,3.89,Y
DP12936,Kiran I,Cycle,Full-time,4.49,Y
DP06796,Pooja S,Scooter,Full-time,4.28,N
DP01123,Kiran J,Scooter,Contract,4.41,Y
DP01530,Rakesh E,Scooter,Part-time,4.36,Y
DP11067,Rahul M,Scooter,Full-time,4.36,Y
DP11309,Suresh S,Bike,Full-time,4.19,Y
DP07354,Vikas E,Scooter,Contract,3.61,Y
DP11552,Manoj Y,Scooter,Full-time,3.83,Y
DP01224,Ravi O,Bike,Full-time,3.87,N
DP03841,Meena T,Scooter,Contract,3.95,Y
DP09264,Rakesh A,Bike,Full-time,4.33,Y
DP07040,Divya P,Bike,Full-time,4.24,N
DP06633,Meena V,Bike,Full-time,3.82,Y
DP00797,Sneha L,Car,Full-time,4.27,Y
DP10292,Deepak G,Scooter,Full-time,4.13,Y
DP05426,Santosh Z,Scooter,Part-time,3.78,Y
DP06924,Sneha E,Cycle,Full-time,4.97,Y
DP12703,Amit Y,Bike,Part-time,4.54,Y
DP11849,Arjun P,Bike,Full-time,4.05,Y
DP04759,Vikas O,Bike,Part-time,4.65,Y
DP00882,Priya G,Scooter,Contract,4.14,Y
DP00693,Santosh F,Bike,Full-time,4.23,Y
DP07185,Arjun A,Bike,Part-time,3.86,Y
DP09309,Meena W,Scooter,Contract,3.8,N
DP02158,Ananya Y,Bike,Full-time,4.04,Y
DP02998,Deepak A,Scooter,Part-time,4.01,Y
DP13576,Ananya Z,Bike,Full-time,4.61,Y
DP08541,Arjun U,Cycle,Part-time,4.47,Y
DP09231,Arjun A,Bike,Full-time,3.72,Y
DP09121,Shreya H,Scooter,Part-time,4.13,Y
DP05518,Neha W,Bike,Part-time,3.96,N
DP01199,Shreya J,Bike,Full-time,4.14,Y
DP07045,Suresh M,Bike,Full-time,4.45,Y
DP09075,Vikas H,Scooter,Full-time,4.46,Y
DP07749,Rahul F,Scooter,Full-time,3.62,N
