CUSTOMER_ID,TOTAL_SPEND,PRE_CRISIS_ORDERS,CRISIS_ORDERS,PRE_CRISIS_RATING,CRISIS_RATING,ORDER_DROP,RATING_DROP
CUST064951,1847.34,6,0,4.5000000,,6,4.5000000
CUST163628,2397.58,5,0,4.7500000,,5,4.7500000
CUST082992,2022.08,5,0,4.7000000,,5,4.7000000
CUST026722,1322.34,5,0,4.5666667,,5,4.5666667
CUST077722,2715.18,5,0,4.4000000,,5,4.4000000
CUST100977,1093.69,4,0,,,4,
CUST138465,1483.10,4,0,,,4,
CUST004836,834.94,4,0,,,4,
CUST140529,901.68,4,0,,,4,
CUST041777,1614.88,4,0,,,4,
CUST056893,1371.24,4,0,,,4,
CUST063282,829.48,4,0,,,4,
CUST167649,920.12,4,0,5.0000000,,4,5.0000000
CUST098288,1216.19,4,0,5.0000000,,4,5.0000000
CUST006990,1096.78,4,0,5.0000000,,4,5.0000000
CUST159762,2008.41,4,0,5.0000000,,4,5.0000000
CUST086252,1170.86,4,0,5.0000000,,4,5.0000000
CUST004634,1048.48,4,0,5.0000000,,4,5.0000000
CUST092097,1187.80,4,0,5.0000000,,4,5.0000000
CUST180744,973.03,4,0,5.0000000,,4,5.0000000
CUST124385,1237.93,4,0,5.0000000,,4,5.0000000
CUST146205,1620.18,4,0,5.0000000,,4,5.0000000
CUST125990,2175.88,4,0,5.0000000,,4,5.0000000
CUST175087,924.55,4,0,5.0000000,,4,5.0000000
CUST165515,1595.32,4,0,4.9500000,,4,4.9500000
CUST014076,1404.76,4,0,4.9000000,,4,4.9000000
CUST126933,1507.08,4,0,4.9000000,,4,4.9000000
CUST183882,1213.65,4,0,4.8000000,,4,4.8000000
CUST127566,1885.93,4,0,4.8000000,,4,4.8000000
CUST141674,1317.23,4,0,4.8000000,,4,4.8000000
CUST139550,960.65,4,0,4.8000000,,4,4.8000000
CUST138029,970.80,4,0,4.7666667,,4,4.7666667
CUST107471,842.70,4,0,4.7000000,,4,4.7000000
CUST170859,1226.34,4,0,4.7000000,,4,4.7000000
CUST159150,1035.61,4,0,4.7000000,,4,4.7000000
CUST157798,1501.21,4,0,4.6500000,,4,4.6500000
CUST177141,1418.70,4,0,4.6500000,,4,4.6500000
CUST177608,1022.95,4,0,4.6500000,,4,4.6500000
CUST069972,1686.54,4,0,4.6333333,,4,4.6333333
CUST072857,1886.26,4,0,4.6333333,,4,4.6333333
CUST186419,1574.79,4,0,4.6000000,,4,4.6000000
CUST144523,818.84,4,0,4.6000000,,4,4.6000000
CUST080753,1095.70,4,0,4.6000000,,4,4.6000000
CUST083017,1234.65,4,0,4.6000000,,4,4.6000000
CUST192705,1269.57,4,0,4.6000000,,4,4.6000000
CUST153322,1410.40,4,0,4.6000000,,4,4.6000000
CUST005671,1769.89,4,0,4.6000000,,4,4.6000000
CUST019977,931.39,4,0,4.6000000,,4,4.6000000
CUST163646,1128.89,4,0,4.5666667,,4,4.5666667
CUST040933,1573.45,4,0,4.5666667,,4,4.5666667
CUST173310,1156.89,4,0,4.5500000,,4,4.5500000
CUST187669,1319.56,4,0,4.5500000,,4,4.5500000
CUST070616,947.22,4,0,4.5000000,,4,4.5000000
CUST198422,1275.11,4,0,4.5000000,,4,4.5000000
CUST148145,1014.91,4,0,4.5000000,,4,4.5000000
CUST146712,1052.53,4,0,4.4500000,,4,4.4500000
CUST069668,1407.93,4,0,4.4500000,,4,4.4500000
CUST175014,1043.91,4,0,4.4500000,,4,4.4500000
CUST073377,1354.46,4,0,4.4333333,,4,4.4333333
CUST012402,1452.78,4,0,4.4250000,,4,4.4250000
CUST112615,1320.95,4,0,4.4000000,,4,4.4000000
CUST063929,1730.34,4,0,4.4000000,,4,4.4000000
CUST155346,1680.87,4,0,4.4000000,,4,4.4000000
CUST102685,1331.89,4,0,4.3500000,,4,4.3500000
CUST154874,1354.63,4,0,4.3000000,,4,4.3000000
CUST006247,1703.81,4,0,4.2666667,,4,4.2666667
CUST092652,1183.76,4,0,4.2500000,,4,4.2500000
CUST041916,1292.04,4,0,4.2000000,,4,4.2000000
CUST180017,1104.75,4,0,4.2000000,,4,4.2000000
CUST117833,1380.86,4,0,4.1500000,,4,4.1500000
CUST062877,1690.86,4,0,4.1500000,,4,4.1500000
CUST100936,1315.32,4,0,4.1000000,,4,4.1000000
CUST059845,1550.11,4,0,4.1000000,,4,4.1000000
CUST175023,984.58,4,0,3.9666667,,4,3.9666667
CUST065230,831.73,3,0,,,3,
CUST153746,1539.64,3,0,,,3,
CUST094916,1225.75,3,0,,,3,
CUST135206,1032.38,3,0,,,3,
CUST108166,1052.41,3,0,,,3,
CUST029738,1077.83,3,0,,,3,
CUST088328,1271.18,3,0,,,3,
CUST174250,1528.90,3,0,,,3,
CUST157081,1025.85,3,0,,,3,
CUST199904,845.17,3,0,,,3,
CUST093692,1178.88,3,0,,,3,
CUST040975,913.26,3,0,,,3,
CUST126363,1074.14,3,0,,,3,
CUST115763,1167.72,3,0,,,3,
CUST082087,1069.87,3,0,,,3,
CUST120159,1031.80,3,0,,,3,
CUST084473,830.87,3,0,,,3,
CUST016352,1545.24,3,0,,,3,
CUST159267,1289.18,3,0,,,3,
CUST066733,868.16,3,0,,,3,
CUST051735,1237.37,3,0,,,3,
CUST061030,948.22,3,0,,,3,
CUST023031,892.89,3,0,,,3,
CUST056598,1048.27,3,0,,,3,
CUST144802,933.19,3,0,,,3,
CUST060399,809.63,3,0,,,3,
CUST167102,971.96,3,0,,,3,
CUST022617,1119.37,3,0,,,3,
CUST046308,1117.77,3,0,,,3,
CUST054308,912.00,4,1,,4.4000000,3,
CUST113861,1136.17,3,0,,,3,
CUST024538,837.32,3,0,,,3,
CUST068813,1076.47,3,0,,,3,
CUST096402,940.75,3,0,,,3,
CUST111264,1130.67,3,0,,,3,
CUST164475,868.56,3,0,,,3,
CUST178200,1428.38,3,0,,,3,
CUST168266,1081.24,3,0,,,3,
CUST166428,811.06,3,0,,,3,
CUST096915,959.73,3,0,,,3,
CUST043030,1083.60,3,0,,,3,
CUST126680,865.60,3,0,,,3,
CUST178520,1184.73,3,0,,,3,
CUST117147,1180.30,3,0,,,3,
CUST120460,935.18,3,0,,,3,
CUST109556,1371.49,3,0,,,3,
CUST095955,1212.88,3,0,,,3,
CUST103779,1175.88,3,0,,,3,
CUST048504,1019.59,3,0,,,3,
CUST060968,927.54,3,0,,,3,
CUST131276,1748.21,3,0,,,3,
CUST187195,818.18,3,0,,,3,
CUST038327,890.68,3,0,,,3,
CUST109239,922.99,3,0,,,3,
CUST159973,1462.59,3,0,,,3,
CUST052096,889.64,3,0,,,3,
CUST106166,855.83,3,0,,,3,
CUST191880,982.15,3,0,,,3,
CUST193776,1158.17,3,0,,,3,
CUST170886,1182.91,3,0,,,3,
CUST116022,1587.18,3,0,,,3,
CUST011204,1165.76,3,0,,,3,
CUST094586,1432.70,3,0,,,3,
CUST101488,899.77,3,0,,,3,
CUST083757,1516.22,3,0,,,3,
CUST152144,1108.28,3,0,,,3,
CUST158954,829.13,3,0,,,3,
CUST193989,810.70,3,0,,,3,
CUST111499,1042.95,3,0,,,3,
CUST097331,989.82,3,0,,,3,
CUST120311,1148.29,3,0,,,3,
CUST063448,1284.47,3,0,,,3,
CUST052737,808.57,3,0,,,3,
CUST046185,1649.93,3,0,,,3,
CUST173992,1072.40,3,0,,,3,
CUST117775,941.65,3,0,,,3,
CUST070942,1617.39,3,0,,,3,
CUST182267,983.93,3,0,,,3,
CUST098169,1246.90,3,0,,,3,
CUST052301,840.37,3,0,,,3,
CUST187855,985.25,3,0,,,3,
CUST161686,1067.76,3,0,,,3,
CUST097469,1571.94,3,0,,,3,
CUST156284,1293.93,3,0,,,3,
CUST186031,938.75,3,0,,,3,
CUST171123,1424.39,3,0,,,3,
CUST045090,885.76,3,0,,,3,
CUST093181,1187.82,3,0,,,3,
CUST098970,1112.98,3,0,,,3,
CUST122713,823.08,3,0,,,3,
CUST117258,1065.29,3,0,,,3,
CUST040235,1236.53,3,0,,,3,
CUST063476,1617.18,3,0,5.0000000,,3,5.0000000
CUST041953,1456.93,4,1,5.0000000,,3,5.0000000
CUST047255,1419.43,3,0,5.0000000,,3,5.0000000
CUST048374,913.54,3,0,5.0000000,,3,5.0000000
CUST029766,1165.01,3,0,5.0000000,,3,5.0000000
CUST123860,1105.87,3,0,5.0000000,,3,5.0000000
CUST022785,997.11,3,0,5.0000000,,3,5.0000000
CUST149635,1251.96,3,0,5.0000000,,3,5.0000000
CUST166318,1039.34,3,0,5.0000000,,3,5.0000000
CUST013253,999.85,3,0,5.0000000,,3,5.0000000
CUST193722,1054.74,3,0,5.0000000,,3,5.0000000
CUST176209,1070.02,3,0,5.0000000,,3,5.0000000
CUST030197,1090.67,3,0,5.0000000,,3,5.0000000
CUST199388,887.60,3,0,5.0000000,,3,5.0000000
CUST120666,1296.11,3,0,5.0000000,,3,5.0000000
CUST049975,1128.35,3,0,5.0000000,,3,5.0000000
CUST094477,1376.02,3,0,5.0000000,,3,5.0000000
CUST165884,1029.96,3,0,5.0000000,,3,5.0000000
CUST126245,884.14,3,0,5.0000000,,3,5.0000000
CUST074075,886.99,3,0,5.0000000,,3,5.0000000
CUST011965,1760.83,3,0,5.0000000,,3,5.0000000
CUST177928,894.23,3,0,5.0000000,,3,5.0000000
CUST053197,1117.41,3,0,5.0000000,,3,5.0000000
CUST037389,1176.53,3,0,5.0000000,,3,5.0000000
CUST126248,1031.58,3,0,5.0000000,,3,5.0000000
CUST135272,958.07,3,0,5.0000000,,3,5.0000000
CUST077640,1101.39,3,0,5.0000000,,3,5.0000000
CUST194023,827.81,3,0,5.0000000,,3,5.0000000
CUST002828,895.24,3,0,5.0000000,,3,5.0000000
CUST141631,1323.26,3,0,5.0000000,,3,5.0000000
CUST054507,1566.50,3,0,5.0000000,,3,5.0000000
CUST081854,1074.29,3,0,5.0000000,,3,5.0000000
CUST003391,1103.75,3,0,5.0000000,,3,5.0000000
CUST116580,1102.55,3,0,5.0000000,,3,5.0000000
CUST192288,1034.83,3,0,5.0000000,,3,5.0000000
CUST077434,1108.73,3,0,5.0000000,,3,5.0000000
CUST186741,994.85,3,0,5.0000000,,3,5.0000000
CUST014549,1373.51,3,0,5.0000000,,3,5.0000000
CUST140690,1010.30,3,0,5.0000000,,3,5.0000000
CUST177908,1182.92,3,0,5.0000000,,3,5.0000000
CUST140392,1208.82,3,0,5.0000000,,3,5.0000000
CUST067976,879.13,3,0,5.0000000,,3,5.0000000
CUST116896,966.45,3,0,5.0000000,,3,5.0000000
CUST189881,1279.41,3,0,5.0000000,,3,5.0000000
CUST114527,1175.92,3,0,5.0000000,,3,5.0000000
CUST104946,926.23,3,0,5.0000000,,3,5.0000000
CUST002098,1054.11,3,0,5.0000000,,3,5.0000000
CUST111043,1173.68,3,0,5.0000000,,3,5.0000000
CUST043155,1145.69,3,0,5.0000000,,3,5.0000000
CUST183420,1192.75,3,0,5.0000000,,3,5.0000000
CUST198017,1069.09,3,0,5.0000000,,3,5.0000000
CUST139382,1273.61,3,0,5.0000000,,3,5.0000000
CUST037344,1113.93,3,0,5.0000000,,3,5.0000000
CUST033967,966.92,3,0,5.0000000,,3,5.0000000
CUST124074,869.29,3,0,5.0000000,,3,5.0000000
CUST020686,922.32,3,0,5.0000000,,3,5.0000000
CUST021268,1035.35,3,0,5.0000000,,3,5.0000000
CUST138887,1322.61,3,0,4.9666667,,3,4.9666667
CUST038756,1323.84,3,0,4.9666667,,3,4.9666667
CUST160816,1580.21,3,0,4.9666667,,3,4.9666667
CUST023852,863.97,3,0,4.9500000,,3,4.9500000
CUST009618,1267.28,3,0,4.9500000,,3,4.9500000
CUST108118,1123.30,3,0,4.9500000,,3,4.9500000
CUST076160,1250.75,3,0,4.9500000,,3,4.9500000
CUST141035,1219.89,3,0,4.9500000,,3,4.9500000
CUST090606,1082.44,3,0,4.9500000,,3,4.9500000
CUST042490,1351.55,3,0,4.9500000,,3,4.9500000
CUST037772,998.85,3,0,4.9500000,,3,4.9500000
CUST002789,1101.15,3,0,4.9333333,,3,4.9333333
CUST190429,905.65,3,0,4.9000000,,3,4.9000000
CUST106398,901.98,3,0,4.9000000,,3,4.9000000
CUST198522,1087.26,3,0,4.9000000,,3,4.9000000
CUST113934,1344.55,3,0,4.9000000,,3,4.9000000
CUST108915,975.61,3,0,4.9000000,,3,4.9000000
CUST002037,1039.11,3,0,4.9000000,,3,4.9000000
CUST003506,1030.70,3,0,4.9000000,,3,4.9000000
CUST100107,1252.41,3,0,4.9000000,,3,4.9000000
CUST010347,1243.72,3,0,4.9000000,,3,4.9000000
CUST118509,1012.18,3,0,4.9000000,,3,4.9000000
CUST008118,1417.75,3,0,4.9000000,,3,4.9000000
CUST052954,975.67,3,0,4.9000000,,3,4.9000000
CUST070777,1316.73,3,0,4.9000000,,3,4.9000000
CUST139114,1664.69,3,0,4.9000000,,3,4.9000000
CUST160710,1151.09,3,0,4.9000000,,3,4.9000000
CUST094738,1640.15,3,0,4.9000000,,3,4.9000000
CUST125330,1069.18,3,0,4.9000000,,3,4.9000000
CUST060920,1073.57,3,0,4.9000000,,3,4.9000000
CUST067233,855.17,3,0,4.9000000,,3,4.9000000
CUST147542,862.77,3,0,4.9000000,,3,4.9000000
CUST067953,942.72,3,0,4.9000000,,3,4.9000000
CUST163141,888.27,3,0,4.9000000,,3,4.9000000
CUST142129,1121.50,3,0,4.9000000,,3,4.9000000
CUST091203,1325.33,3,0,4.9000000,,3,4.9000000
CUST190219,899.47,3,0,4.9000000,,3,4.9000000
CUST038396,967.54,3,0,4.8500000,,3,4.8500000
CUST128664,817.93,3,0,4.8500000,,3,4.8500000
CUST167490,1438.91,3,0,4.8500000,,3,4.8500000
CUST023868,859.30,3,0,4.8500000,,3,4.8500000
CUST194442,920.05,3,0,4.8500000,,3,4.8500000
CUST157240,1028.95,3,0,4.8500000,,3,4.8500000
CUST039163,977.16,3,0,4.8500000,,3,4.8500000
CUST027464,967.18,3,0,4.8500000,,3,4.8500000
CUST080153,995.73,3,0,4.8500000,,3,4.8500000
CUST046096,1021.08,3,0,4.8500000,,3,4.8500000
CUST040630,924.15,3,0,4.8500000,,3,4.8500000
CUST175515,957.36,3,0,4.8500000,,3,4.8500000
CUST138155,1448.61,3,0,4.8500000,,3,4.8500000
CUST130350,821.59,3,0,4.8333333,,3,4.8333333
CUST057515,1090.98,3,0,4.8333333,,3,4.8333333
CUST041773,1229.64,3,0,4.8333333,,3,4.8333333
CUST053540,876.85,3,0,4.8000000,,3,4.8000000
CUST102323,1200.74,3,0,4.8000000,,3,4.8000000
CUST061132,923.00,3,0,4.8000000,,3,4.8000000
CUST030750,882.87,3,0,4.8000000,,3,4.8000000
CUST078497,1543.81,3,0,4.8000000,,3,4.8000000
CUST109301,855.72,3,0,4.8000000,,3,4.8000000
CUST127814,873.87,3,0,4.8000000,,3,4.8000000
CUST050392,1051.70,3,0,4.8000000,,3,4.8000000
CUST070441,1384.58,3,0,4.8000000,,3,4.8000000
CUST033317,996.79,3,0,4.8000000,,3,4.8000000
CUST190329,1057.53,3,0,4.8000000,,3,4.8000000
CUST186125,1082.60,3,0,4.8000000,,3,4.8000000
CUST154845,878.72,3,0,4.8000000,,3,4.8000000
CUST058733,1010.38,3,0,4.8000000,,3,4.8000000
CUST051158,1047.22,3,0,4.8000000,,3,4.8000000
CUST006568,1048.15,3,0,4.8000000,,3,4.8000000
CUST143905,850.48,3,0,4.8000000,,3,4.8000000
CUST020966,1002.79,3,0,4.8000000,,3,4.8000000
CUST155405,1087.58,3,0,4.8000000,,3,4.8000000
CUST102948,949.61,3,0,4.8000000,,3,4.8000000
CUST138230,1193.18,3,0,4.8000000,,3,4.8000000
CUST151498,953.70,3,0,4.8000000,,3,4.8000000
CUST017393,883.74,3,0,4.8000000,,3,4.8000000
CUST057698,958.78,3,0,4.8000000,,3,4.8000000
CUST030269,994.46,3,0,4.8000000,,3,4.8000000
CUST152108,915.83,3,0,4.8000000,,3,4.8000000
CUST037212,1097.17,3,0,4.8000000,,3,4.8000000
CUST114887,816.76,3,0,4.8000000,,3,4.8000000
CUST043175,1100.63,3,0,4.8000000,,3,4.8000000
CUST030565,1249.63,3,0,4.8000000,,3,4.8000000
CUST166646,980.02,3,0,4.8000000,,3,4.8000000
CUST113582,868.90,3,0,4.8000000,,3,4.8000000
CUST005375,932.26,3,0,4.8000000,,3,4.8000000
CUST062148,995.39,3,0,4.8000000,,3,4.8000000
CUST058048,1152.73,3,0,4.8000000,,3,4.8000000
CUST177485,926.96,3,0,4.8000000,,3,4.8000000
CUST143534,1044.30,3,0,4.8000000,,3,4.8000000
CUST024156,1051.00,3,0,4.8000000,,3,4.8000000
CUST151146,818.53,3,0,4.8000000,,3,4.8000000
CUST116531,1207.31,3,0,4.8000000,,3,4.8000000
CUST100665,1268.07,3,0,4.8000000,,3,4.8000000
CUST187540,1266.73,3,0,4.8000000,,3,4.8000000
CUST182370,1085.00,3,0,4.8000000,,3,4.8000000
CUST082688,1288.35,3,0,4.8000000,,3,4.8000000
CUST123769,1036.58,3,0,4.8000000,,3,4.8000000
CUST106651,1238.92,3,0,4.8000000,,3,4.8000000
CUST177157,1354.79,3,0,4.8000000,,3,4.8000000
CUST191711,986.93,3,0,4.8000000,,3,4.8000000
CUST196016,1168.83,3,0,4.8000000,,3,4.8000000
CUST136277,1035.43,3,0,4.8000000,,3,4.8000000
CUST005761,891.56,3,0,4.8000000,,3,4.8000000
CUST139705,1333.22,3,0,4.8000000,,3,4.8000000
CUST164491,946.25,3,0,4.8000000,,3,4.8000000
CUST143231,1004.84,3,0,4.8000000,,3,4.8000000
CUST022615,883.33,3,0,4.8000000,,3,4.8000000
CUST067529,1083.00,3,0,4.8000000,,3,4.8000000
CUST149767,1114.94,3,0,4.8000000,,3,4.8000000
CUST045201,1060.54,3,0,4.8000000,,3,4.8000000
CUST079245,1365.82,3,0,4.8000000,,3,4.8000000
CUST010588,944.45,3,0,4.8000000,,3,4.8000000
CUST026281,998.74,3,0,4.8000000,,3,4.8000000
CUST183906,1079.95,3,0,4.8000000,,3,4.8000000
CUST117823,984.08,3,0,4.8000000,,3,4.8000000
CUST063350,1070.63,3,0,4.7666667,,3,4.7666667
CUST044476,1377.53,3,0,4.7666667,,3,4.7666667
CUST148794,1609.42,3,0,4.7666667,,3,4.7666667
CUST081128,1053.64,3,0,4.7666667,,3,4.7666667
CUST084685,823.37,3,0,4.7666667,,3,4.7666667
CUST007929,1327.73,3,0,4.7666667,,3,4.7666667
CUST165858,1308.22,3,0,4.7666667,,3,4.7666667
CUST091587,1427.26,3,0,4.7500000,,3,4.7500000
CUST138026,1041.33,3,0,4.7500000,,3,4.7500000
CUST133978,1094.86,3,0,4.7500000,,3,4.7500000
CUST168448,1105.11,3,0,4.7500000,,3,4.7500000
CUST108885,909.02,3,0,4.7500000,,3,4.7500000
CUST113935,1166.42,3,0,4.7500000,,3,4.7500000
CUST122236,865.38,3,0,4.7500000,,3,4.7500000
CUST107142,1260.52,3,0,4.7500000,,3,4.7500000
CUST128327,1086.39,3,0,4.7500000,,3,4.7500000
CUST159136,1448.69,3,0,4.7500000,,3,4.7500000
CUST153927,1093.16,3,0,4.7500000,,3,4.7500000
CUST074322,1060.98,3,0,4.7500000,,3,4.7500000
CUST048376,1234.35,3,0,4.7500000,,3,4.7500000
CUST034215,1223.31,3,0,4.7500000,,3,4.7500000
CUST074053,1216.30,3,0,4.7500000,,3,4.7500000
CUST006197,1119.47,3,0,4.7500000,,3,4.7500000
CUST042658,948.35,3,0,4.7500000,,3,4.7500000
CUST061759,924.00,4,1,4.7500000,,3,4.7500000
CUST044758,1177.76,3,0,4.7500000,,3,4.7500000
CUST096821,1084.81,3,0,4.7500000,,3,4.7500000
CUST144644,1299.16,3,0,4.7500000,,3,4.7500000
CUST068286,1017.04,3,0,4.7500000,,3,4.7500000
CUST151087,927.31,3,0,4.7500000,,3,4.7500000
CUST022061,925.99,3,0,4.7333333,,3,4.7333333
CUST102607,891.03,3,0,4.7333333,,3,4.7333333
CUST108557,942.25,3,0,4.7333333,,3,4.7333333
CUST199922,928.52,3,0,4.7333333,,3,4.7333333
CUST199646,960.97,3,0,4.7333333,,3,4.7333333
CUST076803,1020.34,3,0,4.7333333,,3,4.7333333
CUST087054,964.50,3,0,4.7000000,,3,4.7000000
CUST181397,1158.92,3,0,4.7000000,,3,4.7000000
CUST185870,894.75,3,0,4.7000000,,3,4.7000000
CUST102116,1165.19,3,0,4.7000000,,3,4.7000000
CUST147614,961.75,3,0,4.7000000,,3,4.7000000
CUST041332,1058.97,3,0,4.7000000,,3,4.7000000
CUST060870,894.48,3,0,4.7000000,,3,4.7000000
CUST090013,1037.49,3,0,4.7000000,,3,4.7000000
CUST126604,1046.63,3,0,4.7000000,,3,4.7000000
CUST012529,1226.34,3,0,4.7000000,,3,4.7000000
CUST076143,1027.98,3,0,4.7000000,,3,4.7000000
CUST097875,1278.06,3,0,4.7000000,,3,4.7000000
CUST184258,910.92,3,0,4.7000000,,3,4.7000000
CUST077751,877.07,3,0,4.7000000,,3,4.7000000
CUST091781,1129.80,3,0,4.7000000,,3,4.7000000
CUST115371,1139.40,3,0,4.7000000,,3,4.7000000
CUST080528,912.76,3,0,4.7000000,,3,4.7000000
CUST119952,897.99,3,0,4.7000000,,3,4.7000000
CUST128644,1444.87,3,0,4.7000000,,3,4.7000000
CUST071797,822.57,3,0,4.7000000,,3,4.7000000
CUST013044,1192.64,3,0,4.7000000,,3,4.7000000
CUST045952,885.81,3,0,4.7000000,,3,4.7000000
CUST158185,904.41,3,0,4.7000000,,3,4.7000000
CUST127265,851.19,3,0,4.7000000,,3,4.7000000
CUST086334,1038.13,3,0,4.7000000,,3,4.7000000
CUST162625,983.09,3,0,4.7000000,,3,4.7000000
CUST068184,1419.02,3,0,4.7000000,,3,4.7000000
CUST060298,909.76,3,0,4.7000000,,3,4.7000000
CUST066488,1261.66,3,0,4.7000000,,3,4.7000000
CUST037363,1041.08,3,0,4.7000000,,3,4.7000000
CUST188922,1141.64,3,0,4.7000000,,3,4.7000000
CUST159756,1026.49,3,0,4.7000000,,3,4.7000000
CUST144995,1060.69,3,0,4.7000000,,3,4.7000000
CUST169485,985.60,3,0,4.7000000,,3,4.7000000
CUST109591,1028.29,3,0,4.7000000,,3,4.7000000
CUST046358,986.35,3,0,4.7000000,,3,4.7000000
CUST050575,926.29,3,0,4.7000000,,3,4.7000000
CUST196252,1022.98,3,0,4.7000000,,3,4.7000000
CUST114463,985.93,3,0,4.7000000,,3,4.7000000
CUST164348,821.91,3,0,4.7000000,,3,4.7000000
CUST143789,870.68,3,0,4.7000000,,3,4.7000000
CUST166522,983.61,3,0,4.7000000,,3,4.7000000
CUST169600,881.02,3,0,4.7000000,,3,4.7000000
CUST125577,1102.31,3,0,4.7000000,,3,4.7000000
CUST045058,1500.96,3,0,4.7000000,,3,4.7000000
CUST166540,1176.65,3,0,4.7000000,,3,4.7000000
CUST153412,848.13,3,0,4.7000000,,3,4.7000000
CUST160269,1413.88,3,0,4.7000000,,3,4.7000000
CUST049828,1054.55,3,0,4.7000000,,3,4.7000000
CUST178999,967.37,3,0,4.7000000,,3,4.7000000
CUST199298,941.83,3,0,4.7000000,,3,4.7000000
CUST161451,917.29,3,0,4.7000000,,3,4.7000000
CUST158453,1004.78,3,0,4.6666667,,3,4.6666667
CUST134968,1013.92,3,0,4.6500000,,3,4.6500000
CUST105098,1094.87,3,0,4.6500000,,3,4.6500000
CUST021211,1223.12,3,0,4.6500000,,3,4.6500000
CUST083524,1046.06,3,0,4.6500000,,3,4.6500000
CUST025969,1166.20,3,0,4.6500000,,3,4.6500000
CUST137170,1413.73,3,0,4.6500000,,3,4.6500000
CUST012932,932.83,3,0,4.6500000,,3,4.6500000
CUST124213,1153.14,3,0,4.6500000,,3,4.6500000
CUST180579,1011.98,3,0,4.6500000,,3,4.6500000
CUST114977,1241.49,3,0,4.6500000,,3,4.6500000
CUST062474,1195.19,3,0,4.6500000,,3,4.6500000
CUST174090,1156.43,3,0,4.6500000,,3,4.6500000
CUST137941,1068.44,3,0,4.6500000,,3,4.6500000
CUST046455,883.86,3,0,4.6500000,,3,4.6500000
CUST053473,1048.44,3,0,4.6500000,,3,4.6500000
CUST012858,1300.18,3,0,4.6500000,,3,4.6500000
CUST153092,882.67,3,0,4.6500000,,3,4.6500000
CUST086631,927.62,3,0,4.6500000,,3,4.6500000
CUST096008,1005.57,3,0,4.6500000,,3,4.6500000
CUST110300,992.17,3,0,4.6500000,,3,4.6500000
CUST103227,1280.49,3,0,4.6500000,,3,4.6500000
CUST168954,1372.86,3,0,4.6500000,,3,4.6500000
CUST199228,1194.43,3,0,4.6500000,,3,4.6500000
CUST016543,824.15,3,0,4.6500000,,3,4.6500000
CUST092659,895.05,3,0,4.6500000,,3,4.6500000
CUST186754,1118.04,3,0,4.6500000,,3,4.6500000
CUST126773,1106.17,3,0,4.6500000,,3,4.6500000
CUST144488,954.49,3,0,4.6500000,,3,4.6500000
CUST099469,889.31,3,0,4.6500000,,3,4.6500000
CUST165912,820.04,3,0,4.6500000,,3,4.6500000
CUST016743,937.51,3,0,4.6500000,,3,4.6500000
CUST167950,1416.22,3,0,4.6500000,,3,4.6500000
CUST034310,1180.16,3,0,4.6500000,,3,4.6500000
CUST198906,992.37,3,0,4.6500000,,3,4.6500000
CUST047212,939.69,3,0,4.6333333,,3,4.6333333
CUST036029,988.82,3,0,4.6333333,,3,4.6333333
CUST144928,822.04,3,0,4.6333333,,3,4.6333333
CUST025704,1052.08,3,0,4.6333333,,3,4.6333333
CUST163325,1621.76,3,0,4.6333333,,3,4.6333333
CUST187826,880.55,3,0,4.6000000,,3,4.6000000
CUST128909,1174.06,3,0,4.6000000,,3,4.6000000
CUST081605,1025.16,3,0,4.6000000,,3,4.6000000
CUST129055,967.75,3,0,4.6000000,,3,4.6000000
CUST039425,860.85,3,0,4.6000000,,3,4.6000000
CUST138456,1185.49,3,0,4.6000000,,3,4.6000000
CUST195478,1029.93,3,0,4.6000000,,3,4.6000000
CUST054800,926.43,3,0,4.6000000,,3,4.6000000
CUST191829,1234.48,3,0,4.6000000,,3,4.6000000
CUST006192,1221.28,3,0,4.6000000,,3,4.6000000
CUST096667,1169.29,3,0,4.6000000,,3,4.6000000
CUST056910,994.04,3,0,4.6000000,,3,4.6000000
CUST141061,1012.20,3,0,4.6000000,,3,4.6000000
CUST188806,1116.38,3,0,4.6000000,,3,4.6000000
CUST077624,905.51,3,0,4.6000000,,3,4.6000000
CUST073601,1127.61,3,0,4.6000000,,3,4.6000000
CUST067163,991.10,3,0,4.6000000,,3,4.6000000
CUST123436,960.55,3,0,4.6000000,,3,4.6000000
CUST071002,950.18,3,0,4.6000000,,3,4.6000000
CUST126319,1052.60,3,0,4.6000000,,3,4.6000000
CUST046667,988.77,3,0,4.6000000,,3,4.6000000
CUST093935,1064.15,3,0,4.6000000,,3,4.6000000
CUST097893,1430.52,3,0,4.6000000,,3,4.6000000
CUST131488,934.97,3,0,4.6000000,,3,4.6000000
CUST101683,1143.11,3,0,4.6000000,,3,4.6000000
CUST117028,1422.69,3,0,4.6000000,,3,4.6000000
CUST176132,1459.42,4,1,4.6000000,,3,4.6000000
CUST165370,1015.13,3,0,4.6000000,,3,4.6000000
CUST118856,981.15,3,0,4.6000000,,3,4.6000000
CUST177100,983.60,3,0,4.6000000,,3,4.6000000
CUST046504,1011.95,3,0,4.6000000,,3,4.6000000
CUST099880,1121.86,3,0,4.6000000,,3,4.6000000
CUST030234,1186.60,3,0,4.6000000,,3,4.6000000
CUST047745,1021.20,3,0,4.6000000,,3,4.6000000
CUST089541,1497.70,3,0,4.6000000,,3,4.6000000
CUST011258,1525.15,3,0,4.6000000,,3,4.6000000
CUST059942,946.19,3,0,4.6000000,,3,4.6000000
CUST066493,1647.30,3,0,4.6000000,,3,4.6000000
CUST182046,1076.68,3,0,4.6000000,,3,4.6000000
CUST092767,1347.42,3,0,4.6000000,,3,4.6000000
CUST132484,964.09,3,0,4.6000000,,3,4.6000000
CUST185550,1252.13,3,0,4.6000000,,3,4.6000000
CUST105931,923.32,3,0,4.6000000,,3,4.6000000
CUST087845,1461.92,3,0,4.6000000,,3,4.6000000
CUST150045,1129.45,3,0,4.6000000,,3,4.6000000
CUST073640,1076.97,3,0,4.6000000,,3,4.6000000
CUST182959,1322.63,3,0,4.6000000,,3,4.6000000
CUST152706,1160.20,3,0,4.6000000,,3,4.6000000
CUST159112,1069.24,3,0,4.6000000,,3,4.6000000
CUST192879,1504.54,3,0,4.6000000,,3,4.6000000
CUST059412,1117.66,3,0,4.6000000,,3,4.6000000
CUST048448,1259.81,3,0,4.5666667,,3,4.5666667
CUST080846,1148.64,3,0,4.5666667,,3,4.5666667
CUST115797,1262.51,3,0,4.5666667,,3,4.5666667
CUST072680,1049.51,3,0,4.5666667,,3,4.5666667
CUST077311,2021.45,3,0,4.5666667,,3,4.5666667
CUST041138,890.16,3,0,4.5666667,,3,4.5666667
CUST123930,939.03,3,0,4.5500000,,3,4.5500000
CUST028588,1267.87,3,0,4.5500000,,3,4.5500000
CUST111438,1165.92,3,0,4.5500000,,3,4.5500000
CUST081584,1114.14,3,0,4.5500000,,3,4.5500000
CUST137393,1034.21,3,0,4.5500000,,3,4.5500000
CUST185946,1174.57,3,0,4.5500000,,3,4.5500000
CUST169747,941.14,3,0,4.5500000,,3,4.5500000
CUST101838,1585.93,3,0,4.5500000,,3,4.5500000
CUST078433,930.81,3,0,4.5500000,,3,4.5500000
CUST027153,1318.80,3,0,4.5500000,,3,4.5500000
CUST003940,1310.48,3,0,4.5500000,,3,4.5500000
CUST123362,861.06,3,0,4.5500000,,3,4.5500000
CUST016650,1438.43,3,0,4.5500000,,3,4.5500000
CUST075066,1167.35,3,0,4.5500000,,3,4.5500000
CUST181718,1091.08,3,0,4.5500000,,3,4.5500000
CUST024580,1081.28,3,0,4.5500000,,3,4.5500000
CUST093240,1095.77,3,0,4.5500000,,3,4.5500000
CUST102425,946.13,3,0,4.5500000,,3,4.5500000
CUST015050,1517.08,3,0,4.5500000,,3,4.5500000
CUST167805,1060.27,3,0,4.5500000,,3,4.5500000
CUST010487,955.11,3,0,4.5500000,,3,4.5500000
CUST008043,1248.85,3,0,4.5500000,,3,4.5500000
CUST074466,1378.17,3,0,4.5500000,,3,4.5500000
CUST137787,869.29,3,0,4.5333333,,3,4.5333333
CUST001794,1356.80,3,0,4.5333333,,3,4.5333333
CUST178946,1124.17,3,0,4.5333333,,3,4.5333333
CUST144806,924.98,3,0,4.5333333,,3,4.5333333
CUST198265,1205.31,3,0,4.5333333,,3,4.5333333
CUST096973,1054.37,3,0,4.5333333,,3,4.5333333
CUST192754,1056.24,3,0,4.5333333,,3,4.5333333
CUST099663,1063.48,3,0,4.5000000,,3,4.5000000
CUST127435,855.16,3,0,4.5000000,,3,4.5000000
CUST012677,1271.92,3,0,4.5000000,,3,4.5000000
CUST156532,1205.12,3,0,4.5000000,,3,4.5000000
CUST015984,1165.99,3,0,4.5000000,,3,4.5000000
CUST111632,1356.76,3,0,4.5000000,,3,4.5000000
CUST182650,864.87,3,0,4.5000000,,3,4.5000000
CUST061020,1088.86,3,0,4.5000000,,3,4.5000000
CUST064188,861.98,3,0,4.5000000,,3,4.5000000
CUST133831,1533.95,3,0,4.5000000,,3,4.5000000
CUST105036,1263.55,3,0,4.5000000,,3,4.5000000
CUST182350,913.54,3,0,4.5000000,,3,4.5000000
CUST133600,1330.90,3,0,4.5000000,,3,4.5000000
CUST186121,998.74,3,0,4.5000000,,3,4.5000000
CUST183192,908.38,3,0,4.5000000,,3,4.5000000
CUST182694,962.89,3,0,4.5000000,,3,4.5000000
CUST055122,999.90,3,0,4.5000000,,3,4.5000000
CUST060427,1093.65,3,0,4.5000000,,3,4.5000000
CUST042344,1500.17,3,0,4.5000000,,3,4.5000000
CUST083131,966.66,3,0,4.5000000,,3,4.5000000
CUST081325,821.68,3,0,4.5000000,,3,4.5000000
CUST037333,1350.97,3,0,4.5000000,,3,4.5000000
CUST168312,987.04,3,0,4.5000000,,3,4.5000000
CUST136940,1209.89,3,0,4.5000000,,3,4.5000000
CUST136842,826.24,3,0,4.5000000,,3,4.5000000
CUST081650,996.01,3,0,4.5000000,,3,4.5000000
CUST073284,1235.19,3,0,4.5000000,,3,4.5000000
CUST197636,932.18,3,0,4.5000000,,3,4.5000000
CUST130866,1212.33,3,0,4.5000000,,3,4.5000000
CUST052373,1205.24,3,0,4.5000000,,3,4.5000000
CUST001842,1194.15,3,0,4.5000000,,3,4.5000000
CUST034337,1019.41,3,0,4.5000000,,3,4.5000000
CUST085707,1135.16,3,0,4.5000000,,3,4.5000000
CUST121022,942.54,3,0,4.5000000,,3,4.5000000
CUST155045,1384.88,3,0,4.5000000,,3,4.5000000
CUST171292,886.38,3,0,4.5000000,,3,4.5000000
CUST104339,900.48,3,0,4.5000000,,3,4.5000000
CUST060633,817.35,3,0,4.5000000,,3,4.5000000
CUST038310,822.50,3,0,4.5000000,,3,4.5000000
CUST043243,1305.81,3,0,4.5000000,,3,4.5000000
CUST045181,863.91,3,0,4.5000000,,3,4.5000000
CUST036992,1141.54,3,0,4.5000000,,3,4.5000000
CUST014672,1107.55,3,0,4.5000000,,3,4.5000000
CUST183068,825.01,3,0,4.5000000,,3,4.5000000
CUST016077,878.29,3,0,4.5000000,,3,4.5000000
CUST076149,1141.92,3,0,4.5000000,,3,4.5000000
CUST108711,1149.02,3,0,4.5000000,,3,4.5000000
CUST159892,1171.30,3,0,4.5000000,,3,4.5000000
CUST124228,1060.05,3,0,4.5000000,,3,4.5000000
CUST111023,1077.04,3,0,4.5000000,,3,4.5000000
CUST141714,1034.80,3,0,4.5000000,,3,4.5000000
CUST131970,934.08,3,0,4.5000000,,3,4.5000000
CUST134317,1126.00,3,0,4.5000000,,3,4.5000000
CUST051830,818.98,3,0,4.5000000,,3,4.5000000
CUST109997,1010.83,3,0,4.5000000,,3,4.5000000
CUST171270,1161.62,3,0,4.5000000,,3,4.5000000
CUST126021,1136.20,3,0,4.4666667,,3,4.4666667
CUST121700,1120.66,3,0,4.4666667,,3,4.4666667
CUST139992,1114.57,3,0,4.4666667,,3,4.4666667
CUST100935,930.92,3,0,4.4500000,,3,4.4500000
CUST096731,1049.86,3,0,4.4500000,,3,4.4500000
CUST111764,1247.32,3,0,4.4500000,,3,4.4500000
CUST193441,1517.97,3,0,4.4500000,,3,4.4500000
CUST003071,1005.23,3,0,4.4500000,,3,4.4500000
CUST096746,958.76,3,0,4.4500000,,3,4.4500000
CUST136916,1122.34,3,0,4.4500000,,3,4.4500000
CUST132596,1078.02,3,0,4.4500000,,3,4.4500000
CUST165768,1274.36,3,0,4.4500000,,3,4.4500000
CUST129889,965.21,3,0,4.4500000,,3,4.4500000
CUST126550,973.19,3,0,4.4500000,,3,4.4500000
CUST171543,880.75,3,0,4.4500000,,3,4.4500000
CUST080571,1079.62,3,0,4.4500000,,3,4.4500000
CUST147598,1009.36,3,0,4.4500000,,3,4.4500000
CUST059094,850.65,3,0,4.4500000,,3,4.4500000
CUST160814,835.61,3,0,4.4500000,,3,4.4500000
CUST115424,930.75,3,0,4.4500000,,3,4.4500000
CUST024672,928.30,3,0,4.4500000,,3,4.4500000
CUST134566,857.48,3,0,4.4500000,,3,4.4500000
CUST099274,1156.11,3,0,4.4500000,,3,4.4500000
CUST167117,1476.76,3,0,4.4500000,,3,4.4500000
CUST116543,1108.35,3,0,4.4500000,,3,4.4500000
CUST056773,976.77,3,0,4.4500000,,3,4.4500000
CUST133637,945.98,3,0,4.4333333,,3,4.4333333
CUST037956,969.77,3,0,4.4333333,,3,4.4333333
CUST096870,1025.39,3,0,4.4333333,,3,4.4333333
CUST105906,916.68,3,0,4.4333333,,3,4.4333333
CUST048659,1177.31,3,0,4.4000000,,3,4.4000000
CUST068487,1198.95,3,0,4.4000000,,3,4.4000000
CUST067085,951.15,3,0,4.4000000,,3,4.4000000
CUST081833,868.10,3,0,4.4000000,,3,4.4000000
CUST115730,1045.35,3,0,4.4000000,,3,4.4000000
CUST106642,970.22,3,0,4.4000000,,3,4.4000000
CUST106620,1198.77,3,0,4.4000000,,3,4.4000000
CUST174477,991.55,3,0,4.4000000,,3,4.4000000
CUST027274,926.37,3,0,4.4000000,,3,4.4000000
CUST023534,1206.58,3,0,4.4000000,,3,4.4000000
CUST096849,998.53,3,0,4.4000000,,3,4.4000000
CUST109224,1085.89,3,0,4.4000000,,3,4.4000000
CUST177856,974.51,3,0,4.4000000,,3,4.4000000
CUST108483,834.28,3,0,4.4000000,,3,4.4000000
CUST024548,1142.12,3,0,4.4000000,,3,4.4000000
CUST041121,1261.60,3,0,4.4000000,,3,4.4000000
CUST131342,1065.86,3,0,4.4000000,,3,4.4000000
CUST116232,1475.90,3,0,4.4000000,,3,4.4000000
CUST106549,1464.29,3,0,4.4000000,,3,4.4000000
CUST006831,908.77,3,0,4.4000000,,3,4.4000000
CUST007968,1094.89,3,0,4.4000000,,3,4.4000000
CUST174823,1056.16,3,0,4.4000000,,3,4.4000000
CUST001379,1098.03,3,0,4.4000000,,3,4.4000000
CUST072467,1116.35,3,0,4.4000000,,3,4.4000000
CUST076997,941.73,3,0,4.4000000,,3,4.4000000
CUST099873,1035.65,3,0,4.4000000,,3,4.4000000
CUST195479,1337.75,3,0,4.4000000,,3,4.4000000
CUST051766,878.23,3,0,4.4000000,,3,4.4000000
CUST160170,854.46,3,0,4.4000000,,3,4.4000000
CUST065153,1606.51,3,0,4.4000000,,3,4.4000000
CUST149704,936.78,3,0,4.4000000,,3,4.4000000
CUST106399,1252.73,3,0,4.4000000,,3,4.4000000
CUST040149,1033.19,3,0,4.4000000,,3,4.4000000
CUST056174,1204.92,3,0,4.4000000,,3,4.4000000
CUST187724,1471.44,3,0,4.4000000,,3,4.4000000
CUST166404,913.18,3,0,4.4000000,,3,4.4000000
CUST141468,970.79,3,0,4.4000000,,3,4.4000000
CUST047299,1070.78,3,0,4.4000000,,3,4.4000000
CUST180558,1178.83,3,0,4.4000000,,3,4.4000000
CUST098402,1164.08,3,0,4.4000000,,3,4.4000000
CUST081275,1033.26,3,0,4.4000000,,3,4.4000000
CUST160990,1268.31,3,0,4.4000000,,3,4.4000000
CUST139755,1294.27,3,0,4.4000000,,3,4.4000000
CUST021394,953.63,3,0,4.3666667,,3,4.3666667
CUST056604,1168.17,3,0,4.3666667,,3,4.3666667
CUST034528,1120.12,3,0,4.3666667,,3,4.3666667
CUST078115,816.58,3,0,4.3666667,,3,4.3666667
CUST098105,840.78,3,0,4.3500000,,3,4.3500000
CUST039189,813.30,3,0,4.3500000,,3,4.3500000
CUST163280,1342.08,3,0,4.3500000,,3,4.3500000
CUST138676,923.16,3,0,4.3500000,,3,4.3500000
CUST064536,1128.40,3,0,4.3500000,,3,4.3500000
CUST121509,1799.80,3,0,4.3500000,,3,4.3500000
CUST186260,953.06,3,0,4.3500000,,3,4.3500000
CUST000816,1170.18,3,0,4.3500000,,3,4.3500000
CUST053302,989.63,3,0,4.3500000,,3,4.3500000
CUST149314,1240.20,3,0,4.3500000,,3,4.3500000
CUST026155,1222.57,3,0,4.3500000,,3,4.3500000
CUST058615,852.63,3,0,4.3500000,,3,4.3500000
CUST028430,969.33,3,0,4.3500000,,3,4.3500000
CUST100355,1491.43,3,0,4.3500000,,3,4.3500000
CUST067570,854.26,3,0,4.3500000,,3,4.3500000
CUST050638,1533.27,3,0,4.3500000,,3,4.3500000
CUST034343,1211.87,3,0,4.3333333,,3,4.3333333
CUST181529,997.00,3,0,4.3333333,,3,4.3333333
CUST021232,1296.74,3,0,4.3333333,,3,4.3333333
CUST126114,964.11,3,0,4.3333333,,3,4.3333333
CUST162193,1234.11,3,0,4.3000000,,3,4.3000000
CUST038690,1084.54,3,0,4.3000000,,3,4.3000000
CUST051162,1036.12,3,0,4.3000000,,3,4.3000000
CUST154410,932.97,3,0,4.3000000,,3,4.3000000
CUST145723,1096.22,3,0,4.3000000,,3,4.3000000
CUST031562,1300.29,3,0,4.3000000,,3,4.3000000
CUST027589,1105.04,3,0,4.3000000,,3,4.3000000
CUST113277,1057.53,3,0,4.3000000,,3,4.3000000
CUST181555,1512.98,3,0,4.3000000,,3,4.3000000
CUST185591,808.71,3,0,4.3000000,,3,4.3000000
CUST089698,902.51,3,0,4.3000000,,3,4.3000000
CUST008282,1273.39,3,0,4.3000000,,3,4.3000000
CUST127285,953.12,3,0,4.3000000,,3,4.3000000
CUST111252,1038.89,3,0,4.3000000,,3,4.3000000
CUST079262,863.86,3,0,4.3000000,,3,4.3000000
CUST131108,915.58,3,0,4.3000000,,3,4.3000000
CUST138335,1259.48,3,0,4.3000000,,3,4.3000000
CUST024100,1135.66,3,0,4.3000000,,3,4.3000000
CUST103843,885.86,3,0,4.3000000,,3,4.3000000
CUST132233,923.25,3,0,4.3000000,,3,4.3000000
CUST011654,1266.10,3,0,4.3000000,,3,4.3000000
CUST072612,909.77,3,0,4.2666667,,3,4.2666667
CUST034255,976.76,3,0,4.2666667,,3,4.2666667
CUST026003,866.16,3,0,4.2666667,,3,4.2666667
CUST045876,1336.62,3,0,4.2666667,,3,4.2666667
CUST161428,1047.78,3,0,4.2500000,,3,4.2500000
CUST021324,1255.73,3,0,4.2500000,,3,4.2500000
CUST082935,1026.55,3,0,4.2500000,,3,4.2500000
CUST012940,1111.43,3,0,4.2500000,,3,4.2500000
CUST013695,1172.21,3,0,4.2500000,,3,4.2500000
CUST156363,924.54,3,0,4.2500000,,3,4.2500000
CUST118782,946.89,3,0,4.2333333,,3,4.2333333
CUST052074,1286.62,3,0,4.2000000,,3,4.2000000
CUST179031,1094.61,3,0,4.2000000,,3,4.2000000
CUST139330,995.47,3,0,4.2000000,,3,4.2000000
CUST016903,983.96,3,0,4.2000000,,3,4.2000000
CUST008181,942.25,3,0,4.2000000,,3,4.2000000
CUST122186,821.54,3,0,4.2000000,,3,4.2000000
CUST090278,1238.38,3,0,4.2000000,,3,4.2000000
CUST121140,1219.10,3,0,4.2000000,,3,4.2000000
CUST152692,1043.74,3,0,4.2000000,,3,4.2000000
CUST162789,1016.52,3,0,4.2000000,,3,4.2000000
CUST058094,1105.29,3,0,4.2000000,,3,4.2000000
CUST176629,949.58,3,0,4.2000000,,3,4.2000000
CUST106934,853.72,3,0,4.2000000,,3,4.2000000
CUST089700,1269.96,3,0,4.2000000,,3,4.2000000
CUST184612,1029.41,3,0,4.2000000,,3,4.2000000
CUST065550,957.03,3,0,4.2000000,,3,4.2000000
CUST077267,1335.27,3,0,4.2000000,,3,4.2000000
CUST181159,901.01,3,0,4.2000000,,3,4.2000000
CUST080630,1004.82,3,0,4.2000000,,3,4.2000000
CUST082692,1160.52,3,0,4.2000000,,3,4.2000000
CUST179853,1155.58,3,0,4.2000000,,3,4.2000000
CUST033586,919.67,3,0,4.2000000,,3,4.2000000
CUST148891,1005.56,3,0,4.2000000,,3,4.2000000
CUST174127,1000.30,3,0,4.2000000,,3,4.2000000
CUST145378,1410.60,3,0,4.2000000,,3,4.2000000
CUST076309,1209.10,4,1,4.2000000,,3,4.2000000
CUST054051,1266.98,3,0,4.1666667,,3,4.1666667
CUST091778,1075.08,3,0,4.1500000,,3,4.1500000
CUST153725,1229.78,3,0,4.1500000,,3,4.1500000
CUST016701,1282.64,3,0,4.1500000,,3,4.1500000
CUST182645,1124.46,3,0,4.1000000,,3,4.1000000
CUST127223,1080.19,3,0,4.1000000,,3,4.1000000
CUST049095,900.34,3,0,4.1000000,,3,4.1000000
CUST155948,910.91,3,0,4.1000000,,3,4.1000000
CUST103138,942.02,3,0,4.1000000,,3,4.1000000
CUST136890,1044.81,4,1,4.1000000,,3,4.1000000
CUST019026,988.94,3,0,4.1000000,,3,4.1000000
CUST034792,1267.34,3,0,4.1000000,,3,4.1000000
CUST166335,1064.13,3,0,4.1000000,,3,4.1000000
CUST069860,851.27,3,0,4.1000000,,3,4.1000000
CUST060855,1561.67,3,0,4.1000000,,3,4.1000000
CUST153083,991.32,3,0,4.1000000,,3,4.1000000
CUST077505,1075.84,3,0,4.1000000,,3,4.1000000
CUST039858,1062.93,3,0,4.1000000,,3,4.1000000
CUST011051,1380.87,3,0,4.1000000,,3,4.1000000
CUST133854,859.16,3,0,4.1000000,,3,4.1000000
CUST103368,969.14,3,0,4.1000000,,3,4.1000000
CUST124231,1003.57,3,0,4.0666667,,3,4.0666667
CUST091700,813.47,3,0,4.0500000,,3,4.0500000
CUST136157,1005.90,3,0,4.0500000,,3,4.0500000
CUST026181,1048.18,3,0,4.0000000,,3,4.0000000
CUST097177,903.01,3,0,4.0000000,,3,4.0000000
CUST067403,1247.74,3,0,4.0000000,,3,4.0000000
CUST122524,1013.58,3,0,4.0000000,,3,4.0000000
CUST030731,901.34,3,0,4.0000000,,3,4.0000000
CUST101927,1023.45,3,0,4.0000000,,3,4.0000000
CUST117141,861.80,3,0,4.0000000,,3,4.0000000
CUST095131,1070.70,3,0,4.0000000,,3,4.0000000
CUST115412,1127.12,3,0,4.0000000,,3,4.0000000
CUST078548,827.16,3,0,4.0000000,,3,4.0000000
CUST029260,870.73,3,0,4.0000000,,3,4.0000000
CUST020762,920.84,3,0,4.0000000,,3,4.0000000
CUST106515,995.07,3,0,4.0000000,,3,4.0000000
CUST052866,1178.55,3,0,4.0000000,,3,4.0000000
CUST157648,1222.01,3,0,3.9500000,,3,3.9500000
CUST167528,1032.61,3,0,3.9500000,,3,3.9500000
CUST018394,962.37,3,0,3.9000000,,3,3.9000000
CUST066646,837.53,3,0,3.9000000,,3,3.9000000
CUST040112,1005.94,3,0,3.9000000,,3,3.9000000
CUST127169,1133.85,3,0,3.9000000,,3,3.9000000
CUST075935,1036.00,3,0,3.9000000,,3,3.9000000
CUST145952,968.91,3,0,3.9000000,,3,3.9000000
CUST055227,1474.63,3,0,3.8500000,,3,3.8500000
CUST162475,861.46,3,0,3.8333333,,3,3.8333333
CUST102123,1349.20,3,0,3.8000000,,3,3.8000000
CUST051879,808.76,3,0,3.8000000,,3,3.8000000
CUST079096,916.46,3,0,3.8000000,,3,3.8000000
CUST173721,1359.04,3,0,3.8000000,,3,3.8000000
CUST098460,955.36,3,0,3.7000000,,3,3.7000000
CUST034992,920.43,3,0,3.7000000,,3,3.7000000
CUST148740,1069.91,3,0,3.7000000,,3,3.7000000
CUST071458,992.83,3,0,3.6000000,,3,3.6000000
CUST020252,1552.20,4,1,4.5000000,4.0000000,3,0.5000000
CUST124189,1198.23,4,1,4.2500000,4.0000000,3,0.2500000
CUST082306,1157.97,4,1,4.2000000,4.0000000,3,0.2000000
CUST178428,1026.67,4,1,4.7500000,4.6000000,3,0.1500000
CUST072644,1403.92,4,1,4.2500000,5.0000000,3,-0.7500000
CUST190640,874.96,2,0,,,2,
CUST039007,933.36,2,0,,,2,
CUST166032,922.83,2,0,,,2,
CUST072839,834.15,2,0,,,2,
CUST187070,1003.45,2,0,,,2,
CUST132065,878.01,2,0,,,2,
CUST188988,837.78,2,0,,,2,
CUST185361,918.13,2,0,,,2,
CUST178299,920.48,2,0,,,2,
CUST116267,949.01,2,0,,,2,
CUST008660,943.64,2,0,,,2,
CUST052040,852.35,2,0,,,2,
CUST097977,813.42,2,0,,,2,
CUST088633,1563.14,2,0,,,2,
CUST092795,903.78,2,0,,,2,
CUST108534,906.71,2,0,,,2,
CUST195257,896.76,2,0,,,2,
CUST048873,985.59,2,0,,,2,
CUST153699,823.58,2,0,,,2,
CUST041187,872.02,2,0,,,2,
CUST064118,833.28,2,0,,,2,
CUST075890,949.88,2,0,,,2,
CUST092049,937.73,2,0,,,2,
CUST060415,962.71,2,0,,,2,
CUST023777,877.10,2,0,,,2,
CUST190929,944.00,2,0,,,2,
CUST132382,817.12,2,0,,,2,
CUST082203,837.10,2,0,,,2,
CUST032165,971.92,2,0,,,2,
CUST184070,829.52,2,0,,,2,
CUST140028,861.04,2,0,,,2,
CUST042105,853.41,2,0,,,2,
CUST016922,853.31,2,0,,,2,
CUST063512,828.25,2,0,,,2,
CUST037580,840.84,2,0,,,2,
CUST154028,980.50,2,0,,,2,
CUST052871,842.74,2,0,,,2,
CUST132688,867.28,2,0,,,2,
CUST095526,1189.73,2,0,,,2,
CUST195029,1101.16,2,0,,,2,
CUST120657,981.24,2,0,,,2,
CUST065245,1084.87,2,0,,,2,
CUST036930,834.69,2,0,,,2,
CUST014226,944.82,2,0,,,2,
CUST000211,821.37,2,0,,,2,
CUST170213,1088.49,2,0,,,2,
CUST009769,934.73,2,0,,,2,
CUST149507,817.13,2,0,,,2,
CUST039227,822.63,2,0,,,2,
CUST023961,824.83,2,0,,,2,
CUST005446,924.88,2,0,,,2,
CUST124376,839.00,2,0,,,2,
CUST125715,943.05,2,0,,,2,
CUST035641,1113.43,2,0,,,2,
CUST061435,861.51,2,0,,,2,
CUST114875,874.38,2,0,,,2,
CUST102601,1160.30,2,0,,,2,
CUST130236,988.48,2,0,,,2,
CUST191326,965.87,2,0,,,2,
CUST073181,831.21,2,0,,,2,
CUST083280,1013.20,2,0,,,2,
CUST022723,961.73,2,0,,,2,
CUST059664,815.00,2,0,,,2,
CUST009792,816.06,2,0,,,2,
CUST083255,827.63,2,0,,,2,
CUST139727,865.13,2,0,,,2,
CUST009271,903.22,2,0,,,2,
CUST067107,920.85,2,0,,,2,
CUST026363,817.36,2,0,,,2,
CUST149137,871.62,2,0,,,2,
CUST125979,1041.40,2,0,,,2,
CUST034744,825.35,2,0,,,2,
CUST076541,1016.36,2,0,,,2,
CUST093272,878.47,2,0,,,2,
CUST146993,962.41,2,0,,,2,
CUST017559,856.53,2,0,,,2,
CUST138497,981.33,2,0,,,2,
CUST094284,1064.15,2,0,,,2,
CUST075721,868.96,2,0,,,2,
CUST188476,913.67,2,0,,,2,
CUST137486,930.35,2,0,,,2,
CUST146587,846.27,2,0,,,2,
CUST075695,912.10,2,0,,,2,
CUST155035,882.36,2,0,,,2,
CUST167393,812.96,2,0,,,2,
CUST147382,863.59,2,0,,,2,
CUST096358,984.25,2,0,,,2,
CUST063414,1035.74,2,0,,,2,
CUST131033,858.10,2,0,,,2,
CUST179526,1238.79,2,0,,,2,
CUST182329,889.58,2,0,,,2,
CUST161739,833.10,2,0,,,2,
CUST106154,1227.13,2,0,,,2,
CUST176444,882.83,2,0,,,2,
CUST186075,1306.96,2,0,,,2,
CUST156373,904.75,2,0,,,2,
CUST063342,811.60,2,0,,,2,
CUST192279,958.66,2,0,,,2,
CUST107356,876.30,2,0,,,2,
CUST060045,833.81,2,0,,,2,
CUST041886,870.55,2,0,,,2,
CUST018434,1022.06,2,0,,,2,
CUST069064,848.81,2,0,,,2,
CUST074583,823.88,2,0,,,2,
CUST194519,842.22,2,0,,,2,
CUST107277,980.53,2,0,,,2,
CUST164246,868.60,2,0,,,2,
CUST048894,859.48,2,0,,,2,
CUST049426,908.37,2,0,,,2,
CUST130069,853.83,2,0,,,2,
CUST056648,847.09,2,0,,,2,
CUST046118,844.27,2,0,,,2,
CUST070058,923.01,2,0,,,2,
CUST014818,903.13,2,0,,,2,
CUST065487,899.67,2,0,,,2,
CUST101665,1012.79,2,0,,,2,
CUST127840,944.25,2,0,,,2,
CUST087579,857.60,2,0,,,2,
CUST032782,1121.48,2,0,,,2,
CUST017323,1206.60,3,1,,4.6000000,2,
CUST087977,991.64,2,0,,,2,
CUST136053,921.93,3,1,,3.4000000,2,
CUST103943,888.46,2,0,,,2,
CUST021622,1273.28,3,1,,,2,
CUST147921,902.75,2,0,,,2,
CUST171353,1306.48,3,1,,,2,
CUST036981,953.06,2,0,,,2,
CUST072791,920.73,2,0,,,2,
CUST027396,1139.97,2,0,,,2,
CUST191469,1153.75,2,0,,,2,
CUST199371,1052.26,2,0,,,2,
CUST150152,822.82,2,0,,,2,
CUST049999,1040.84,2,0,,,2,
CUST087705,919.21,3,1,,,2,
CUST033113,1191.36,2,0,,,2,
CUST075953,860.78,2,0,,,2,
CUST032840,876.13,2,0,,,2,
CUST110840,846.56,2,0,,,2,
CUST188897,835.96,2,0,,,2,
CUST101229,1138.56,2,0,,,2,
CUST051231,938.38,2,0,,,2,
CUST067145,954.82,2,0,,,2,
CUST061357,847.51,2,0,,,2,
CUST018292,1145.78,2,0,,,2,
CUST170647,967.49,2,0,,,2,
CUST134371,942.43,2,0,,,2,
CUST037206,827.64,2,0,,,2,
CUST072445,1285.00,2,0,,,2,
CUST030895,812.60,2,0,,,2,
CUST048887,808.11,2,0,,,2,
CUST116009,879.93,2,0,,,2,
CUST097825,835.34,2,0,,,2,
CUST090909,943.35,2,0,,,2,
CUST166772,871.70,2,0,,,2,
CUST108837,950.71,2,0,,,2,
CUST035343,811.83,2,0,,,2,
CUST128741,902.04,2,0,,,2,
CUST014163,835.49,2,0,,,2,
CUST058441,1045.65,2,0,,,2,
CUST145912,898.38,2,0,,,2,
CUST146768,860.48,2,0,,,2,
CUST043511,845.79,2,0,,,2,
CUST073843,983.11,2,0,,,2,
CUST105400,934.63,2,0,,,2,
CUST043522,981.43,2,0,,,2,
CUST114398,1032.47,2,0,,,2,
CUST004555,848.85,2,0,,,2,
CUST088270,844.41,2,0,,,2,
CUST183007,906.53,2,0,,,2,
CUST058355,1010.20,2,0,,,2,
CUST173766,902.84,2,0,,,2,
CUST084041,1032.78,2,0,,,2,
CUST109263,883.97,2,0,,,2,
CUST089055,1037.36,2,0,,,2,
CUST149858,882.70,2,0,,,2,
CUST000927,947.38,2,0,,,2,
CUST188064,838.62,2,0,,,2,
CUST075706,873.70,2,0,,,2,
CUST158379,1099.53,2,0,,,2,
CUST012369,926.48,2,0,,,2,
CUST029333,1155.77,2,0,,,2,
CUST188958,870.31,2,0,,,2,
CUST018080,883.95,2,0,,,2,
CUST135956,898.07,2,0,,,2,
CUST125426,847.40,2,0,,,2,
CUST077409,817.82,2,0,,,2,
CUST109897,881.84,2,0,,,2,
CUST065302,1121.03,2,0,,,2,
CUST154294,1077.69,2,0,,,2,
CUST043065,941.01,2,0,,,2,
CUST163269,1132.45,2,0,,,2,
CUST046617,836.97,2,0,,,2,
CUST132583,810.18,2,0,,,2,
CUST199013,810.88,2,0,,,2,
CUST193925,1205.27,2,0,,,2,
CUST116223,973.67,2,0,,,2,
CUST026482,807.81,2,0,,,2,
CUST192953,1123.83,2,0,,,2,
CUST053922,1022.55,2,0,,,2,
CUST109685,911.32,2,0,,,2,
CUST109227,812.69,2,0,,,2,
CUST162347,859.59,2,0,,,2,
CUST129750,908.40,2,0,,,2,
CUST192903,986.16,2,0,,,2,
CUST067996,875.97,2,0,,,2,
CUST173338,834.99,2,0,,,2,
CUST139858,810.25,2,0,,,2,
CUST090599,881.33,2,0,,,2,
CUST070467,873.05,2,0,,,2,
CUST145962,894.98,2,0,,,2,
CUST103919,953.64,2,0,,,2,
CUST189095,853.24,2,0,,,2,
CUST148695,1232.73,2,0,,,2,
CUST164662,941.14,2,0,,,2,
CUST198832,886.14,2,0,,,2,
CUST119773,832.09,2,0,,,2,
CUST033890,816.26,2,0,,,2,
CUST117559,869.97,2,0,,,2,
CUST031291,1029.05,2,0,,,2,
CUST141897,909.04,2,0,,,2,
CUST003108,821.22,2,0,,,2,
CUST112816,951.12,2,0,,,2,
CUST128885,834.27,2,0,,,2,
CUST043919,825.84,2,0,,,2,
CUST150433,893.70,2,0,,,2,
CUST095920,845.83,2,0,,,2,
CUST027476,862.90,2,0,,,2,
CUST147019,874.34,2,0,,,2,
CUST009429,1358.60,2,0,,,2,
CUST024036,867.23,2,0,,,2,
CUST152689,1050.42,2,0,,,2,
CUST119910,1235.00,2,0,,,2,
CUST060292,861.44,2,0,,,2,
CUST009202,840.61,2,0,,,2,
CUST000365,816.53,2,0,,,2,
CUST176717,1084.93,2,0,,,2,
CUST127109,1201.51,2,0,,,2,
CUST027152,1065.58,2,0,,,2,
CUST046938,963.31,2,0,,,2,
CUST100985,895.07,2,0,,,2,
CUST073560,824.26,2,0,,,2,
CUST162599,808.96,2,0,,,2,
CUST131400,959.16,2,0,,,2,
CUST058761,917.76,2,0,,,2,
CUST134458,869.49,2,0,,,2,
CUST073739,936.26,2,0,,,2,
CUST191575,1174.13,2,0,,,2,
CUST158859,835.49,2,0,,,2,
CUST169837,836.75,2,0,,,2,
CUST015405,1093.61,2,0,,,2,
CUST045339,1104.92,2,0,,,2,
CUST057235,819.32,2,0,,,2,
CUST153195,847.11,2,0,,,2,
CUST182377,878.30,2,0,,,2,
CUST197118,894.59,2,0,,,2,
CUST056373,849.11,2,0,,,2,
CUST175024,965.19,2,0,,,2,
CUST058626,893.48,2,0,,,2,
CUST064621,831.30,2,0,,,2,
CUST086665,1026.29,2,0,,,2,
CUST050789,1011.19,2,0,,,2,
CUST077014,859.79,2,0,,,2,
CUST151944,822.96,2,0,,,2,
CUST145550,1077.67,2,0,,,2,
CUST164276,872.27,2,0,,,2,
CUST093502,968.56,2,0,,,2,
CUST153937,1436.48,2,0,,,2,
CUST077729,1082.74,2,0,,,2,
CUST083827,921.36,2,0,,,2,
CUST171459,847.12,2,0,,,2,
CUST116130,869.85,2,0,,,2,
CUST131783,836.06,2,0,,,2,
CUST169023,906.14,2,0,,,2,
CUST029934,833.70,2,0,,,2,
CUST019996,859.26,2,0,,,2,
CUST125580,934.14,2,0,,,2,
CUST043517,939.31,2,0,,,2,
CUST037874,813.80,2,0,,,2,
CUST124979,841.16,2,0,,,2,
CUST108138,815.83,2,0,,,2,
CUST058673,865.04,2,0,,,2,
CUST027118,1030.86,2,0,,,2,
CUST124858,869.33,2,0,,,2,
CUST003074,890.01,2,0,,,2,
CUST007788,929.78,2,0,,,2,
CUST042315,832.84,2,0,,,2,
CUST008602,953.23,2,0,,,2,
CUST045760,830.84,2,0,,,2,
CUST147349,856.15,2,0,,,2,
CUST021644,815.32,2,0,,,2,
CUST079926,925.67,2,0,,,2,
CUST091219,996.02,2,0,,,2,
CUST061584,965.29,2,0,,,2,
CUST054469,967.32,2,0,,,2,
CUST038945,853.24,2,0,,,2,
CUST042221,916.19,2,0,,,2,
CUST069491,1055.78,2,0,,,2,
CUST114857,929.08,2,0,,,2,
CUST168742,896.15,2,0,,,2,
CUST137728,924.06,2,0,,,2,
CUST162845,937.45,2,0,,,2,
CUST156027,1012.59,2,0,,,2,
CUST135906,1073.37,2,0,,,2,
CUST197170,1213.17,2,0,,,2,
CUST104319,833.51,2,0,,,2,
CUST121072,833.42,2,0,,,2,
CUST033794,893.17,2,0,,,2,
CUST036253,901.65,2,0,,,2,
CUST180010,814.41,2,0,,,2,
CUST183009,853.43,2,0,,,2,
CUST152985,944.06,2,0,,,2,
CUST192890,952.43,2,0,,,2,
CUST144736,905.64,2,0,,,2,
CUST125662,912.79,2,0,,,2,
CUST150913,881.50,2,0,,,2,
CUST144553,949.60,2,0,,,2,
CUST046594,1016.47,2,0,,,2,
CUST151157,987.66,2,0,,,2,
CUST064396,875.79,2,0,,,2,
CUST043446,878.24,2,0,,,2,
CUST086096,954.99,2,0,,,2,
CUST000313,826.20,2,0,,,2,
CUST062549,907.06,2,0,,,2,
CUST192143,925.53,2,0,,,2,
CUST046214,1109.98,2,0,,,2,
CUST070856,1031.67,2,0,,,2,
CUST133046,831.46,2,0,,,2,
CUST064721,838.33,2,0,,,2,
CUST142274,816.86,2,0,,,2,
CUST005040,944.06,2,0,,,2,
CUST190340,992.76,2,0,,,2,
CUST015796,836.31,2,0,,,2,
CUST044231,838.07,2,0,,,2,
CUST064745,1022.77,2,0,,,2,
CUST100102,930.78,2,0,,,2,
CUST109050,857.64,2,0,,,2,
CUST069113,948.30,2,0,,,2,
CUST190379,859.70,2,0,,,2,
CUST113442,816.12,2,0,,,2,
CUST036951,880.95,2,0,,,2,
CUST091232,1211.06,2,0,,,2,
CUST182162,895.67,2,0,,,2,
CUST152890,821.29,2,0,,,2,
CUST082871,1021.97,2,0,,,2,
CUST169518,881.69,2,0,,,2,
CUST149216,952.05,2,0,,,2,
CUST100836,992.63,2,0,,,2,
CUST054438,920.07,2,0,,,2,
CUST145467,1008.72,2,0,,,2,
CUST191647,915.60,2,0,,,2,
CUST072994,972.53,2,0,,,2,
CUST197692,842.52,2,0,,,2,
CUST097908,957.20,2,0,,,2,
CUST198825,926.11,2,0,,,2,
CUST049659,843.10,2,0,,,2,
CUST054156,883.88,2,0,,,2,
CUST044239,835.70,2,0,,,2,
CUST171742,860.63,2,0,,,2,
CUST041772,866.54,2,0,,,2,
CUST196835,830.64,2,0,,,2,
CUST164147,1026.65,2,0,,,2,
CUST095183,811.04,2,0,,,2,
CUST001019,845.47,2,0,,,2,
CUST141559,843.57,2,0,,,2,
CUST166160,843.53,2,0,,,2,
CUST070463,1107.32,2,0,,,2,
CUST015794,860.32,2,0,,,2,
CUST015449,927.04,2,0,,,2,
CUST199312,1143.66,2,0,,,2,
CUST030194,968.66,2,0,,,2,
CUST150231,837.48,2,0,,,2,
CUST160281,1005.84,2,0,,,2,
CUST151391,1062.74,2,0,,,2,
CUST180702,918.25,2,0,,,2,
CUST098953,898.61,2,0,,,2,
CUST167432,908.42,2,0,,,2,
CUST085896,859.08,2,0,,,2,
CUST027658,983.23,2,0,,,2,
CUST169769,887.54,2,0,,,2,
CUST170828,809.02,2,0,,,2,
CUST014648,966.63,2,0,,,2,
CUST125278,882.98,2,0,,,2,
CUST017379,815.97,2,0,,,2,
CUST105075,887.05,2,0,,,2,
CUST088276,903.26,2,0,,,2,
CUST127027,1114.39,2,0,,,2,
CUST030590,957.96,2,0,,,2,
CUST088160,879.23,2,0,,,2,
CUST119332,841.20,2,0,,,2,
CUST159604,887.93,2,0,,,2,
CUST107006,823.09,2,0,,,2,
CUST186624,927.71,2,0,,,2,
CUST064700,844.75,2,0,,,2,
CUST195352,1174.39,2,0,,,2,
CUST009977,893.32,2,0,,,2,
CUST071652,999.66,2,0,,,2,
CUST070618,1011.53,2,0,,,2,
CUST099156,927.95,2,0,,,2,
CUST189112,1048.30,2,0,,,2,
CUST119004,829.46,2,0,,,2,
CUST012616,827.46,2,0,,,2,
CUST186226,1042.08,2,0,,,2,
CUST182739,859.46,2,0,,,2,
CUST190621,950.05,2,0,,,2,
CUST113460,944.08,2,0,,,2,
CUST110983,865.43,2,0,,,2,
CUST192961,816.37,2,0,,,2,
CUST027726,817.42,2,0,,,2,
CUST166082,823.42,2,0,,,2,
CUST088715,817.63,2,0,,,2,
CUST100853,920.59,2,0,,,2,
CUST078269,1014.92,2,0,,,2,
CUST049419,958.79,2,0,,,2,
CUST083380,1020.08,2,0,,,2,
CUST075077,810.08,2,0,,,2,
CUST192464,1035.22,2,0,,,2,
CUST074885,919.13,2,0,,,2,
CUST051272,856.54,2,0,,,2,
CUST179158,874.13,2,0,,,2,
CUST129116,878.18,2,0,,,2,
CUST080613,884.73,2,0,,,2,
CUST085547,849.54,2,0,,,2,
CUST126187,893.22,2,0,,,2,
CUST075372,834.21,2,0,,,2,
CUST093605,916.67,2,0,,,2,
CUST026526,1119.42,3,1,,,2,
CUST092059,943.21,2,0,,,2,
CUST099639,1123.35,2,0,,,2,
CUST178544,1047.37,2,0,,,2,
CUST076418,1058.84,3,1,,,2,
CUST084808,813.27,3,1,,,2,
CUST166626,940.71,3,1,,3.7000000,2,
CUST063596,825.93,2,0,,,2,
CUST138348,1101.44,2,0,,,2,
CUST089444,890.37,2,0,,,2,
CUST022755,906.29,2,0,,,2,
CUST185117,957.35,2,0,,,2,
CUST078903,953.70,2,0,,,2,
CUST081000,989.80,2,0,,,2,
CUST082988,1740.74,2,0,,,2,
CUST024357,1098.01,2,0,,,2,
CUST140878,905.12,2,0,,,2,
CUST156745,835.68,2,0,,,2,
CUST156599,911.58,2,0,,,2,
CUST186973,871.28,2,0,,,2,
CUST064337,985.20,2,0,,,2,
CUST192062,817.45,2,0,,,2,
CUST005115,1196.89,2,0,,,2,
CUST179079,1164.94,2,0,5.0000000,,2,5.0000000
CUST088523,936.07,2,0,5.0000000,,2,5.0000000
CUST039974,855.57,2,0,5.0000000,,2,5.0000000
CUST132013,862.39,3,1,5.0000000,,2,5.0000000
CUST021577,819.84,2,0,5.0000000,,2,5.0000000
CUST094743,1256.70,2,0,5.0000000,,2,5.0000000
CUST032334,883.29,3,1,5.0000000,,2,5.0000000
CUST118886,1183.27,2,0,5.0000000,,2,5.0000000
CUST015173,1039.16,2,0,5.0000000,,2,5.0000000
CUST153316,1395.85,2,0,5.0000000,,2,5.0000000
CUST161370,1019.45,2,0,5.0000000,,2,5.0000000
CUST107642,822.60,2,0,5.0000000,,2,5.0000000
CUST159194,850.16,2,0,5.0000000,,2,5.0000000
CUST185589,902.49,2,0,5.0000000,,2,5.0000000
CUST049923,881.85,2,0,5.0000000,,2,5.0000000
CUST159040,1238.66,2,0,5.0000000,,2,5.0000000
CUST157469,889.42,2,0,5.0000000,,2,5.0000000
CUST173230,837.22,2,0,5.0000000,,2,5.0000000
CUST161377,1108.82,2,0,5.0000000,,2,5.0000000
CUST116213,951.14,2,0,5.0000000,,2,5.0000000
CUST102803,847.16,2,0,5.0000000,,2,5.0000000
CUST176808,867.28,2,0,5.0000000,,2,5.0000000
CUST056175,888.96,2,0,5.0000000,,2,5.0000000
CUST068709,945.04,2,0,5.0000000,,2,5.0000000
CUST114993,879.69,2,0,5.0000000,,2,5.0000000
CUST183916,817.10,2,0,5.0000000,,2,5.0000000
CUST078291,813.27,2,0,5.0000000,,2,5.0000000
CUST124740,843.84,2,0,5.0000000,,2,5.0000000
CUST031117,1016.11,2,0,5.0000000,,2,5.0000000
CUST110900,940.02,2,0,5.0000000,,2,5.0000000
CUST182160,1128.90,2,0,5.0000000,,2,5.0000000
CUST021580,879.93,2,0,5.0000000,,2,5.0000000
CUST079945,956.62,2,0,5.0000000,,2,5.0000000
CUST145411,825.42,2,0,5.0000000,,2,5.0000000
CUST129268,845.54,2,0,5.0000000,,2,5.0000000
CUST105789,919.06,2,0,5.0000000,,2,5.0000000
CUST145108,1021.66,2,0,5.0000000,,2,5.0000000
CUST150966,820.97,2,0,5.0000000,,2,5.0000000
CUST125287,929.58,2,0,5.0000000,,2,5.0000000
CUST121729,840.46,2,0,5.0000000,,2,5.0000000
CUST170591,836.52,2,0,5.0000000,,2,5.0000000
CUST101753,1264.18,2,0,5.0000000,,2,5.0000000
CUST053003,978.09,2,0,5.0000000,,2,5.0000000
CUST050381,960.63,2,0,5.0000000,,2,5.0000000
CUST143140,860.13,2,0,5.0000000,,2,5.0000000
CUST003937,809.49,2,0,5.0000000,,2,5.0000000
CUST190547,878.41,2,0,5.0000000,,2,5.0000000
CUST026425,924.79,2,0,5.0000000,,2,5.0000000
CUST172581,956.51,2,0,5.0000000,,2,5.0000000
CUST086309,928.54,2,0,5.0000000,,2,5.0000000
CUST083571,953.81,2,0,5.0000000,,2,5.0000000
CUST188881,952.81,2,0,5.0000000,,2,5.0000000
CUST091158,852.33,2,0,5.0000000,,2,5.0000000
CUST073887,920.46,2,0,5.0000000,,2,5.0000000
CUST111748,821.45,2,0,5.0000000,,2,5.0000000
CUST016549,954.75,2,0,5.0000000,,2,5.0000000
CUST070046,812.62,2,0,5.0000000,,2,5.0000000
CUST107105,874.29,2,0,5.0000000,,2,5.0000000
CUST093309,1102.57,2,0,5.0000000,,2,5.0000000
CUST144781,871.83,2,0,5.0000000,,2,5.0000000
CUST111402,853.90,2,0,5.0000000,,2,5.0000000
CUST054188,884.91,2,0,5.0000000,,2,5.0000000
CUST182560,974.04,2,0,5.0000000,,2,5.0000000
CUST003819,855.42,2,0,5.0000000,,2,5.0000000
CUST013189,1444.92,2,0,5.0000000,,2,5.0000000
CUST060457,919.90,2,0,5.0000000,,2,5.0000000
CUST051770,871.86,2,0,5.0000000,,2,5.0000000
CUST068968,901.26,2,0,5.0000000,,2,5.0000000
CUST036805,895.37,2,0,5.0000000,,2,5.0000000
CUST004387,1443.90,2,0,5.0000000,,2,5.0000000
CUST087019,882.64,2,0,5.0000000,,2,5.0000000
CUST066847,1334.75,2,0,5.0000000,,2,5.0000000
CUST043352,862.78,2,0,5.0000000,,2,5.0000000
CUST014684,917.96,2,0,5.0000000,,2,5.0000000
CUST018162,1176.64,2,0,5.0000000,,2,5.0000000
CUST137988,827.68,2,0,5.0000000,,2,5.0000000
CUST097993,1025.74,2,0,5.0000000,,2,5.0000000
CUST124517,985.18,2,0,5.0000000,,2,5.0000000
CUST117809,1196.40,2,0,5.0000000,,2,5.0000000
CUST159764,845.55,2,0,5.0000000,,2,5.0000000
CUST006076,893.00,2,0,5.0000000,,2,5.0000000
CUST157306,915.35,2,0,5.0000000,,2,5.0000000
CUST036733,846.43,2,0,5.0000000,,2,5.0000000
CUST167165,834.41,2,0,5.0000000,,2,5.0000000
CUST161693,890.24,2,0,5.0000000,,2,5.0000000
CUST058340,938.93,2,0,5.0000000,,2,5.0000000
CUST084354,1272.01,2,0,5.0000000,,2,5.0000000
CUST075542,990.05,2,0,5.0000000,,2,5.0000000
CUST080427,826.41,2,0,5.0000000,,2,5.0000000
CUST106728,880.36,2,0,5.0000000,,2,5.0000000
CUST179147,947.40,2,0,5.0000000,,2,5.0000000
CUST028192,830.87,2,0,5.0000000,,2,5.0000000
CUST155339,963.19,2,0,5.0000000,,2,5.0000000
CUST109512,940.73,2,0,5.0000000,,2,5.0000000
CUST137742,821.38,2,0,5.0000000,,2,5.0000000
CUST078810,851.32,2,0,5.0000000,,2,5.0000000
CUST011278,985.08,2,0,5.0000000,,2,5.0000000
CUST066528,1045.92,2,0,5.0000000,,2,5.0000000
CUST153046,809.78,2,0,5.0000000,,2,5.0000000
CUST027584,1127.93,2,0,5.0000000,,2,5.0000000
CUST187489,930.75,2,0,5.0000000,,2,5.0000000
CUST034887,848.59,2,0,5.0000000,,2,5.0000000
CUST108775,821.30,2,0,5.0000000,,2,5.0000000
CUST194807,1040.76,2,0,5.0000000,,2,5.0000000
CUST121802,1125.02,2,0,5.0000000,,2,5.0000000
CUST023965,944.08,2,0,5.0000000,,2,5.0000000
CUST081661,932.40,2,0,5.0000000,,2,5.0000000
CUST087640,838.34,2,0,5.0000000,,2,5.0000000
CUST006053,816.93,2,0,5.0000000,,2,5.0000000
CUST100174,863.53,2,0,5.0000000,,2,5.0000000
CUST154107,942.22,2,0,5.0000000,,2,5.0000000
CUST158666,1375.46,2,0,5.0000000,,2,5.0000000
CUST066249,816.23,2,0,5.0000000,,2,5.0000000
CUST071161,839.51,2,0,5.0000000,,2,5.0000000
CUST160160,1285.90,2,0,5.0000000,,2,5.0000000
CUST046060,927.28,2,0,5.0000000,,2,5.0000000
CUST069603,1011.14,2,0,5.0000000,,2,5.0000000
CUST039598,846.12,2,0,5.0000000,,2,5.0000000
CUST125356,841.35,2,0,5.0000000,,2,5.0000000
CUST123467,1010.03,2,0,5.0000000,,2,5.0000000
CUST098721,1003.00,2,0,5.0000000,,2,5.0000000
CUST086414,990.08,2,0,5.0000000,,2,5.0000000
CUST012234,948.68,2,0,5.0000000,,2,5.0000000
CUST063010,853.79,2,0,5.0000000,,2,5.0000000
CUST186044,1035.82,2,0,5.0000000,,2,5.0000000
CUST069002,1064.39,2,0,5.0000000,,2,5.0000000
CUST059666,830.16,2,0,5.0000000,,2,5.0000000
CUST092163,887.18,2,0,5.0000000,,2,5.0000000
CUST126831,934.14,2,0,5.0000000,,2,5.0000000
CUST086304,875.67,2,0,5.0000000,,2,5.0000000
CUST029401,1000.20,2,0,5.0000000,,2,5.0000000
CUST177075,1206.88,2,0,5.0000000,,2,5.0000000
CUST048264,858.26,2,0,5.0000000,,2,5.0000000
CUST180440,873.40,2,0,5.0000000,,2,5.0000000
CUST101161,814.08,2,0,5.0000000,,2,5.0000000
CUST147590,845.48,2,0,5.0000000,,2,5.0000000
CUST113046,1163.03,3,1,5.0000000,,2,5.0000000
CUST189023,1011.20,2,0,5.0000000,,2,5.0000000
CUST161081,1069.28,2,0,5.0000000,,2,5.0000000
CUST164354,926.07,2,0,5.0000000,,2,5.0000000
CUST144345,829.07,2,0,5.0000000,,2,5.0000000
CUST178475,883.48,2,0,5.0000000,,2,5.0000000
CUST010953,991.03,2,0,5.0000000,,2,5.0000000
CUST094485,841.20,2,0,5.0000000,,2,5.0000000
CUST053778,899.69,2,0,5.0000000,,2,5.0000000
CUST103819,886.45,2,0,5.0000000,,2,5.0000000
CUST173303,885.42,2,0,5.0000000,,2,5.0000000
CUST100901,877.95,2,0,5.0000000,,2,5.0000000
CUST185304,841.20,2,0,5.0000000,,2,5.0000000
CUST109148,887.10,2,0,5.0000000,,2,5.0000000
CUST139560,820.12,2,0,5.0000000,,2,5.0000000
CUST151991,1029.29,2,0,5.0000000,,2,5.0000000
CUST078198,831.11,2,0,5.0000000,,2,5.0000000
CUST165958,856.92,2,0,5.0000000,,2,5.0000000
CUST137385,1010.18,2,0,5.0000000,,2,5.0000000
CUST147866,1126.33,2,0,5.0000000,,2,5.0000000
CUST034426,1195.47,2,0,5.0000000,,2,5.0000000
CUST165000,915.69,2,0,5.0000000,,2,5.0000000
CUST147505,893.29,2,0,5.0000000,,2,5.0000000
CUST151666,818.06,2,0,5.0000000,,2,5.0000000
CUST087629,1045.57,2,0,5.0000000,,2,5.0000000
CUST193628,863.56,2,0,5.0000000,,2,5.0000000
CUST056489,886.30,2,0,5.0000000,,2,5.0000000
CUST158764,809.72,2,0,5.0000000,,2,5.0000000
CUST105149,1090.18,2,0,5.0000000,,2,5.0000000
CUST179776,845.78,2,0,5.0000000,,2,5.0000000
CUST121860,988.40,2,0,5.0000000,,2,5.0000000
CUST136549,1037.22,2,0,5.0000000,,2,5.0000000
CUST195772,872.21,2,0,5.0000000,,2,5.0000000
CUST078313,1041.65,2,0,5.0000000,,2,5.0000000
CUST056777,906.59,2,0,5.0000000,,2,5.0000000
CUST042806,809.44,2,0,5.0000000,,2,5.0000000
CUST062580,903.93,2,0,5.0000000,,2,5.0000000
CUST046704,916.75,2,0,5.0000000,,2,5.0000000
CUST197141,819.83,2,0,5.0000000,,2,5.0000000
CUST016761,836.06,2,0,5.0000000,,2,5.0000000
CUST165822,862.80,2,0,5.0000000,,2,5.0000000
CUST162339,860.11,2,0,5.0000000,,2,5.0000000
CUST158492,880.61,2,0,4.9500000,,2,4.9500000
CUST175655,900.76,2,0,4.9500000,,2,4.9500000
CUST093253,998.76,2,0,4.9500000,,2,4.9500000
CUST081727,818.56,2,0,4.9500000,,2,4.9500000
CUST000641,815.42,2,0,4.9500000,,2,4.9500000
CUST196990,821.92,2,0,4.9500000,,2,4.9500000
CUST054404,817.98,2,0,4.9500000,,2,4.9500000
CUST076678,1020.39,2,0,4.9500000,,2,4.9500000
CUST136009,819.92,2,0,4.9500000,,2,4.9500000
CUST054501,887.46,2,0,4.9500000,,2,4.9500000
CUST136483,993.91,2,0,4.9500000,,2,4.9500000
CUST087865,887.04,2,0,4.9500000,,2,4.9500000
CUST007854,828.57,2,0,4.9500000,,2,4.9500000
CUST054018,975.24,2,0,4.9500000,,2,4.9500000
CUST004944,1046.26,2,0,4.9500000,,2,4.9500000
CUST117231,818.19,3,1,4.9333333,,2,4.9333333
CUST091195,987.46,2,0,4.9000000,,2,4.9000000
CUST019595,1023.73,2,0,4.9000000,,2,4.9000000
CUST054001,914.38,2,0,4.9000000,,2,4.9000000
CUST083147,826.50,2,0,4.9000000,,2,4.9000000
CUST157412,1104.41,2,0,4.9000000,,2,4.9000000
CUST049645,842.28,2,0,4.9000000,,2,4.9000000
CUST172140,1015.65,2,0,4.9000000,,2,4.9000000
CUST072299,1038.22,2,0,4.9000000,,2,4.9000000
CUST171618,964.17,2,0,4.9000000,,2,4.9000000
CUST087617,974.90,2,0,4.9000000,,2,4.9000000
CUST008229,835.65,2,0,4.9000000,,2,4.9000000
CUST053527,1023.35,2,0,4.9000000,,2,4.9000000
CUST194644,956.18,2,0,4.9000000,,2,4.9000000
CUST096334,812.90,2,0,4.9000000,,2,4.9000000
CUST162369,899.73,2,0,4.9000000,,2,4.9000000
CUST017969,1008.81,2,0,4.9000000,,2,4.9000000
CUST107362,872.86,2,0,4.9000000,,2,4.9000000
CUST039581,839.61,2,0,4.9000000,,2,4.9000000
CUST119632,833.53,2,0,4.9000000,,2,4.9000000
CUST181193,1286.89,2,0,4.9000000,,2,4.9000000
CUST023587,871.77,2,0,4.9000000,,2,4.9000000
CUST148239,861.28,2,0,4.9000000,,2,4.9000000
CUST010821,937.92,2,0,4.9000000,,2,4.9000000
CUST105865,1119.83,2,0,4.9000000,,2,4.9000000
CUST081110,1077.03,2,0,4.9000000,,2,4.9000000
CUST187208,815.54,2,0,4.9000000,,2,4.9000000
CUST197192,1023.47,2,0,4.9000000,,2,4.9000000
CUST075866,1004.31,2,0,4.9000000,,2,4.9000000
CUST194746,894.67,2,0,4.9000000,,2,4.9000000
CUST058293,821.68,2,0,4.9000000,,2,4.9000000
CUST126512,911.84,2,0,4.9000000,,2,4.9000000
CUST041831,952.98,2,0,4.9000000,,2,4.9000000
CUST161278,1184.83,2,0,4.9000000,,2,4.9000000
CUST195625,925.11,2,0,4.9000000,,2,4.9000000
CUST151692,859.44,2,0,4.9000000,,2,4.9000000
CUST064391,855.49,2,0,4.9000000,,2,4.9000000
CUST033667,853.57,2,0,4.9000000,,2,4.9000000
CUST060962,882.00,2,0,4.9000000,,2,4.9000000
CUST104314,830.00,2,0,4.9000000,,2,4.9000000
CUST025849,849.40,2,0,4.9000000,,2,4.9000000
CUST049842,981.18,2,0,4.9000000,,2,4.9000000
CUST023308,863.96,2,0,4.9000000,,2,4.9000000
CUST026413,999.70,2,0,4.9000000,,2,4.9000000
CUST078228,827.26,2,0,4.9000000,,2,4.9000000
CUST151836,826.97,2,0,4.9000000,,2,4.9000000
CUST065086,957.25,2,0,4.9000000,,2,4.9000000
CUST060652,1186.70,2,0,4.9000000,,2,4.9000000
CUST077616,900.70,2,0,4.9000000,,2,4.9000000
CUST066446,819.53,2,0,4.9000000,,2,4.9000000
CUST190432,896.75,2,0,4.9000000,,2,4.9000000
CUST139828,1245.19,2,0,4.9000000,,2,4.9000000
CUST166566,810.73,2,0,4.9000000,,2,4.9000000
CUST093323,855.96,2,0,4.9000000,,2,4.9000000
CUST044951,1168.34,2,0,4.9000000,,2,4.9000000
CUST053671,1223.87,3,1,4.9000000,,2,4.9000000
CUST181023,824.14,2,0,4.9000000,,2,4.9000000
CUST133991,952.93,2,0,4.9000000,,2,4.9000000
CUST186584,870.96,2,0,4.9000000,,2,4.9000000
CUST051029,903.62,2,0,4.9000000,,2,4.9000000
CUST002011,879.13,2,0,4.9000000,,2,4.9000000
CUST052034,1228.18,2,0,4.9000000,,2,4.9000000
CUST022053,868.94,2,0,4.9000000,,2,4.9000000
CUST167242,825.67,2,0,4.9000000,,2,4.9000000
CUST091009,819.81,2,0,4.9000000,,2,4.9000000
CUST165847,868.02,2,0,4.9000000,,2,4.9000000
CUST123855,1164.33,2,0,4.9000000,,2,4.9000000
CUST155418,1103.83,2,0,4.9000000,,2,4.9000000
CUST156415,918.99,2,0,4.9000000,,2,4.9000000
CUST082905,1065.13,2,0,4.9000000,,2,4.9000000
CUST015580,938.05,2,0,4.9000000,,2,4.9000000
CUST135998,933.00,2,0,4.9000000,,2,4.9000000
CUST000935,886.18,2,0,4.9000000,,2,4.9000000
CUST087364,1016.07,2,0,4.9000000,,2,4.9000000
CUST106372,859.51,2,0,4.9000000,,2,4.9000000
CUST169029,1132.28,2,0,4.9000000,,2,4.9000000
CUST107853,1026.47,2,0,4.9000000,,2,4.9000000
CUST101884,807.60,2,0,4.9000000,,2,4.9000000
CUST008847,1198.38,2,0,4.9000000,,2,4.9000000
CUST171530,821.78,2,0,4.9000000,,2,4.9000000
CUST074789,1058.51,2,0,4.9000000,,2,4.9000000
CUST013998,808.13,2,0,4.9000000,,2,4.9000000
CUST083152,915.49,2,0,4.9000000,,2,4.9000000
CUST179715,1021.45,2,0,4.9000000,,2,4.9000000
CUST151264,832.53,2,0,4.9000000,,2,4.9000000
CUST168828,812.73,2,0,4.9000000,,2,4.9000000
CUST136377,809.86,2,0,4.9000000,,2,4.9000000
CUST042881,923.76,2,0,4.9000000,,2,4.9000000
CUST193659,1295.80,2,0,4.9000000,,2,4.9000000
CUST182752,1143.26,2,0,4.9000000,,2,4.9000000
CUST185640,944.63,2,0,4.9000000,,2,4.9000000
CUST007306,825.10,2,0,4.9000000,,2,4.9000000
CUST177355,906.33,2,0,4.8500000,,2,4.8500000
CUST117250,1011.24,2,0,4.8500000,,2,4.8500000
CUST196646,1026.86,2,0,4.8500000,,2,4.8500000
CUST051019,940.47,2,0,4.8500000,,2,4.8500000
CUST116904,941.16,2,0,4.8500000,,2,4.8500000
CUST165309,1178.54,2,0,4.8500000,,2,4.8500000
CUST059678,856.96,2,0,4.8500000,,2,4.8500000
CUST004658,817.01,2,0,4.8500000,,2,4.8500000
CUST032044,1035.43,3,1,4.8500000,,2,4.8500000
CUST026395,1111.26,2,0,4.8500000,,2,4.8500000
CUST031664,957.49,2,0,4.8500000,,2,4.8500000
CUST014458,940.30,2,0,4.8500000,,2,4.8500000
CUST132135,1072.33,2,0,4.8500000,,2,4.8500000
CUST164219,881.73,2,0,4.8500000,,2,4.8500000
CUST109507,982.33,2,0,4.8500000,,2,4.8500000
CUST182136,886.69,2,0,4.8500000,,2,4.8500000
CUST005431,914.34,2,0,4.8500000,,2,4.8500000
CUST193772,857.11,2,0,4.8500000,,2,4.8500000
CUST126232,901.07,2,0,4.8500000,,2,4.8500000
CUST021120,1129.59,2,0,4.8500000,,2,4.8500000
CUST069326,855.45,2,0,4.8500000,,2,4.8500000
CUST019128,861.10,2,0,4.8500000,,2,4.8500000
CUST056819,904.01,2,0,4.8500000,,2,4.8500000
CUST030546,864.75,2,0,4.8500000,,2,4.8500000
CUST076524,833.92,2,0,4.8500000,,2,4.8500000
CUST076601,1014.78,2,0,4.8500000,,2,4.8500000
CUST138449,855.15,2,0,4.8500000,,2,4.8500000
CUST195934,829.51,2,0,4.8500000,,2,4.8500000
CUST028298,1708.00,3,1,4.8000000,,2,4.8000000
CUST055840,817.75,2,0,4.8000000,,2,4.8000000
CUST140451,1167.35,2,0,4.8000000,,2,4.8000000
CUST033239,864.99,2,0,4.8000000,,2,4.8000000
CUST075351,1240.45,2,0,4.8000000,,2,4.8000000
CUST094910,974.02,2,0,4.8000000,,2,4.8000000
CUST013370,820.99,2,0,4.8000000,,2,4.8000000
CUST147728,941.67,2,0,4.8000000,,2,4.8000000
CUST041987,830.23,2,0,4.8000000,,2,4.8000000
CUST086283,886.35,2,0,4.8000000,,2,4.8000000
CUST182981,819.18,2,0,4.8000000,,2,4.8000000
CUST170503,873.32,2,0,4.8000000,,2,4.8000000
CUST119897,852.10,2,0,4.8000000,,2,4.8000000
CUST073824,812.89,2,0,4.8000000,,2,4.8000000
CUST001544,913.07,2,0,4.8000000,,2,4.8000000
CUST141296,955.44,2,0,4.8000000,,2,4.8000000
CUST144824,1020.03,2,0,4.8000000,,2,4.8000000
CUST159121,848.11,2,0,4.8000000,,2,4.8000000
CUST091178,839.63,2,0,4.8000000,,2,4.8000000
CUST046526,929.62,2,0,4.8000000,,2,4.8000000
CUST187005,808.54,2,0,4.8000000,,2,4.8000000
CUST133491,897.55,2,0,4.8000000,,2,4.8000000
CUST107444,1052.14,2,0,4.8000000,,2,4.8000000
CUST118582,1140.45,3,1,4.8000000,,2,4.8000000
CUST157304,1021.45,3,1,4.8000000,,2,4.8000000
CUST052258,874.56,2,0,4.8000000,,2,4.8000000
CUST175371,864.60,2,0,4.8000000,,2,4.8000000
CUST083921,916.25,2,0,4.8000000,,2,4.8000000
CUST111612,843.08,2,0,4.8000000,,2,4.8000000
CUST006064,857.52,2,0,4.8000000,,2,4.8000000
CUST050536,959.44,2,0,4.8000000,,2,4.8000000
CUST088426,842.12,2,0,4.8000000,,2,4.8000000
CUST039013,1375.86,2,0,4.8000000,,2,4.8000000
CUST058540,1004.56,2,0,4.8000000,,2,4.8000000
CUST187168,1060.67,2,0,4.8000000,,2,4.8000000
CUST091338,898.75,2,0,4.8000000,,2,4.8000000
CUST016416,977.76,2,0,4.8000000,,2,4.8000000
CUST049024,866.47,2,0,4.8000000,,2,4.8000000
CUST049745,813.59,2,0,4.8000000,,2,4.8000000
CUST062878,851.64,2,0,4.8000000,,2,4.8000000
CUST183630,903.23,2,0,4.8000000,,2,4.8000000
CUST116351,872.88,2,0,4.8000000,,2,4.8000000
CUST053777,838.55,2,0,4.8000000,,2,4.8000000
CUST110082,900.65,2,0,4.8000000,,2,4.8000000
CUST048548,864.78,2,0,4.8000000,,2,4.8000000
CUST057912,846.66,2,0,4.8000000,,2,4.8000000
CUST196649,828.65,2,0,4.8000000,,2,4.8000000
CUST150670,1202.84,2,0,4.8000000,,2,4.8000000
CUST159096,828.71,2,0,4.8000000,,2,4.8000000
CUST048203,894.21,2,0,4.8000000,,2,4.8000000
CUST052154,905.05,2,0,4.8000000,,2,4.8000000
CUST198591,830.57,2,0,4.8000000,,2,4.8000000
CUST112995,1071.42,2,0,4.8000000,,2,4.8000000
CUST097491,897.03,2,0,4.8000000,,2,4.8000000
CUST100357,844.85,2,0,4.8000000,,2,4.8000000
CUST018876,814.27,2,0,4.8000000,,2,4.8000000
CUST081738,895.21,2,0,4.8000000,,2,4.8000000
CUST100969,921.34,2,0,4.8000000,,2,4.8000000
CUST094299,834.70,2,0,4.8000000,,2,4.8000000
CUST086295,1060.11,2,0,4.8000000,,2,4.8000000
CUST084052,881.10,2,0,4.8000000,,2,4.8000000
CUST029039,889.91,2,0,4.8000000,,2,4.8000000
CUST174972,896.89,2,0,4.8000000,,2,4.8000000
CUST065737,872.99,2,0,4.8000000,,2,4.8000000
CUST041558,933.28,2,0,4.8000000,,2,4.8000000
CUST050666,1008.28,2,0,4.8000000,,2,4.8000000
CUST011037,1064.03,2,0,4.8000000,,2,4.8000000
CUST070405,956.37,2,0,4.8000000,,2,4.8000000
CUST099522,1007.77,2,0,4.8000000,,2,4.8000000
CUST035801,884.93,2,0,4.8000000,,2,4.8000000
CUST072676,841.21,2,0,4.8000000,,2,4.8000000
CUST156312,824.95,2,0,4.8000000,,2,4.8000000
CUST066053,836.70,2,0,4.8000000,,2,4.8000000
CUST044428,876.83,2,0,4.8000000,,2,4.8000000
CUST099124,920.34,2,0,4.8000000,,2,4.8000000
CUST070755,822.88,2,0,4.8000000,,2,4.8000000
CUST147539,827.83,2,0,4.8000000,,2,4.8000000
CUST073719,864.02,2,0,4.8000000,,2,4.8000000
CUST172580,989.39,2,0,4.8000000,,2,4.8000000
CUST131605,855.85,2,0,4.8000000,,2,4.8000000
CUST066490,911.51,2,0,4.8000000,,2,4.8000000
CUST090691,967.70,2,0,4.8000000,,2,4.8000000
CUST177768,1006.22,2,0,4.8000000,,2,4.8000000
CUST183780,896.44,2,0,4.8000000,,2,4.8000000
CUST173239,833.84,2,0,4.8000000,,2,4.8000000
CUST189123,841.30,2,0,4.8000000,,2,4.8000000
CUST139756,914.78,2,0,4.8000000,,2,4.8000000
CUST150427,1006.24,2,0,4.8000000,,2,4.8000000
CUST190976,827.84,2,0,4.8000000,,2,4.8000000
CUST159918,883.76,2,0,4.8000000,,2,4.8000000
CUST004553,1102.62,2,0,4.8000000,,2,4.8000000
CUST163999,1031.44,2,0,4.8000000,,2,4.8000000
CUST057781,1047.11,2,0,4.8000000,,2,4.8000000
CUST072781,813.09,2,0,4.8000000,,2,4.8000000
CUST030193,880.20,2,0,4.8000000,,2,4.8000000
CUST027509,855.75,2,0,4.8000000,,2,4.8000000
CUST068672,866.36,2,0,4.8000000,,2,4.8000000
CUST021996,1301.18,2,0,4.8000000,,2,4.8000000
CUST152576,1008.09,2,0,4.8000000,,2,4.8000000
CUST002683,971.71,2,0,4.8000000,,2,4.8000000
CUST182930,852.04,2,0,4.8000000,,2,4.8000000
CUST163471,922.49,2,0,4.8000000,,2,4.8000000
CUST174660,840.38,2,0,4.8000000,,2,4.8000000
CUST134453,1138.06,2,0,4.8000000,,2,4.8000000
CUST185156,1336.34,3,1,4.7666667,,2,4.7666667
CUST078369,858.64,2,0,4.7500000,,2,4.7500000
CUST096858,882.14,2,0,4.7500000,,2,4.7500000
CUST014351,1115.12,2,0,4.7500000,,2,4.7500000
CUST160296,815.10,2,0,4.7500000,,2,4.7500000
CUST078686,847.05,2,0,4.7500000,,2,4.7500000
CUST060963,855.24,2,0,4.7500000,,2,4.7500000
CUST178733,872.77,2,0,4.7500000,,2,4.7500000
CUST132419,919.00,2,0,4.7500000,,2,4.7500000
CUST059982,841.88,2,0,4.7500000,,2,4.7500000
CUST167946,994.77,2,0,4.7500000,,2,4.7500000
CUST080364,1074.83,3,1,4.7500000,,2,4.7500000
CUST013067,1058.25,2,0,4.7500000,,2,4.7500000
CUST172507,1303.86,2,0,4.7500000,,2,4.7500000
CUST026671,1252.17,2,0,4.7500000,,2,4.7500000
CUST059888,929.32,2,0,4.7500000,,2,4.7500000
CUST075665,1074.10,2,0,4.7500000,,2,4.7500000
CUST047733,936.28,2,0,4.7500000,,2,4.7500000
CUST046708,1025.30,2,0,4.7500000,,2,4.7500000
CUST160590,840.82,2,0,4.7500000,,2,4.7500000
CUST040254,820.77,2,0,4.7500000,,2,4.7500000
CUST082082,903.20,2,0,4.7500000,,2,4.7500000
CUST177870,913.19,2,0,4.7500000,,2,4.7500000
CUST015537,923.89,2,0,4.7500000,,2,4.7500000
CUST153255,1386.11,2,0,4.7500000,,2,4.7500000
CUST131522,864.27,2,0,4.7000000,,2,4.7000000
CUST136192,829.67,2,0,4.7000000,,2,4.7000000
CUST145464,1008.12,2,0,4.7000000,,2,4.7000000
CUST100531,827.27,2,0,4.7000000,,2,4.7000000
CUST087684,846.46,2,0,4.7000000,,2,4.7000000
CUST177262,899.25,2,0,4.7000000,,2,4.7000000
CUST107816,807.73,2,0,4.7000000,,2,4.7000000
CUST158629,923.06,2,0,4.7000000,,2,4.7000000
CUST019102,843.67,2,0,4.7000000,,2,4.7000000
CUST053487,994.78,2,0,4.7000000,,2,4.7000000
CUST113426,1263.92,2,0,4.7000000,,2,4.7000000
CUST092859,1021.38,2,0,4.7000000,,2,4.7000000
CUST177860,865.28,2,0,4.7000000,,2,4.7000000
CUST016007,856.39,2,0,4.7000000,,2,4.7000000
CUST179777,891.98,2,0,4.7000000,,2,4.7000000
CUST082503,834.20,2,0,4.7000000,,2,4.7000000
CUST160390,934.23,2,0,4.7000000,,2,4.7000000
CUST153867,820.87,2,0,4.7000000,,2,4.7000000
CUST198851,884.52,2,0,4.7000000,,2,4.7000000
CUST015743,1079.93,2,0,4.7000000,,2,4.7000000
CUST017360,1142.27,2,0,4.7000000,,2,4.7000000
CUST144724,1366.15,2,0,4.7000000,,2,4.7000000
CUST165246,828.29,2,0,4.7000000,,2,4.7000000
CUST095175,1120.64,2,0,4.7000000,,2,4.7000000
CUST131576,838.77,2,0,4.7000000,,2,4.7000000
CUST087174,955.33,2,0,4.7000000,,2,4.7000000
CUST035297,811.01,2,0,4.7000000,,2,4.7000000
CUST087867,835.21,2,0,4.7000000,,2,4.7000000
CUST124416,871.82,2,0,4.7000000,,2,4.7000000
CUST019986,917.31,2,0,4.7000000,,2,4.7000000
CUST095122,854.77,2,0,4.7000000,,2,4.7000000
CUST129307,986.84,2,0,4.7000000,,2,4.7000000
CUST092398,909.39,2,0,4.7000000,,2,4.7000000
CUST157902,1366.36,2,0,4.7000000,,2,4.7000000
CUST158284,1118.72,2,0,4.7000000,,2,4.7000000
CUST161601,894.95,2,0,4.7000000,,2,4.7000000
CUST140771,832.61,2,0,4.7000000,,2,4.7000000
CUST099659,825.82,2,0,4.7000000,,2,4.7000000
CUST110448,1112.83,2,0,4.7000000,,2,4.7000000
CUST152729,942.63,2,0,4.7000000,,2,4.7000000
CUST110634,873.03,2,0,4.7000000,,2,4.7000000
CUST166647,854.21,2,0,4.7000000,,2,4.7000000
CUST173359,867.09,2,0,4.7000000,,2,4.7000000
CUST191674,1056.82,2,0,4.7000000,,2,4.7000000
CUST095789,970.38,2,0,4.7000000,,2,4.7000000
CUST075641,1103.16,2,0,4.7000000,,2,4.7000000
CUST191810,1263.85,2,0,4.7000000,,2,4.7000000
CUST108828,868.30,2,0,4.7000000,,2,4.7000000
CUST004859,825.72,2,0,4.7000000,,2,4.7000000
CUST152750,1003.69,2,0,4.7000000,,2,4.7000000
CUST187259,874.98,2,0,4.7000000,,2,4.7000000
CUST106100,869.14,2,0,4.7000000,,2,4.7000000
CUST179222,866.24,2,0,4.7000000,,2,4.7000000
CUST108744,809.97,2,0,4.7000000,,2,4.7000000
CUST116758,870.24,2,0,4.7000000,,2,4.7000000
CUST004340,835.92,2,0,4.7000000,,2,4.7000000
CUST001843,839.56,2,0,4.7000000,,2,4.7000000
CUST148093,807.64,2,0,4.7000000,,2,4.7000000
CUST010178,1016.39,2,0,4.7000000,,2,4.7000000
CUST092377,923.43,2,0,4.7000000,,2,4.7000000
CUST100360,1114.52,2,0,4.7000000,,2,4.7000000
CUST191329,1170.70,2,0,4.7000000,,2,4.7000000
CUST079857,868.96,2,0,4.7000000,,2,4.7000000
CUST107302,855.19,2,0,4.7000000,,2,4.7000000
CUST108119,816.20,2,0,4.7000000,,2,4.7000000
CUST068929,825.65,2,0,4.7000000,,2,4.7000000
CUST099685,881.57,2,0,4.7000000,,2,4.7000000
CUST190506,886.89,2,0,4.7000000,,2,4.7000000
CUST085355,1062.04,2,0,4.7000000,,2,4.7000000
CUST190452,946.72,2,0,4.7000000,,2,4.7000000
CUST097941,849.64,2,0,4.7000000,,2,4.7000000
CUST195976,1330.46,2,0,4.7000000,,2,4.7000000
CUST074228,819.51,2,0,4.7000000,,2,4.7000000
CUST018152,820.83,2,0,4.7000000,,2,4.7000000
CUST078282,915.32,2,0,4.7000000,,2,4.7000000
CUST165469,854.27,2,0,4.7000000,,2,4.7000000
CUST055977,848.49,2,0,4.7000000,,2,4.7000000
CUST077912,1228.47,2,0,4.7000000,,2,4.7000000
CUST099564,1023.93,2,0,4.7000000,,2,4.7000000
CUST180707,924.48,2,0,4.7000000,,2,4.7000000
CUST032265,915.45,2,0,4.7000000,,2,4.7000000
CUST011639,815.41,2,0,4.7000000,,2,4.7000000
CUST011738,850.71,2,0,4.7000000,,2,4.7000000
CUST065354,953.54,2,0,4.7000000,,2,4.7000000
CUST097903,915.84,2,0,4.7000000,,2,4.7000000
CUST009375,812.13,2,0,4.7000000,,2,4.7000000
CUST137692,1077.81,2,0,4.7000000,,2,4.7000000
CUST027558,1086.94,2,0,4.7000000,,2,4.7000000
CUST091164,831.41,2,0,4.7000000,,2,4.7000000
CUST197430,1126.56,2,0,4.7000000,,2,4.7000000
CUST177616,841.10,2,0,4.7000000,,2,4.7000000
CUST106797,912.22,2,0,4.7000000,,2,4.7000000
CUST168129,857.88,2,0,4.7000000,,2,4.7000000
CUST077099,1151.29,2,0,4.7000000,,2,4.7000000
CUST157229,983.79,2,0,4.7000000,,2,4.7000000
CUST088736,979.53,2,0,4.7000000,,2,4.7000000
CUST173708,983.76,2,0,4.7000000,,2,4.7000000
CUST138289,989.94,2,0,4.7000000,,2,4.7000000
CUST031357,862.22,2,0,4.7000000,,2,4.7000000
CUST187447,834.22,2,0,4.7000000,,2,4.7000000
CUST119379,1181.73,2,0,4.7000000,,2,4.7000000
CUST062975,916.24,2,0,4.7000000,,2,4.7000000
CUST141479,844.72,2,0,4.7000000,,2,4.7000000
CUST043284,878.90,2,0,4.7000000,,2,4.7000000
CUST186540,936.54,2,0,4.7000000,,2,4.7000000
CUST061612,812.21,2,0,4.7000000,,2,4.7000000
CUST069294,1231.32,2,0,4.7000000,,2,4.7000000
CUST116737,1314.11,2,0,4.7000000,,2,4.7000000
CUST091832,947.83,2,0,4.7000000,,2,4.7000000
CUST123543,946.51,2,0,4.7000000,,2,4.7000000
CUST166517,1009.71,2,0,4.7000000,,2,4.7000000
CUST190892,947.21,2,0,4.7000000,,2,4.7000000
CUST001029,901.34,2,0,4.7000000,,2,4.7000000
CUST030257,917.12,2,0,4.7000000,,2,4.7000000
CUST075477,857.27,2,0,4.7000000,,2,4.7000000
CUST138308,925.43,2,0,4.7000000,,2,4.7000000
CUST018345,834.71,2,0,4.7000000,,2,4.7000000
CUST020700,952.63,2,0,4.7000000,,2,4.7000000
CUST110508,810.04,2,0,4.7000000,,2,4.7000000
CUST070725,990.68,2,0,4.6500000,,2,4.6500000
CUST091502,1126.84,2,0,4.6500000,,2,4.6500000
CUST047758,1046.52,2,0,4.6500000,,2,4.6500000
CUST152253,828.00,2,0,4.6500000,,2,4.6500000
CUST035179,978.07,2,0,4.6500000,,2,4.6500000
CUST023177,859.29,2,0,4.6500000,,2,4.6500000
CUST091737,1009.36,2,0,4.6500000,,2,4.6500000
CUST034251,1223.75,2,0,4.6500000,,2,4.6500000
CUST110438,1152.07,2,0,4.6500000,,2,4.6500000
CUST140423,1029.91,2,0,4.6500000,,2,4.6500000
CUST066750,895.66,2,0,4.6500000,,2,4.6500000
CUST033308,1286.75,2,0,4.6500000,,2,4.6500000
CUST195125,913.46,2,0,4.6500000,,2,4.6500000
CUST124875,862.69,2,0,4.6500000,,2,4.6500000
CUST036943,972.72,2,0,4.6500000,,2,4.6500000
CUST052795,899.42,2,0,4.6500000,,2,4.6500000
CUST068133,1007.66,2,0,4.6500000,,2,4.6500000
CUST174070,885.51,2,0,4.6500000,,2,4.6500000
CUST025472,888.15,2,0,4.6500000,,2,4.6500000
CUST039149,817.31,2,0,4.6500000,,2,4.6500000
CUST024286,978.48,2,0,4.6500000,,2,4.6500000
CUST041290,833.19,2,0,4.6500000,,2,4.6500000
CUST001389,956.19,2,0,4.6500000,,2,4.6500000
CUST086333,829.96,2,0,4.6500000,,2,4.6500000
CUST048253,912.99,2,0,4.6500000,,2,4.6500000
CUST021364,995.56,2,0,4.6500000,,2,4.6500000
CUST003642,873.56,2,0,4.6500000,,2,4.6500000
CUST193039,910.47,2,0,4.6500000,,2,4.6500000
CUST158641,934.22,2,0,4.6500000,,2,4.6500000
CUST119374,1042.42,2,0,4.6500000,,2,4.6500000
CUST199111,820.34,2,0,4.6500000,,2,4.6500000
CUST127147,940.52,2,0,4.6500000,,2,4.6500000
CUST184587,868.75,2,0,4.6500000,,2,4.6500000
CUST121920,892.88,2,0,4.6000000,,2,4.6000000
CUST004113,1022.00,2,0,4.6000000,,2,4.6000000
CUST166623,1086.07,2,0,4.6000000,,2,4.6000000
CUST085326,809.53,2,0,4.6000000,,2,4.6000000
CUST090761,865.45,2,0,4.6000000,,2,4.6000000
CUST179639,1081.84,2,0,4.6000000,,2,4.6000000
CUST120529,808.35,2,0,4.6000000,,2,4.6000000
CUST160253,873.70,2,0,4.6000000,,2,4.6000000
CUST043345,945.00,2,0,4.6000000,,2,4.6000000
CUST170657,999.47,2,0,4.6000000,,2,4.6000000
CUST091257,1184.07,2,0,4.6000000,,2,4.6000000
CUST011301,956.43,2,0,4.6000000,,2,4.6000000
CUST113280,835.47,2,0,4.6000000,,2,4.6000000
CUST135511,827.40,2,0,4.6000000,,2,4.6000000
CUST063915,902.84,2,0,4.6000000,,2,4.6000000
CUST008946,846.86,2,0,4.6000000,,2,4.6000000
CUST101056,1100.88,2,0,4.6000000,,2,4.6000000
CUST125628,848.69,2,0,4.6000000,,2,4.6000000
CUST185563,854.28,2,0,4.6000000,,2,4.6000000
CUST029289,1070.84,2,0,4.6000000,,2,4.6000000
CUST185935,1014.83,2,0,4.6000000,,2,4.6000000
CUST039367,812.15,2,0,4.6000000,,2,4.6000000
CUST189796,845.67,2,0,4.6000000,,2,4.6000000
CUST075384,824.26,2,0,4.6000000,,2,4.6000000
CUST105264,1004.73,2,0,4.6000000,,2,4.6000000
CUST175226,812.32,2,0,4.6000000,,2,4.6000000
CUST065802,837.08,2,0,4.6000000,,2,4.6000000
CUST078132,980.30,2,0,4.6000000,,2,4.6000000
CUST194102,986.89,2,0,4.6000000,,2,4.6000000
CUST165642,880.81,2,0,4.6000000,,2,4.6000000
CUST112174,883.50,2,0,4.6000000,,2,4.6000000
CUST118119,1022.56,2,0,4.6000000,,2,4.6000000
CUST044419,812.90,2,0,4.6000000,,2,4.6000000
CUST069393,1095.92,2,0,4.6000000,,2,4.6000000
CUST091960,990.02,2,0,4.6000000,,2,4.6000000
CUST148309,813.05,2,0,4.6000000,,2,4.6000000
CUST187588,817.48,2,0,4.6000000,,2,4.6000000
CUST048735,843.99,2,0,4.6000000,,2,4.6000000
CUST021834,834.07,2,0,4.6000000,,2,4.6000000
CUST160977,1213.01,2,0,4.6000000,,2,4.6000000
CUST002178,930.22,2,0,4.6000000,,2,4.6000000
CUST018936,807.90,2,0,4.6000000,,2,4.6000000
CUST015015,1007.36,2,0,4.6000000,,2,4.6000000
CUST023412,823.19,2,0,4.6000000,,2,4.6000000
CUST033721,811.18,2,0,4.6000000,,2,4.6000000
CUST019468,852.37,2,0,4.6000000,,2,4.6000000
CUST059496,1005.21,2,0,4.6000000,,2,4.6000000
CUST194821,967.13,2,0,4.6000000,,2,4.6000000
CUST087185,841.18,2,0,4.6000000,,2,4.6000000
CUST194214,926.35,2,0,4.6000000,,2,4.6000000
CUST157879,1114.70,2,0,4.6000000,,2,4.6000000
CUST078309,991.54,3,1,4.6000000,,2,4.6000000
CUST118206,913.57,2,0,4.6000000,,2,4.6000000
CUST056613,833.12,2,0,4.6000000,,2,4.6000000
CUST038194,1056.19,2,0,4.6000000,,2,4.6000000
CUST092043,933.68,2,0,4.6000000,,2,4.6000000
CUST017825,896.52,2,0,4.6000000,,2,4.6000000
CUST021786,813.06,2,0,4.6000000,,2,4.6000000
CUST063946,993.68,2,0,4.6000000,,2,4.6000000
CUST159977,1170.88,2,0,4.6000000,,2,4.6000000
CUST093718,1015.31,2,0,4.6000000,,2,4.6000000
CUST122380,880.87,2,0,4.6000000,,2,4.6000000
CUST042195,808.82,2,0,4.6000000,,2,4.6000000
CUST144742,883.48,2,0,4.6000000,,2,4.6000000
CUST182781,1011.55,2,0,4.6000000,,2,4.6000000
CUST018678,849.16,2,0,4.6000000,,2,4.6000000
CUST066498,1033.03,2,0,4.6000000,,2,4.6000000
CUST066111,990.06,2,0,4.6000000,,2,4.6000000
CUST146070,854.10,2,0,4.6000000,,2,4.6000000
CUST084049,841.99,2,0,4.6000000,,2,4.6000000
CUST078507,821.54,2,0,4.6000000,,2,4.6000000
CUST108909,822.93,2,0,4.6000000,,2,4.6000000
CUST049653,959.05,2,0,4.6000000,,2,4.6000000
CUST091511,942.59,2,0,4.6000000,,2,4.6000000
CUST191820,1001.26,3,1,4.6000000,,2,4.6000000
CUST028693,941.21,2,0,4.6000000,,2,4.6000000
CUST104873,859.28,2,0,4.6000000,,2,4.6000000
CUST094797,892.27,2,0,4.6000000,,2,4.6000000
CUST185495,971.71,2,0,4.6000000,,2,4.6000000
CUST009969,971.69,2,0,4.6000000,,2,4.6000000
CUST068271,994.89,2,0,4.6000000,,2,4.6000000
CUST126348,861.26,2,0,4.6000000,,2,4.6000000
CUST101984,907.15,2,0,4.6000000,,2,4.6000000
CUST127245,833.60,2,0,4.6000000,,2,4.6000000
CUST117196,816.02,2,0,4.6000000,,2,4.6000000
CUST191724,874.79,2,0,4.6000000,,2,4.6000000
CUST109916,1265.44,2,0,4.6000000,,2,4.6000000
CUST019529,893.69,2,0,4.6000000,,2,4.6000000
CUST177924,816.14,2,0,4.6000000,,2,4.6000000
CUST170293,888.74,2,0,4.6000000,,2,4.6000000
CUST022525,1008.25,2,0,4.6000000,,2,4.6000000
CUST030641,946.94,2,0,4.6000000,,2,4.6000000
CUST047894,969.71,2,0,4.6000000,,2,4.6000000
CUST101362,1124.89,2,0,4.6000000,,2,4.6000000
CUST129422,863.58,2,0,4.6000000,,2,4.6000000
CUST075636,823.62,2,0,4.6000000,,2,4.6000000
CUST058935,1164.10,2,0,4.6000000,,2,4.6000000
CUST058195,1004.59,2,0,4.6000000,,2,4.6000000
CUST038211,821.23,2,0,4.6000000,,2,4.6000000
CUST144131,957.64,2,0,4.6000000,,2,4.6000000
CUST018924,1161.52,2,0,4.6000000,,2,4.6000000
CUST157087,1123.10,2,0,4.6000000,,2,4.6000000
CUST076490,870.66,2,0,4.6000000,,2,4.6000000
CUST075860,855.51,2,0,4.6000000,,2,4.6000000
CUST119643,889.89,3,1,4.6000000,,2,4.6000000
CUST019404,896.53,2,0,4.6000000,,2,4.6000000
CUST027891,860.34,2,0,4.6000000,,2,4.6000000
CUST057126,848.36,2,0,4.6000000,,2,4.6000000
CUST098155,886.32,2,0,4.6000000,,2,4.6000000
CUST182743,1147.27,2,0,4.6000000,,2,4.6000000
CUST006919,830.50,2,0,4.6000000,,2,4.6000000
CUST014217,889.83,2,0,4.6000000,,2,4.6000000
CUST153054,900.64,3,1,4.6000000,,2,4.6000000
CUST017433,1341.44,2,0,4.6000000,,2,4.6000000
CUST148686,832.08,2,0,4.6000000,,2,4.6000000
CUST089137,1168.17,2,0,4.6000000,,2,4.6000000
CUST037725,822.65,2,0,4.6000000,,2,4.6000000
CUST186514,816.36,2,0,4.5500000,,2,4.5500000
CUST110513,918.69,2,0,4.5500000,,2,4.5500000
CUST113023,858.56,2,0,4.5500000,,2,4.5500000
CUST091639,822.54,2,0,4.5500000,,2,4.5500000
CUST029361,1232.32,2,0,4.5500000,,2,4.5500000
CUST131281,939.24,2,0,4.5500000,,2,4.5500000
CUST086197,1280.97,2,0,4.5500000,,2,4.5500000
CUST170197,1157.39,2,0,4.5500000,,2,4.5500000
CUST010281,1057.81,2,0,4.5500000,,2,4.5500000
CUST118560,1079.29,2,0,4.5500000,,2,4.5500000
CUST106079,966.39,2,0,4.5500000,,2,4.5500000
CUST015201,845.77,2,0,4.5500000,,2,4.5500000
CUST136800,825.29,2,0,4.5500000,,2,4.5500000
CUST034012,850.31,2,0,4.5500000,,2,4.5500000
CUST119413,1068.43,2,0,4.5500000,,2,4.5500000
CUST073831,909.48,2,0,4.5500000,,2,4.5500000
CUST011018,1265.74,2,0,4.5500000,,2,4.5500000
CUST083610,891.68,2,0,4.5500000,,2,4.5500000
CUST084017,1075.38,2,0,4.5500000,,2,4.5500000
CUST097405,987.64,2,0,4.5500000,,2,4.5500000
CUST172047,1047.27,2,0,4.5500000,,2,4.5500000
CUST182019,1194.33,2,0,4.5500000,,2,4.5500000
CUST130499,920.98,2,0,4.5500000,,2,4.5500000
CUST005137,961.17,2,0,4.5500000,,2,4.5500000
CUST103074,1105.60,2,0,4.5500000,,2,4.5500000
CUST035327,899.71,2,0,4.5500000,,2,4.5500000
CUST112746,908.30,2,0,4.5500000,,2,4.5500000
CUST038620,1186.64,2,0,4.5500000,,2,4.5500000
CUST021869,1060.03,2,0,4.5500000,,2,4.5500000
CUST174143,1013.15,2,0,4.5500000,,2,4.5500000
CUST174483,829.19,2,0,4.5500000,,2,4.5500000
CUST062065,1096.29,2,0,4.5500000,,2,4.5500000
CUST181538,960.19,2,0,4.5500000,,2,4.5500000
CUST044064,1105.67,2,0,4.5500000,,2,4.5500000
CUST000088,843.09,2,0,4.5500000,,2,4.5500000
CUST136531,849.88,2,0,4.5500000,,2,4.5500000
CUST072430,1002.62,2,0,4.5500000,,2,4.5500000
CUST048568,927.05,3,1,4.5500000,,2,4.5500000
CUST139444,812.82,2,0,4.5500000,,2,4.5500000
CUST045259,982.46,2,0,4.5500000,,2,4.5500000
CUST042016,973.64,2,0,4.5500000,,2,4.5500000
CUST111451,1176.83,2,0,4.5000000,,2,4.5000000
CUST069408,886.31,2,0,4.5000000,,2,4.5000000
CUST033348,862.28,2,0,4.5000000,,2,4.5000000
CUST198041,1000.47,2,0,4.5000000,,2,4.5000000
CUST050572,815.33,2,0,4.5000000,,2,4.5000000
CUST018705,851.84,2,0,4.5000000,,2,4.5000000
CUST155432,884.87,2,0,4.5000000,,2,4.5000000
CUST184458,1022.57,2,0,4.5000000,,2,4.5000000
CUST060446,1145.90,2,0,4.5000000,,2,4.5000000
CUST054619,1024.71,2,0,4.5000000,,2,4.5000000
CUST195617,958.97,2,0,4.5000000,,2,4.5000000
CUST098842,1002.90,2,0,4.5000000,,2,4.5000000
CUST190605,986.36,2,0,4.5000000,,2,4.5000000
CUST064145,1310.25,2,0,4.5000000,,2,4.5000000
CUST084380,942.94,2,0,4.5000000,,2,4.5000000
CUST061829,988.37,2,0,4.5000000,,2,4.5000000
CUST163156,1199.20,2,0,4.5000000,,2,4.5000000
CUST049897,992.27,2,0,4.5000000,,2,4.5000000
CUST003467,1005.12,2,0,4.5000000,,2,4.5000000
CUST175313,1059.28,2,0,4.5000000,,2,4.5000000
CUST040720,848.97,2,0,4.5000000,,2,4.5000000
CUST099691,1303.02,2,0,4.5000000,,2,4.5000000
CUST014783,1214.79,2,0,4.5000000,,2,4.5000000
CUST035342,971.10,2,0,4.5000000,,2,4.5000000
CUST130588,966.80,2,0,4.5000000,,2,4.5000000
CUST011053,1272.62,2,0,4.5000000,,2,4.5000000
CUST051563,1008.64,2,0,4.5000000,,2,4.5000000
CUST179964,901.79,2,0,4.5000000,,2,4.5000000
CUST123924,821.63,2,0,4.5000000,,2,4.5000000
CUST161665,897.02,2,0,4.5000000,,2,4.5000000
CUST111523,1145.18,2,0,4.5000000,,2,4.5000000
CUST128850,1109.47,2,0,4.5000000,,2,4.5000000
CUST139255,959.90,2,0,4.5000000,,2,4.5000000
CUST124487,836.41,2,0,4.5000000,,2,4.5000000
CUST177663,1033.52,2,0,4.5000000,,2,4.5000000
CUST198616,933.51,2,0,4.5000000,,2,4.5000000
CUST034687,858.76,2,0,4.5000000,,2,4.5000000
CUST103272,838.27,2,0,4.5000000,,2,4.5000000
CUST122501,851.54,2,0,4.5000000,,2,4.5000000
CUST148074,875.94,2,0,4.5000000,,2,4.5000000
CUST135921,1134.29,2,0,4.5000000,,2,4.5000000
CUST101904,830.55,2,0,4.5000000,,2,4.5000000
CUST103441,915.51,2,0,4.5000000,,2,4.5000000
CUST092420,880.07,2,0,4.5000000,,2,4.5000000
CUST113167,1048.00,2,0,4.5000000,,2,4.5000000
CUST056347,1231.34,3,1,4.5000000,,2,4.5000000
CUST180911,946.41,2,0,4.5000000,,2,4.5000000
CUST181110,883.96,2,0,4.5000000,,2,4.5000000
CUST026647,866.09,2,0,4.5000000,,2,4.5000000
CUST007698,818.10,2,0,4.5000000,,2,4.5000000
CUST048126,975.52,2,0,4.5000000,,2,4.5000000
CUST119425,899.42,2,0,4.5000000,,2,4.5000000
CUST147368,1081.44,2,0,4.5000000,,2,4.5000000
CUST104780,808.34,2,0,4.5000000,,2,4.5000000
CUST145158,917.43,2,0,4.5000000,,2,4.5000000
CUST132317,928.18,2,0,4.5000000,,2,4.5000000
CUST022245,878.35,2,0,4.5000000,,2,4.5000000
CUST140654,943.19,2,0,4.5000000,,2,4.5000000
CUST039060,966.87,2,0,4.5000000,,2,4.5000000
CUST021181,934.98,2,0,4.5000000,,2,4.5000000
CUST048850,866.52,2,0,4.5000000,,2,4.5000000
CUST154153,929.94,2,0,4.5000000,,2,4.5000000
CUST143220,916.49,2,0,4.5000000,,2,4.5000000
CUST145000,878.54,2,0,4.5000000,,2,4.5000000
CUST005694,836.21,2,0,4.5000000,,2,4.5000000
CUST001745,1002.43,2,0,4.5000000,,2,4.5000000
CUST197842,896.42,2,0,4.5000000,,2,4.5000000
CUST155867,826.91,2,0,4.5000000,,2,4.5000000
CUST173080,890.57,2,0,4.5000000,,2,4.5000000
CUST107757,815.70,2,0,4.5000000,,2,4.5000000
CUST056308,1033.97,2,0,4.5000000,,2,4.5000000
CUST190590,1053.79,2,0,4.5000000,,2,4.5000000
CUST120688,883.40,2,0,4.5000000,,2,4.5000000
CUST124861,868.18,2,0,4.5000000,,2,4.5000000
CUST199570,901.11,2,0,4.5000000,,2,4.5000000
CUST085055,1063.09,2,0,4.5000000,,2,4.5000000
CUST001883,1002.61,3,1,4.5000000,,2,4.5000000
CUST091730,1211.55,2,0,4.5000000,,2,4.5000000
CUST049957,822.94,2,0,4.5000000,,2,4.5000000
CUST043057,886.75,2,0,4.5000000,,2,4.5000000
CUST010958,835.23,2,0,4.5000000,,2,4.5000000
CUST118711,1241.64,2,0,4.5000000,,2,4.5000000
CUST054099,968.34,2,0,4.5000000,,2,4.5000000
CUST042830,881.01,2,0,4.5000000,,2,4.5000000
CUST088115,855.34,2,0,4.5000000,,2,4.5000000
CUST105412,896.35,2,0,4.5000000,,2,4.5000000
CUST089625,908.14,2,0,4.5000000,,2,4.5000000
CUST076343,1070.44,2,0,4.5000000,,2,4.5000000
CUST012782,838.00,2,0,4.5000000,,2,4.5000000
CUST185797,860.15,2,0,4.5000000,,2,4.5000000
CUST095302,1043.12,2,0,4.5000000,,2,4.5000000
CUST092199,883.83,2,0,4.5000000,,2,4.5000000
CUST187114,893.05,2,0,4.5000000,,2,4.5000000
CUST087616,1122.03,2,0,4.5000000,,2,4.5000000
CUST192734,981.68,2,0,4.5000000,,2,4.5000000
CUST030798,865.70,2,0,4.5000000,,2,4.5000000
CUST002567,857.97,2,0,4.5000000,,2,4.5000000
CUST088568,884.48,2,0,4.5000000,,2,4.5000000
CUST013566,1006.66,2,0,4.5000000,,2,4.5000000
CUST065187,825.33,2,0,4.5000000,,2,4.5000000
CUST161482,897.81,2,0,4.5000000,,2,4.5000000
CUST152164,842.10,2,0,4.5000000,,2,4.5000000
CUST092746,1027.59,2,0,4.5000000,,2,4.5000000
CUST145436,1002.62,2,0,4.5000000,,2,4.5000000
CUST110516,821.62,2,0,4.5000000,,2,4.5000000
CUST170578,853.47,2,0,4.5000000,,2,4.5000000
CUST134431,824.73,2,0,4.4500000,,2,4.4500000
CUST082048,869.97,2,0,4.4500000,,2,4.4500000
CUST165572,834.76,2,0,4.4500000,,2,4.4500000
CUST120474,899.30,2,0,4.4500000,,2,4.4500000
CUST024514,919.64,2,0,4.4500000,,2,4.4500000
CUST197086,978.43,2,0,4.4500000,,2,4.4500000
CUST142737,880.87,2,0,4.4500000,,2,4.4500000
CUST186931,845.26,2,0,4.4500000,,2,4.4500000
CUST049930,903.28,2,0,4.4500000,,2,4.4500000
CUST184022,889.87,2,0,4.4500000,,2,4.4500000
CUST149671,813.47,2,0,4.4500000,,2,4.4500000
CUST077969,858.73,2,0,4.4500000,,2,4.4500000
CUST018244,941.37,2,0,4.4500000,,2,4.4500000
CUST005638,1213.34,3,1,4.4500000,,2,4.4500000
CUST058536,995.02,2,0,4.4500000,,2,4.4500000
CUST127035,809.82,2,0,4.4500000,,2,4.4500000
CUST023190,972.07,2,0,4.4500000,,2,4.4500000
CUST093576,856.05,2,0,4.4500000,,2,4.4500000
CUST074186,884.19,2,0,4.4500000,,2,4.4500000
CUST125100,1114.42,2,0,4.4500000,,2,4.4500000
CUST046748,832.56,2,0,4.4000000,,2,4.4000000
CUST186757,937.46,2,0,4.4000000,,2,4.4000000
CUST164515,1002.89,2,0,4.4000000,,2,4.4000000
CUST158028,1134.91,2,0,4.4000000,,2,4.4000000
CUST176055,825.49,2,0,4.4000000,,2,4.4000000
CUST053723,848.35,2,0,4.4000000,,2,4.4000000
CUST031836,1515.71,3,1,4.4000000,,2,4.4000000
CUST088515,860.28,2,0,4.4000000,,2,4.4000000
CUST084797,1081.50,2,0,4.4000000,,2,4.4000000
CUST072750,939.12,3,1,4.4000000,,2,4.4000000
CUST005632,1544.47,2,0,4.4000000,,2,4.4000000
CUST169056,885.68,3,1,4.4000000,,2,4.4000000
CUST167647,940.90,2,0,4.4000000,,2,4.4000000
CUST170104,945.16,2,0,4.4000000,,2,4.4000000
CUST020478,1170.15,2,0,4.4000000,,2,4.4000000
CUST046243,830.25,2,0,4.4000000,,2,4.4000000
CUST177247,1121.98,2,0,4.4000000,,2,4.4000000
CUST183358,833.92,2,0,4.4000000,,2,4.4000000
CUST077648,1073.30,2,0,4.4000000,,2,4.4000000
CUST109924,816.60,2,0,4.4000000,,2,4.4000000
CUST106097,844.78,2,0,4.4000000,,2,4.4000000
CUST195849,837.15,2,0,4.4000000,,2,4.4000000
CUST164844,904.52,2,0,4.4000000,,2,4.4000000
CUST032534,997.59,2,0,4.4000000,,2,4.4000000
CUST126867,816.02,2,0,4.4000000,,2,4.4000000
CUST050883,1021.49,2,0,4.4000000,,2,4.4000000
CUST024059,820.03,2,0,4.4000000,,2,4.4000000
CUST055865,942.83,2,0,4.4000000,,2,4.4000000
CUST003874,845.07,2,0,4.4000000,,2,4.4000000
CUST078920,830.09,2,0,4.4000000,,2,4.4000000
CUST030822,1103.02,2,0,4.4000000,,2,4.4000000
CUST082252,947.70,2,0,4.4000000,,2,4.4000000
CUST102551,921.69,2,0,4.4000000,,2,4.4000000
CUST118227,826.57,2,0,4.4000000,,2,4.4000000
CUST037893,825.86,2,0,4.4000000,,2,4.4000000
CUST139328,953.77,2,0,4.4000000,,2,4.4000000
CUST118565,826.18,2,0,4.4000000,,2,4.4000000
CUST159513,926.24,2,0,4.4000000,,2,4.4000000
CUST111153,1095.69,2,0,4.4000000,,2,4.4000000
CUST163070,818.06,2,0,4.4000000,,2,4.4000000
CUST148639,872.71,2,0,4.4000000,,2,4.4000000
CUST041237,951.48,2,0,4.4000000,,2,4.4000000
CUST072117,1147.08,2,0,4.4000000,,2,4.4000000
CUST151637,1025.77,2,0,4.4000000,,2,4.4000000
CUST024380,981.03,2,0,4.4000000,,2,4.4000000
CUST097953,958.25,2,0,4.4000000,,2,4.4000000
CUST066588,1106.34,2,0,4.4000000,,2,4.4000000
CUST096906,1086.35,2,0,4.4000000,,2,4.4000000
CUST115369,920.80,2,0,4.4000000,,2,4.4000000
CUST116618,899.35,2,0,4.4000000,,2,4.4000000
CUST058124,895.28,2,0,4.4000000,,2,4.4000000
CUST153010,873.19,2,0,4.4000000,,2,4.4000000
CUST154142,970.79,2,0,4.4000000,,2,4.4000000
CUST120655,971.96,2,0,4.4000000,,2,4.4000000
CUST136593,844.94,2,0,4.4000000,,2,4.4000000
CUST002846,907.89,2,0,4.4000000,,2,4.4000000
CUST085613,888.89,2,0,4.4000000,,2,4.4000000
CUST012830,822.45,2,0,4.4000000,,2,4.4000000
CUST151684,904.94,2,0,4.4000000,,2,4.4000000
CUST120729,1061.01,2,0,4.4000000,,2,4.4000000
CUST116983,828.13,2,0,4.4000000,,2,4.4000000
CUST114638,898.04,2,0,4.4000000,,2,4.4000000
CUST022322,1044.02,2,0,4.4000000,,2,4.4000000
CUST015732,825.20,2,0,4.4000000,,2,4.4000000
CUST039901,1049.98,2,0,4.4000000,,2,4.4000000
CUST003099,849.06,2,0,4.4000000,,2,4.4000000
CUST065213,917.03,3,1,4.4000000,,2,4.4000000
CUST000388,870.22,2,0,4.4000000,,2,4.4000000
CUST194481,1039.75,2,0,4.4000000,,2,4.4000000
CUST027371,917.93,2,0,4.4000000,,2,4.4000000
CUST149729,810.82,2,0,4.4000000,,2,4.4000000
CUST173219,811.09,2,0,4.4000000,,2,4.4000000
CUST054398,972.64,2,0,4.4000000,,2,4.4000000
CUST127911,860.78,2,0,4.4000000,,2,4.4000000
CUST005205,863.19,2,0,4.4000000,,2,4.4000000
CUST060398,814.38,2,0,4.4000000,,2,4.4000000
CUST159023,885.78,2,0,4.4000000,,2,4.4000000
CUST000850,949.58,2,0,4.4000000,,2,4.4000000
CUST081098,1094.05,2,0,4.4000000,,2,4.4000000
CUST100709,923.45,2,0,4.4000000,,2,4.4000000
CUST184628,810.61,2,0,4.4000000,,2,4.4000000
CUST167402,868.77,2,0,4.4000000,,2,4.4000000
CUST113907,829.11,2,0,4.4000000,,2,4.4000000
CUST043100,822.74,2,0,4.4000000,,2,4.4000000
CUST158388,990.23,2,0,4.4000000,,2,4.4000000
CUST165598,827.56,2,0,4.4000000,,2,4.4000000
CUST081923,1257.12,2,0,4.4000000,,2,4.4000000
CUST035152,845.12,2,0,4.4000000,,2,4.4000000
CUST013445,857.67,2,0,4.4000000,,2,4.4000000
CUST078156,821.25,2,0,4.4000000,,2,4.4000000
CUST091420,927.50,2,0,4.4000000,,2,4.4000000
CUST011314,842.37,2,0,4.4000000,,2,4.4000000
CUST130746,974.92,2,0,4.4000000,,2,4.4000000
CUST064253,865.02,2,0,4.3500000,,2,4.3500000
CUST050058,821.13,2,0,4.3500000,,2,4.3500000
CUST047513,891.15,2,0,4.3500000,,2,4.3500000
CUST024190,935.14,2,0,4.3500000,,2,4.3500000
CUST166833,841.54,2,0,4.3500000,,2,4.3500000
CUST003035,1041.09,2,0,4.3500000,,2,4.3500000
CUST121512,869.62,2,0,4.3500000,,2,4.3500000
CUST151645,852.38,2,0,4.3500000,,2,4.3500000
CUST072890,985.40,2,0,4.3500000,,2,4.3500000
CUST093294,1288.84,3,1,4.3500000,,2,4.3500000
CUST124797,1052.50,2,0,4.3500000,,2,4.3500000
CUST045240,828.82,2,0,4.3500000,,2,4.3500000
CUST048828,966.68,2,0,4.3500000,,2,4.3500000
CUST021236,1058.93,2,0,4.3500000,,2,4.3500000
CUST084074,917.42,2,0,4.3500000,,2,4.3500000
CUST007906,1149.64,2,0,4.3500000,,2,4.3500000
CUST152389,940.76,2,0,4.3500000,,2,4.3500000
CUST181926,965.53,2,0,4.3500000,,2,4.3500000
CUST050993,1084.58,2,0,4.3500000,,2,4.3500000
CUST178170,1120.60,2,0,4.3500000,,2,4.3500000
CUST013383,882.41,2,0,4.3500000,,2,4.3500000
CUST176125,911.34,3,1,4.3333333,,2,4.3333333
CUST006620,997.19,2,0,4.3000000,,2,4.3000000
CUST165243,947.03,2,0,4.3000000,,2,4.3000000
CUST164528,839.59,2,0,4.3000000,,2,4.3000000
CUST028769,816.86,2,0,4.3000000,,2,4.3000000
CUST064746,844.45,2,0,4.3000000,,2,4.3000000
CUST107418,830.98,2,0,4.3000000,,2,4.3000000
CUST013645,1000.54,2,0,4.3000000,,2,4.3000000
CUST142182,875.44,2,0,4.3000000,,2,4.3000000
CUST193873,838.01,2,0,4.3000000,,2,4.3000000
CUST167904,876.84,2,0,4.3000000,,2,4.3000000
CUST018109,953.20,2,0,4.3000000,,2,4.3000000
CUST129250,829.78,2,0,4.3000000,,2,4.3000000
CUST184420,1171.54,2,0,4.3000000,,2,4.3000000
CUST076516,1070.38,2,0,4.3000000,,2,4.3000000
CUST182734,831.83,2,0,4.3000000,,2,4.3000000
CUST154315,871.81,2,0,4.3000000,,2,4.3000000
CUST084995,906.88,2,0,4.3000000,,2,4.3000000
CUST108664,1168.45,2,0,4.3000000,,2,4.3000000
CUST178099,1182.93,3,1,4.3000000,,2,4.3000000
CUST056374,815.27,2,0,4.3000000,,2,4.3000000
CUST197169,997.07,3,1,4.3000000,,2,4.3000000
CUST140987,1038.30,2,0,4.3000000,,2,4.3000000
CUST001785,928.06,2,0,4.3000000,,2,4.3000000
CUST095447,946.49,2,0,4.3000000,,2,4.3000000
CUST075718,989.23,2,0,4.3000000,,2,4.3000000
CUST000879,840.78,2,0,4.3000000,,2,4.3000000
CUST005341,844.60,2,0,4.3000000,,2,4.3000000
CUST135886,959.50,2,0,4.3000000,,2,4.3000000
CUST186487,1326.68,2,0,4.3000000,,2,4.3000000
CUST005981,820.11,2,0,4.3000000,,2,4.3000000
CUST191481,969.77,2,0,4.3000000,,2,4.3000000
CUST122182,847.45,2,0,4.3000000,,2,4.3000000
CUST194185,912.61,2,0,4.3000000,,2,4.3000000
CUST089533,861.84,2,0,4.3000000,,2,4.3000000
CUST014073,814.11,2,0,4.3000000,,2,4.3000000
CUST085559,971.04,2,0,4.3000000,,2,4.3000000
CUST005462,852.37,2,0,4.3000000,,2,4.3000000
CUST100039,867.18,2,0,4.3000000,,2,4.3000000
CUST055896,1020.31,2,0,4.3000000,,2,4.3000000
CUST073334,889.03,2,0,4.3000000,,2,4.3000000
CUST068175,1128.85,2,0,4.3000000,,2,4.3000000
CUST147335,1023.36,2,0,4.3000000,,2,4.3000000
CUST166112,1095.91,2,0,4.3000000,,2,4.3000000
CUST125660,826.03,2,0,4.3000000,,2,4.3000000
CUST197488,946.95,2,0,4.3000000,,2,4.3000000
CUST063103,848.76,2,0,4.3000000,,2,4.3000000
CUST087331,916.42,2,0,4.3000000,,2,4.3000000
CUST028471,841.30,2,0,4.3000000,,2,4.3000000
CUST036990,819.29,2,0,4.3000000,,2,4.3000000
CUST062627,842.68,2,0,4.3000000,,2,4.3000000
CUST055889,833.44,2,0,4.3000000,,2,4.3000000
CUST095731,1126.48,2,0,4.3000000,,2,4.3000000
CUST076893,1256.26,2,0,4.3000000,,2,4.3000000
CUST189617,973.84,2,0,4.3000000,,2,4.3000000
CUST183586,882.31,2,0,4.3000000,,2,4.3000000
CUST047470,867.74,2,0,4.3000000,,2,4.3000000
CUST093276,827.29,2,0,4.3000000,,2,4.3000000
CUST112574,885.78,2,0,4.3000000,,2,4.3000000
CUST088803,885.38,2,0,4.3000000,,2,4.3000000
CUST164223,936.51,2,0,4.3000000,,2,4.3000000
CUST062028,1074.63,2,0,4.3000000,,2,4.3000000
CUST025939,992.93,2,0,4.3000000,,2,4.3000000
CUST161339,1009.21,2,0,4.3000000,,2,4.3000000
CUST185123,842.75,2,0,4.3000000,,2,4.3000000
CUST039703,894.78,2,0,4.3000000,,2,4.3000000
CUST004006,969.45,2,0,4.3000000,,2,4.3000000
CUST098905,823.52,2,0,4.3000000,,2,4.3000000
CUST147345,870.65,2,0,4.3000000,,2,4.3000000
CUST067275,848.66,2,0,4.3000000,,2,4.3000000
CUST068524,1112.52,2,0,4.3000000,,2,4.3000000
CUST028600,846.64,2,0,4.2500000,,2,4.2500000
CUST194193,1084.45,2,0,4.2500000,,2,4.2500000
CUST147912,904.50,2,0,4.2500000,,2,4.2500000
CUST114992,851.87,2,0,4.2500000,,2,4.2500000
CUST137571,939.65,2,0,4.2500000,,2,4.2500000
CUST057469,1185.81,2,0,4.2500000,,2,4.2500000
CUST011786,1036.41,2,0,4.2500000,,2,4.2500000
CUST116309,979.73,2,0,4.2500000,,2,4.2500000
CUST153506,809.63,2,0,4.2500000,,2,4.2500000
CUST042273,867.38,2,0,4.2500000,,2,4.2500000
CUST116900,882.68,2,0,4.2000000,,2,4.2000000
CUST148224,830.14,2,0,4.2000000,,2,4.2000000
CUST141347,869.40,2,0,4.2000000,,2,4.2000000
CUST119068,1100.48,2,0,4.2000000,,2,4.2000000
CUST114499,818.01,2,0,4.2000000,,2,4.2000000
CUST144878,949.40,2,0,4.2000000,,2,4.2000000
CUST169096,863.43,2,0,4.2000000,,2,4.2000000
CUST036077,910.83,2,0,4.2000000,,2,4.2000000
CUST058452,897.75,2,0,4.2000000,,2,4.2000000
CUST116199,839.31,2,0,4.2000000,,2,4.2000000
CUST157891,934.15,2,0,4.2000000,,2,4.2000000
CUST193301,949.65,2,0,4.2000000,,2,4.2000000
CUST187356,858.94,2,0,4.2000000,,2,4.2000000
CUST166506,859.22,2,0,4.2000000,,2,4.2000000
CUST170253,891.83,2,0,4.2000000,,2,4.2000000
CUST128162,1074.68,2,0,4.2000000,,2,4.2000000
CUST192296,1185.25,2,0,4.2000000,,2,4.2000000
CUST118654,878.73,2,0,4.2000000,,2,4.2000000
CUST138336,890.52,2,0,4.2000000,,2,4.2000000
CUST163825,1017.19,2,0,4.2000000,,2,4.2000000
CUST176835,831.18,2,0,4.2000000,,2,4.2000000
CUST148371,818.36,3,1,4.2000000,,2,4.2000000
CUST103307,922.37,2,0,4.2000000,,2,4.2000000
CUST142113,883.61,2,0,4.2000000,,2,4.2000000
CUST019371,807.75,2,0,4.2000000,,2,4.2000000
CUST046286,895.90,2,0,4.2000000,,2,4.2000000
CUST172616,895.59,2,0,4.2000000,,2,4.2000000
CUST152498,876.43,2,0,4.2000000,,2,4.2000000
CUST085763,819.83,2,0,4.2000000,,2,4.2000000
CUST129661,905.66,2,0,4.2000000,,2,4.2000000
CUST036217,819.60,2,0,4.2000000,,2,4.2000000
CUST034720,819.40,2,0,4.2000000,,2,4.2000000
CUST169644,1164.95,2,0,4.2000000,,2,4.2000000
CUST179317,859.63,2,0,4.2000000,,2,4.2000000
CUST024666,837.07,2,0,4.2000000,,2,4.2000000
CUST018403,869.23,2,0,4.2000000,,2,4.2000000
CUST188488,890.33,2,0,4.2000000,,2,4.2000000
CUST092748,1067.26,2,0,4.2000000,,2,4.2000000
CUST124849,989.82,2,0,4.2000000,,2,4.2000000
CUST175342,834.08,2,0,4.2000000,,2,4.2000000
CUST020753,955.39,2,0,4.2000000,,2,4.2000000
CUST068416,838.54,2,0,4.2000000,,2,4.2000000
CUST157058,824.15,3,1,4.2000000,,2,4.2000000
CUST060720,1012.03,2,0,4.2000000,,2,4.2000000
CUST100740,840.34,2,0,4.2000000,,2,4.2000000
CUST042558,1003.96,2,0,4.2000000,,2,4.2000000
CUST189052,864.84,2,0,4.2000000,,2,4.2000000
CUST037974,986.43,2,0,4.2000000,,2,4.2000000
CUST138427,815.75,2,0,4.2000000,,2,4.2000000
CUST057372,829.49,2,0,4.2000000,,2,4.2000000
CUST169203,1024.22,2,0,4.2000000,,2,4.2000000
CUST160942,864.60,2,0,4.2000000,,2,4.2000000
CUST125408,1018.88,2,0,4.2000000,,2,4.2000000
CUST136388,856.15,2,0,4.2000000,,2,4.2000000
CUST108795,947.87,2,0,4.2000000,,2,4.2000000
CUST114578,999.40,2,0,4.2000000,,2,4.2000000
CUST038417,1075.88,2,0,4.2000000,,2,4.2000000
CUST120295,1096.05,2,0,4.2000000,,2,4.2000000
CUST109862,855.85,2,0,4.2000000,,2,4.2000000
CUST169330,857.30,2,0,4.2000000,,2,4.2000000
CUST112003,858.70,2,0,4.2000000,,2,4.2000000
CUST111423,1107.13,2,0,4.2000000,,2,4.2000000
CUST098626,1222.45,2,0,4.2000000,,2,4.2000000
CUST017184,1027.81,2,0,4.2000000,,2,4.2000000
CUST076496,1024.61,2,0,4.2000000,,2,4.2000000
CUST168334,882.61,2,0,4.1500000,,2,4.1500000
CUST029454,856.79,2,0,4.1500000,,2,4.1500000
CUST103474,975.52,2,0,4.1500000,,2,4.1500000
CUST031972,848.87,2,0,4.1500000,,2,4.1500000
CUST138174,857.91,2,0,4.1500000,,2,4.1500000
CUST160996,924.08,2,0,4.1500000,,2,4.1500000
CUST136358,825.37,2,0,4.1500000,,2,4.1500000
CUST084432,1085.07,2,0,4.1500000,,2,4.1500000
CUST089754,927.29,2,0,4.1500000,,2,4.1500000
CUST053475,855.07,2,0,4.1500000,,2,4.1500000
CUST008797,898.04,2,0,4.1500000,,2,4.1500000
CUST056056,827.29,2,0,4.1000000,,2,4.1000000
CUST031879,1396.24,2,0,4.1000000,,2,4.1000000
CUST108578,926.56,2,0,4.1000000,,2,4.1000000
CUST147391,1061.00,2,0,4.1000000,,2,4.1000000
CUST017396,808.56,2,0,4.1000000,,2,4.1000000
CUST058207,921.28,2,0,4.1000000,,2,4.1000000
CUST076253,1078.96,3,1,4.1000000,,2,4.1000000
CUST154045,889.84,2,0,4.1000000,,2,4.1000000
CUST100601,887.82,2,0,4.1000000,,2,4.1000000
CUST098709,924.08,2,0,4.1000000,,2,4.1000000
CUST029317,824.49,2,0,4.1000000,,2,4.1000000
CUST059732,966.00,2,0,4.1000000,,2,4.1000000
CUST134498,955.18,2,0,4.1000000,,2,4.1000000
CUST112448,825.12,2,0,4.1000000,,2,4.1000000
CUST198859,824.69,2,0,4.1000000,,2,4.1000000
CUST102384,822.55,2,0,4.1000000,,2,4.1000000
CUST188025,842.89,2,0,4.1000000,,2,4.1000000
CUST118305,927.74,2,0,4.1000000,,2,4.1000000
CUST164648,857.04,2,0,4.1000000,,2,4.1000000
CUST185628,981.85,2,0,4.1000000,,2,4.1000000
CUST114433,901.88,2,0,4.1000000,,2,4.1000000
CUST046931,1202.57,2,0,4.1000000,,2,4.1000000
CUST051958,1157.38,2,0,4.1000000,,2,4.1000000
CUST088174,1201.31,2,0,4.1000000,,2,4.1000000
CUST164393,839.09,2,0,4.1000000,,2,4.1000000
CUST093180,865.99,2,0,4.1000000,,2,4.1000000
CUST007612,990.22,2,0,4.1000000,,2,4.1000000
CUST061366,894.15,2,0,4.1000000,,2,4.1000000
CUST090055,1252.29,2,0,4.1000000,,2,4.1000000
CUST167450,926.14,2,0,4.1000000,,2,4.1000000
CUST024754,1027.05,2,0,4.1000000,,2,4.1000000
CUST142832,853.41,2,0,4.1000000,,2,4.1000000
CUST184240,822.08,2,0,4.1000000,,2,4.1000000
CUST082724,834.45,2,0,4.1000000,,2,4.1000000
CUST038067,944.78,2,0,4.1000000,,2,4.1000000
CUST119817,861.39,2,0,4.1000000,,2,4.1000000
CUST133224,1048.72,2,0,4.1000000,,2,4.1000000
CUST121240,1153.49,2,0,4.1000000,,2,4.1000000
CUST004685,817.65,2,0,4.1000000,,2,4.1000000
CUST190911,1080.32,2,0,4.1000000,,2,4.1000000
CUST191536,878.75,2,0,4.1000000,,2,4.1000000
CUST174725,861.36,2,0,4.1000000,,2,4.1000000
CUST132989,847.48,2,0,4.1000000,,2,4.1000000
CUST063490,975.31,2,0,4.1000000,,2,4.1000000
CUST079413,855.98,2,0,4.1000000,,2,4.1000000
CUST131737,890.98,2,0,4.1000000,,2,4.1000000
CUST106746,849.55,2,0,4.1000000,,2,4.1000000
CUST064945,965.31,2,0,4.1000000,,2,4.1000000
CUST129726,918.64,2,0,4.1000000,,2,4.1000000
CUST149907,1150.85,2,0,4.1000000,,2,4.1000000
CUST062783,884.82,2,0,4.1000000,,2,4.1000000
CUST043776,864.88,2,0,4.1000000,,2,4.1000000
CUST097423,912.33,2,0,4.1000000,,2,4.1000000
CUST156702,858.71,3,1,4.1000000,,2,4.1000000
CUST023041,945.94,2,0,4.1000000,,2,4.1000000
CUST070625,849.25,2,0,4.0500000,,2,4.0500000
CUST019189,984.58,2,0,4.0500000,,2,4.0500000
CUST060023,965.92,2,0,4.0000000,,2,4.0000000
CUST109688,1254.50,2,0,4.0000000,,2,4.0000000
CUST000163,931.05,2,0,4.0000000,,2,4.0000000
CUST033111,970.96,2,0,4.0000000,,2,4.0000000
CUST169212,970.02,2,0,4.0000000,,2,4.0000000
CUST003914,849.34,2,0,4.0000000,,2,4.0000000
CUST136158,1007.91,2,0,4.0000000,,2,4.0000000
CUST140994,876.30,2,0,4.0000000,,2,4.0000000
CUST079755,897.86,2,0,4.0000000,,2,4.0000000
CUST117277,1035.33,2,0,4.0000000,,2,4.0000000
CUST054813,965.82,2,0,4.0000000,,2,4.0000000
CUST044136,1096.13,2,0,4.0000000,,2,4.0000000
CUST130160,1088.82,2,0,4.0000000,,2,4.0000000
CUST131447,923.21,2,0,4.0000000,,2,4.0000000
CUST140134,1124.03,2,0,4.0000000,,2,4.0000000
CUST004299,905.24,2,0,4.0000000,,2,4.0000000
CUST051190,1125.73,2,0,4.0000000,,2,4.0000000
CUST072366,837.40,2,0,4.0000000,,2,4.0000000
CUST050947,842.41,2,0,4.0000000,,2,4.0000000
CUST151159,918.87,2,0,4.0000000,,2,4.0000000
CUST010980,938.58,2,0,4.0000000,,2,4.0000000
CUST196069,927.29,2,0,4.0000000,,2,4.0000000
CUST114515,808.82,2,0,4.0000000,,2,4.0000000
CUST079220,857.96,3,1,4.0000000,,2,4.0000000
CUST097792,945.41,2,0,4.0000000,,2,4.0000000
CUST170858,1445.83,2,0,4.0000000,,2,4.0000000
CUST148696,991.20,2,0,4.0000000,,2,4.0000000
CUST099288,988.11,2,0,4.0000000,,2,4.0000000
CUST164578,909.70,2,0,4.0000000,,2,4.0000000
CUST180906,884.55,2,0,4.0000000,,2,4.0000000
CUST144630,818.86,2,0,3.9500000,,2,3.9500000
CUST093765,905.75,2,0,3.9000000,,2,3.9000000
CUST101757,1139.70,2,0,3.9000000,,2,3.9000000
CUST014141,1223.65,2,0,3.9000000,,2,3.9000000
CUST041996,1063.80,2,0,3.9000000,,2,3.9000000
CUST075487,818.92,2,0,3.9000000,,2,3.9000000
CUST132604,1013.78,2,0,3.9000000,,2,3.9000000
CUST032300,843.31,2,0,3.9000000,,2,3.9000000
CUST050877,901.56,2,0,3.9000000,,2,3.9000000
CUST084480,892.65,2,0,3.9000000,,2,3.9000000
CUST083969,955.85,2,0,3.9000000,,2,3.9000000
CUST009813,889.30,2,0,3.9000000,,2,3.9000000
CUST052791,894.09,2,0,3.9000000,,2,3.9000000
CUST151752,808.39,2,0,3.9000000,,2,3.9000000
CUST083228,809.80,2,0,3.8000000,,2,3.8000000
CUST106407,848.29,2,0,3.8000000,,2,3.8000000
CUST196954,829.15,2,0,3.8000000,,2,3.8000000
CUST101443,900.89,2,0,3.8000000,,2,3.8000000
CUST056284,1018.03,2,0,3.8000000,,2,3.8000000
CUST068789,835.22,2,0,3.8000000,,2,3.8000000
CUST001355,940.59,2,0,3.8000000,,2,3.8000000
CUST146101,1209.19,2,0,3.8000000,,2,3.8000000
CUST047372,826.88,2,0,3.8000000,,2,3.8000000
CUST000159,894.50,2,0,3.8000000,,2,3.8000000
CUST168034,880.84,2,0,3.8000000,,2,3.8000000
CUST082654,826.12,2,0,3.8000000,,2,3.8000000
CUST068946,885.42,2,0,3.7000000,,2,3.7000000
CUST140854,984.02,2,0,3.7000000,,2,3.7000000
CUST131422,1068.31,2,0,3.7000000,,2,3.7000000
CUST153371,943.35,2,0,3.7000000,,2,3.7000000
CUST170445,848.31,2,0,3.7000000,,2,3.7000000
CUST000698,813.04,2,0,3.7000000,,2,3.7000000
CUST103599,1042.24,2,0,3.6000000,,2,3.6000000
CUST081213,1015.92,2,0,3.6000000,,2,3.6000000
CUST172160,1003.94,2,0,3.6000000,,2,3.6000000
CUST060109,829.51,2,0,3.6000000,,2,3.6000000
CUST118579,1015.69,2,0,3.5000000,,2,3.5000000
CUST169502,1307.27,2,0,3.5000000,,2,3.5000000
CUST050805,814.12,2,0,3.5000000,,2,3.5000000
CUST010115,901.88,2,0,3.5000000,,2,3.5000000
CUST085532,883.25,2,0,3.4000000,,2,3.4000000
CUST002262,823.91,2,0,3.4000000,,2,3.4000000
CUST000922,1053.97,3,1,5.0000000,3.8000000,2,1.2000000
CUST096054,1407.62,3,1,5.0000000,4.0000000,2,1.0000000
CUST150962,945.71,3,1,4.9333333,4.1000000,2,0.8333333
CUST028758,1119.55,3,1,5.0000000,4.2000000,2,0.8000000
CUST128060,1695.44,3,1,4.7000000,3.9000000,2,0.8000000
CUST166263,1257.05,3,1,5.0000000,4.3000000,2,0.7000000
CUST188511,836.07,3,1,4.9000000,4.2000000,2,0.7000000
CUST129181,901.94,3,1,4.5500000,3.9000000,2,0.6500000
CUST074868,948.88,3,1,4.7500000,4.2000000,2,0.5500000
CUST033937,1345.10,3,1,4.2500000,3.7000000,2,0.5500000
CUST111644,1366.49,3,1,5.0000000,4.5000000,2,0.5000000
CUST160317,996.38,3,1,4.5500000,4.1000000,2,0.4500000
CUST110481,1107.41,3,1,4.4500000,4.0000000,2,0.4500000
CUST060039,929.88,3,1,4.6333333,4.2000000,2,0.4333333
CUST139074,1486.70,3,1,4.6000000,4.2000000,2,0.4000000
CUST120911,951.56,3,1,4.8000000,4.5000000,2,0.3000000
CUST016920,1227.12,3,1,4.5000000,4.3000000,2,0.2000000
CUST181079,1212.00,3,1,5.0000000,4.8000000,2,0.2000000
CUST148027,1406.66,3,1,4.8500000,4.7000000,2,0.1500000
CUST082184,1050.60,3,1,4.6333333,4.6000000,2,0.0333333
CUST021133,869.98,3,1,5.0000000,5.0000000,2,0.0000000
CUST098769,1740.59,3,1,4.0000000,4.0000000,2,0.0000000
CUST030502,1109.46,3,1,4.6500000,4.7000000,2,-0.0500000
CUST132683,1642.46,3,1,4.0000000,4.1000000,2,-0.1000000
CUST178466,1026.54,3,1,4.0000000,4.4000000,2,-0.4000000
CUST128177,813.81,3,1,4.2000000,4.9000000,2,-0.7000000
CUST080476,818.56,2,1,,,1,
CUST111070,939.36,1,0,,,1,
CUST196927,861.71,1,0,,,1,
CUST000281,923.43,1,0,,,1,
CUST146114,822.16,1,0,,,1,
CUST188799,886.91,2,1,,3.9000000,1,
CUST141911,883.15,1,0,,,1,
CUST118864,864.68,1,0,,,1,
CUST024113,857.59,2,1,,4.3000000,1,
CUST049034,839.97,1,0,,,1,
CUST132347,826.88,1,0,,,1,
CUST135742,927.76,1,0,,,1,
CUST047737,936.48,1,0,,,1,
CUST036653,822.09,2,1,,,1,
CUST016635,822.52,2,1,,4.5000000,1,
CUST061844,822.31,1,0,,,1,
CUST087427,862.30,1,0,,,1,
CUST183997,870.65,1,0,,,1,
CUST040460,1025.20,2,1,,,1,
CUST147625,883.79,1,0,,,1,
CUST098999,940.53,2,1,,,1,
CUST002226,1060.55,2,1,,,1,
CUST087545,944.22,2,1,,4.6000000,1,
CUST084097,827.16,1,0,,,1,
CUST097121,854.60,2,1,,,1,
CUST062874,947.52,2,1,,,1,
CUST145479,886.32,2,1,,,1,
CUST068815,830.96,2,1,,4.7000000,1,
CUST082980,933.09,1,0,,,1,
CUST130645,862.05,2,1,,3.5000000,1,
CUST119107,811.79,1,0,,,1,
CUST130826,903.81,1,0,,,1,
CUST119367,841.30,2,1,,,1,
CUST050205,1373.15,2,1,,4.3000000,1,
CUST059329,922.26,1,0,,,1,
CUST072358,812.94,1,0,,,1,
CUST027064,823.74,1,0,,,1,
CUST011154,985.87,2,1,,,1,
CUST157824,886.80,1,0,,,1,
CUST012528,893.46,1,0,,,1,
CUST122619,849.50,2,1,,,1,
CUST026324,824.97,1,0,,,1,
CUST108532,936.28,1,0,,,1,
CUST043804,900.63,1,0,,,1,
CUST158027,810.42,2,1,,4.4000000,1,
CUST171970,919.89,1,0,,,1,
CUST047748,941.19,1,0,,,1,
CUST125213,810.82,2,1,,,1,
CUST173140,819.29,2,1,,4.4000000,1,
CUST145824,873.70,1,0,,,1,
CUST064475,943.49,1,0,,,1,
CUST056705,877.75,1,0,,,1,
CUST171099,836.24,2,1,,4.5000000,1,
CUST052497,923.92,1,0,,,1,
CUST034192,902.64,1,0,,,1,
CUST134600,810.65,1,0,,,1,
CUST019343,863.21,1,0,,,1,
CUST165446,820.43,1,0,,,1,
CUST190162,821.42,1,0,,,1,
CUST180160,907.04,1,0,,,1,
CUST090870,890.69,1,0,,,1,
CUST158431,893.05,2,1,,3.9000000,1,
CUST192786,1173.08,2,1,,,1,
CUST100894,899.60,1,0,,,1,
CUST116540,948.96,2,1,,,1,
CUST079322,821.15,1,0,,,1,
CUST025958,940.23,1,0,,,1,
CUST014508,922.77,1,0,,,1,
CUST053794,821.99,1,0,,,1,
CUST145832,841.64,1,0,,,1,
CUST073412,874.86,1,0,,,1,
CUST187459,827.21,1,0,,,1,
CUST050440,902.26,1,0,,,1,
CUST057935,848.41,1,0,,,1,
CUST146508,845.52,1,0,,,1,
CUST042770,941.92,1,0,,,1,
CUST050176,814.71,1,0,,,1,
CUST025194,867.75,2,1,,4.6000000,1,
CUST188507,926.38,1,0,,,1,
CUST102644,846.93,1,0,,,1,
CUST034996,827.86,2,1,,4.1000000,1,
CUST194175,863.04,1,0,,,1,
CUST109711,930.32,1,0,,,1,
CUST131064,854.66,2,1,,,1,
CUST117400,942.02,1,0,,,1,
CUST062907,839.46,1,0,,,1,
CUST174874,830.34,1,0,,,1,
CUST097022,855.05,1,0,,,1,
CUST140343,814.15,1,0,,,1,
CUST095794,864.12,1,0,,,1,
CUST103738,878.56,1,0,,,1,
CUST037936,829.77,2,1,,,1,
CUST017982,931.42,1,0,,,1,
CUST040552,853.07,2,1,,4.6000000,1,
CUST141264,903.68,2,1,,,1,
CUST029991,812.74,2,1,,,1,
CUST091999,1153.45,2,1,,4.3000000,1,
CUST080787,912.64,2,1,,,1,
CUST193296,815.66,2,1,,4.5000000,1,
CUST198745,920.01,1,0,,,1,
CUST143462,876.10,2,1,,4.0000000,1,
CUST026392,943.78,2,1,,4.8000000,1,
CUST198951,911.43,2,1,,,1,
CUST199846,1161.63,2,1,,,1,
CUST153147,1050.78,2,1,,,1,
CUST159241,963.77,2,1,,,1,
CUST081822,866.57,1,0,,,1,
CUST071301,1106.36,2,1,,,1,
CUST061627,840.15,1,0,,,1,
CUST193314,866.68,2,1,,4.6000000,1,
CUST145204,960.07,2,1,,,1,
CUST089596,861.11,1,0,,,1,
CUST161606,936.44,2,1,,4.2000000,1,
CUST128420,836.48,1,0,,,1,
CUST075786,870.40,1,0,,,1,
CUST184837,852.82,2,1,,4.4000000,1,
CUST120442,814.76,1,0,,,1,
CUST148658,816.06,1,0,,,1,
CUST197173,840.41,1,0,,,1,
CUST079520,858.43,2,1,,4.3000000,1,
CUST009448,865.51,1,0,,,1,
CUST060512,868.66,2,1,5.0000000,,1,5.0000000
CUST143400,851.64,2,1,5.0000000,,1,5.0000000
CUST110275,810.56,2,1,5.0000000,,1,5.0000000
CUST080238,877.68,1,0,5.0000000,,1,5.0000000
CUST089339,882.43,1,0,5.0000000,,1,5.0000000
CUST078457,925.55,1,0,5.0000000,,1,5.0000000
CUST076072,821.18,1,0,5.0000000,,1,5.0000000
CUST062527,988.97,2,1,5.0000000,,1,5.0000000
CUST131724,884.61,1,0,5.0000000,,1,5.0000000
CUST185731,926.92,1,0,5.0000000,,1,5.0000000
CUST165159,810.02,1,0,5.0000000,,1,5.0000000
CUST049552,1012.48,2,1,5.0000000,,1,5.0000000
CUST069630,927.81,1,0,5.0000000,,1,5.0000000
CUST111710,937.89,2,1,5.0000000,,1,5.0000000
CUST051234,1129.05,2,1,5.0000000,,1,5.0000000
CUST128456,950.06,2,1,5.0000000,,1,5.0000000
CUST121635,841.72,1,0,5.0000000,,1,5.0000000
CUST131245,1017.39,2,1,5.0000000,,1,5.0000000
CUST080371,922.93,2,1,4.9000000,,1,4.9000000
CUST117827,808.58,1,0,4.9000000,,1,4.9000000
CUST017831,834.26,2,1,4.9000000,,1,4.9000000
CUST009126,817.52,1,0,4.9000000,,1,4.9000000
CUST199215,938.63,1,0,4.9000000,,1,4.9000000
CUST014960,922.22,1,0,4.9000000,,1,4.9000000
CUST132204,870.26,2,1,4.9000000,,1,4.9000000
CUST062034,961.36,2,1,4.9000000,,1,4.9000000
CUST035798,859.09,2,1,4.9000000,,1,4.9000000
CUST052586,931.77,1,0,4.9000000,,1,4.9000000
CUST195538,949.15,2,1,4.9000000,,1,4.9000000
CUST023459,902.35,2,1,4.9000000,,1,4.9000000
CUST008833,835.67,1,0,4.9000000,,1,4.9000000
CUST066442,814.22,1,0,4.9000000,,1,4.9000000
CUST074901,885.25,2,1,4.9000000,,1,4.9000000
CUST126826,837.01,1,0,4.9000000,,1,4.9000000
CUST048291,861.48,2,1,4.9000000,,1,4.9000000
CUST047434,837.16,1,0,4.8000000,,1,4.8000000
CUST192001,837.61,2,1,4.8000000,,1,4.8000000
CUST041606,835.81,1,0,4.8000000,,1,4.8000000
CUST114597,827.79,1,0,4.8000000,,1,4.8000000
CUST129835,1126.74,2,1,4.8000000,,1,4.8000000
CUST065823,811.82,1,0,4.8000000,,1,4.8000000
CUST144474,920.10,1,0,4.8000000,,1,4.8000000
CUST008364,837.93,1,0,4.8000000,,1,4.8000000
CUST024422,941.90,1,0,4.8000000,,1,4.8000000
CUST152726,1040.00,2,1,4.7000000,,1,4.7000000
CUST141117,928.77,1,0,4.7000000,,1,4.7000000
CUST183511,856.04,1,0,4.7000000,,1,4.7000000
CUST099111,826.55,1,0,4.7000000,,1,4.7000000
CUST034654,1237.41,2,1,4.7000000,,1,4.7000000
CUST129289,939.03,1,0,4.7000000,,1,4.7000000
CUST155573,883.75,1,0,4.7000000,,1,4.7000000
CUST122375,1119.83,2,1,4.7000000,,1,4.7000000
CUST080585,943.51,1,0,4.7000000,,1,4.7000000
CUST193097,828.83,2,1,4.7000000,,1,4.7000000
CUST149354,913.50,2,1,4.7000000,,1,4.7000000
CUST065092,928.71,2,1,4.7000000,,1,4.7000000
CUST189318,907.95,1,0,4.7000000,,1,4.7000000
CUST068692,837.89,1,0,4.7000000,,1,4.7000000
CUST024468,934.70,1,0,4.7000000,,1,4.7000000
CUST141840,886.41,1,0,4.7000000,,1,4.7000000
CUST188118,940.01,2,1,4.7000000,,1,4.7000000
CUST145402,901.51,2,1,4.7000000,,1,4.7000000
CUST093176,1025.27,2,1,4.6500000,,1,4.6500000
CUST121366,808.02,1,0,4.6000000,,1,4.6000000
CUST096661,911.46,1,0,4.6000000,,1,4.6000000
CUST165738,829.77,1,0,4.6000000,,1,4.6000000
CUST171996,927.32,1,0,4.6000000,,1,4.6000000
CUST010372,1060.36,2,1,4.6000000,,1,4.6000000
CUST176623,836.64,1,0,4.6000000,,1,4.6000000
CUST031409,814.90,1,0,4.6000000,,1,4.6000000
CUST182455,823.26,1,0,4.6000000,,1,4.6000000
CUST063220,1069.37,2,1,4.6000000,,1,4.6000000
CUST088716,809.76,1,0,4.6000000,,1,4.6000000
CUST084308,811.70,1,0,4.6000000,,1,4.6000000
CUST153202,814.77,1,0,4.6000000,,1,4.6000000
CUST069699,937.52,1,0,4.6000000,,1,4.6000000
CUST054923,918.54,1,0,4.6000000,,1,4.6000000
CUST103159,1188.05,2,1,4.6000000,,1,4.6000000
CUST080229,963.52,2,1,4.6000000,,1,4.6000000
CUST148604,837.07,2,1,4.5500000,,1,4.5500000
CUST011006,916.17,2,1,4.5500000,,1,4.5500000
CUST179868,873.51,2,1,4.5500000,,1,4.5500000
CUST143729,884.59,2,1,4.5000000,,1,4.5000000
CUST111029,829.02,2,1,4.5000000,,1,4.5000000
CUST064074,846.23,1,0,4.5000000,,1,4.5000000
CUST182466,819.82,1,0,4.5000000,,1,4.5000000
CUST104937,944.56,1,0,4.5000000,,1,4.5000000
CUST035964,911.31,1,0,4.5000000,,1,4.5000000
CUST046095,823.00,1,0,4.5000000,,1,4.5000000
CUST158084,1292.11,2,1,4.5000000,,1,4.5000000
CUST109583,814.70,1,0,4.5000000,,1,4.5000000
CUST037927,915.74,2,1,4.5000000,,1,4.5000000
CUST028912,963.83,2,1,4.5000000,,1,4.5000000
CUST022188,1053.71,2,1,4.4500000,,1,4.4500000
CUST190328,1074.97,2,1,4.4000000,,1,4.4000000
CUST157493,923.51,1,0,4.4000000,,1,4.4000000
CUST047647,840.80,1,0,4.4000000,,1,4.4000000
CUST186457,884.41,2,1,4.4000000,,1,4.4000000
CUST101889,1209.73,2,1,4.4000000,,1,4.4000000
CUST106457,831.11,1,0,4.4000000,,1,4.4000000
CUST015387,1065.36,2,1,4.4000000,,1,4.4000000
CUST046425,907.56,2,1,4.4000000,,1,4.4000000
CUST193765,945.43,2,1,4.4000000,,1,4.4000000
CUST026938,824.11,1,0,4.4000000,,1,4.4000000
CUST081623,908.65,1,0,4.4000000,,1,4.4000000
CUST175845,896.00,1,0,4.4000000,,1,4.4000000
CUST122197,893.78,1,0,4.4000000,,1,4.4000000
CUST154093,808.03,2,1,4.4000000,,1,4.4000000
CUST153308,830.36,2,1,4.3500000,,1,4.3500000
CUST016686,910.65,2,1,4.3000000,,1,4.3000000
CUST121287,942.00,1,0,4.3000000,,1,4.3000000
CUST146882,813.32,2,1,4.3000000,,1,4.3000000
CUST021346,1030.79,2,1,4.3000000,,1,4.3000000
CUST010324,821.83,1,0,4.3000000,,1,4.3000000
CUST044568,858.86,2,1,4.2500000,,1,4.2500000
CUST018469,928.52,1,0,4.2000000,,1,4.2000000
CUST186672,851.68,1,0,4.2000000,,1,4.2000000
CUST103417,888.96,1,0,4.2000000,,1,4.2000000
CUST127242,936.56,2,1,4.2000000,,1,4.2000000
CUST074246,849.55,1,0,4.2000000,,1,4.2000000
CUST173956,842.23,2,1,4.2000000,,1,4.2000000
CUST121268,906.59,1,0,4.2000000,,1,4.2000000
CUST196728,924.99,1,0,4.2000000,,1,4.2000000
CUST082821,810.95,2,1,4.2000000,,1,4.2000000
CUST058605,885.30,2,1,4.2000000,,1,4.2000000
CUST065201,882.50,2,1,4.1500000,,1,4.1500000
CUST044494,869.69,1,0,4.1000000,,1,4.1000000
CUST132995,819.11,1,0,4.1000000,,1,4.1000000
CUST146382,834.40,1,0,4.1000000,,1,4.1000000
CUST154502,867.07,2,1,4.1000000,,1,4.1000000
CUST055516,938.19,1,0,4.1000000,,1,4.1000000
CUST184861,1104.66,2,1,4.1000000,,1,4.1000000
CUST198435,1036.02,2,1,4.1000000,,1,4.1000000
CUST194751,867.03,1,0,4.1000000,,1,4.1000000
CUST137896,849.78,1,0,4.1000000,,1,4.1000000
CUST181052,864.26,1,0,4.1000000,,1,4.1000000
CUST007118,845.39,1,0,4.1000000,,1,4.1000000
CUST198303,816.18,1,0,4.0000000,,1,4.0000000
CUST162023,943.72,1,0,4.0000000,,1,4.0000000
CUST085662,1056.58,2,1,4.0000000,,1,4.0000000
CUST099812,1053.35,2,1,4.0000000,,1,4.0000000
CUST178904,814.88,1,0,3.8000000,,1,3.8000000
CUST093331,951.81,2,1,3.6000000,,1,3.6000000
CUST030894,843.19,1,0,3.6000000,,1,3.6000000
CUST057401,1130.10,2,1,5.0000000,3.6000000,1,1.4000000
CUST162880,1090.38,2,1,4.6000000,3.4000000,1,1.2000000
CUST162513,847.97,2,1,4.9000000,3.8000000,1,1.1000000
CUST088978,822.27,2,1,5.0000000,3.9000000,1,1.1000000
CUST084425,847.71,2,1,4.6500000,3.6000000,1,1.0500000
CUST038267,832.03,2,1,5.0000000,4.0000000,1,1.0000000
CUST044349,881.36,2,1,5.0000000,4.1000000,1,0.9000000
CUST027998,1161.61,2,1,5.0000000,4.2000000,1,0.8000000
CUST076376,825.78,2,1,4.8500000,4.1000000,1,0.7500000
CUST087656,822.10,2,1,5.0000000,4.3000000,1,0.7000000
CUST046840,1092.58,2,1,4.6000000,3.9000000,1,0.7000000
CUST059866,938.66,2,1,4.8500000,4.2000000,1,0.6500000
CUST149601,948.98,2,1,4.8000000,4.2000000,1,0.6000000
CUST179266,972.80,2,1,5.0000000,4.4000000,1,0.6000000
CUST027045,931.66,2,1,5.0000000,4.4000000,1,0.6000000
CUST161650,906.89,2,1,4.8500000,4.3000000,1,0.5500000
CUST087471,922.16,2,1,4.0000000,3.5000000,1,0.5000000
CUST077054,1041.97,2,1,4.6000000,4.1000000,1,0.5000000
CUST041734,915.28,2,1,4.7000000,4.2000000,1,0.5000000
CUST088959,863.18,2,1,4.8000000,4.3000000,1,0.5000000
CUST168615,1068.66,2,1,4.6000000,4.1000000,1,0.5000000
CUST174902,1093.53,2,1,4.4000000,4.0000000,1,0.4000000
CUST154112,1208.62,2,1,4.2000000,3.8000000,1,0.4000000
CUST111584,1199.01,2,1,4.6000000,4.2000000,1,0.4000000
CUST179018,1253.60,2,1,4.6000000,4.2000000,1,0.4000000
CUST132664,993.82,2,1,4.8000000,4.4000000,1,0.4000000
CUST093798,847.12,2,1,4.9000000,4.5000000,1,0.4000000
CUST007083,890.36,2,1,4.3000000,3.9000000,1,0.4000000
CUST056366,988.76,2,1,4.5000000,4.1000000,1,0.4000000
CUST086082,857.89,2,1,4.7000000,4.3000000,1,0.4000000
CUST127239,970.08,2,1,4.8000000,4.4000000,1,0.4000000
CUST106668,832.86,2,1,4.5500000,4.2000000,1,0.3500000
CUST021284,1108.72,2,1,5.0000000,4.7000000,1,0.3000000
CUST160345,899.04,2,1,4.6000000,4.3000000,1,0.3000000
CUST109617,1056.71,3,2,4.8000000,4.5000000,1,0.3000000
CUST002127,818.66,2,1,4.5000000,4.2000000,1,0.3000000
CUST156192,860.35,2,1,4.5500000,4.3000000,1,0.2500000
CUST061065,864.71,2,1,4.7000000,4.5000000,1,0.2000000
CUST037888,848.81,2,1,4.6000000,4.4000000,1,0.2000000
CUST161187,838.30,2,1,4.8000000,4.6000000,1,0.2000000
CUST001122,1008.96,2,1,5.0000000,4.8000000,1,0.2000000
CUST007457,808.33,2,1,4.4000000,4.2000000,1,0.2000000
CUST144798,926.26,2,1,4.4500000,4.3000000,1,0.1500000
CUST191256,827.23,2,1,3.9500000,3.8000000,1,0.1500000
CUST115455,892.82,2,1,4.2500000,4.1000000,1,0.1500000
CUST007904,1033.47,2,1,4.3500000,4.2000000,1,0.1500000
CUST140858,845.59,2,1,5.0000000,4.9000000,1,0.1000000
CUST102746,840.22,2,1,4.3000000,4.2000000,1,0.1000000
CUST046670,889.00,2,1,4.7000000,4.7000000,1,0.0000000
CUST188992,923.46,2,1,4.6000000,4.6000000,1,0.0000000
CUST012341,1038.61,2,1,4.4000000,4.4000000,1,0.0000000
CUST087583,1380.76,2,1,4.1500000,4.2000000,1,-0.0500000
CUST123316,1181.55,2,1,4.4000000,4.5000000,1,-0.1000000
CUST031118,894.08,2,1,4.2000000,4.3000000,1,-0.1000000
CUST138213,1046.68,2,1,4.7000000,4.8000000,1,-0.1000000
CUST007632,865.26,2,1,4.6000000,4.8000000,1,-0.2000000
CUST064371,901.63,2,1,4.8000000,5.0000000,1,-0.2000000
CUST049333,958.20,2,1,4.4000000,4.6000000,1,-0.2000000
CUST121779,1017.71,2,1,4.5000000,4.8000000,1,-0.3000000
CUST052140,855.57,2,1,4.2000000,4.6000000,1,-0.4000000
CUST085518,1017.34,2,1,3.8000000,4.2000000,1,-0.4000000
CUST007483,846.91,2,1,4.1000000,4.5000000,1,-0.4000000
CUST021196,813.42,2,1,4.4500000,4.9000000,1,-0.4500000
CUST072945,843.46,2,1,4.1000000,4.6000000,1,-0.5000000
CUST136896,1087.63,2,1,4.0000000,4.5000000,1,-0.5000000
CUST065047,821.69,2,1,4.5000000,5.0000000,1,-0.5000000
CUST176557,866.13,2,1,4.2000000,5.0000000,1,-0.8000000
CUST111488,921.13,1,1,,,0,
CUST103267,819.56,1,1,,,0,
CUST085090,846.49,1,1,,,0,
CUST012370,812.77,1,1,,4.7000000,0,
CUST151263,839.17,1,1,,4.0000000,0,
CUST180505,844.95,1,1,,4.1000000,0,
CUST148884,854.82,1,1,,4.3000000,0,
CUST129536,942.65,1,1,,4.2000000,0,
CUST069956,846.75,2,2,,4.5000000,0,
CUST015804,813.72,1,1,5.0000000,,0,5.0000000
CUST039921,892.50,1,1,4.9000000,,0,4.9000000
CUST105155,927.05,1,1,4.9000000,,0,4.9000000
CUST130062,843.47,1,1,4.7000000,,0,4.7000000
CUST095662,924.99,1,1,4.6000000,,0,4.6000000
CUST028571,825.05,1,1,4.3000000,,0,4.3000000
CUST135800,1025.31,2,2,5.0000000,4.2500000,0,0.7500000
CUST107785,867.21,2,2,4.6500000,4.1000000,0,0.5500000
CUST199282,1460.15,2,2,4.7500000,4.3500000,0,0.4000000
CUST017996,854.36,1,1,4.8000000,4.5000000,0,0.3000000
CUST189695,940.40,1,1,4.6000000,4.4000000,0,0.2000000
CUST068598,935.63,1,1,4.3000000,4.3000000,0,0.0000000
CUST045391,810.26,1,1,3.9000000,4.1000000,0,-0.2000000
CUST163720,818.05,1,1,4.5000000,4.9000000,0,-0.4000000
CUST056323,1061.18,2,2,4.0000000,4.5000000,0,-0.5000000
CUST199192,807.68,1,2,,4.5000000,-1,
CUST146179,1041.95,2,3,4.8000000,3.8500000,-1,0.9500000
CUST092317,925.36,1,2,4.5000000,4.3000000,-1,0.2000000
